word,level,reviewType,currentOrGeneratedMeaning1,currentOrGeneratedMeaning2,currentOrGeneratedMeaning3,confidence,reviewReasons,source,decision,editedMeaning1,editedMeaning2,editedMeaning3
fax,1,existing-dictionary,noun: ファクシミリ機・電話ファクシミリ,,,low,DICTIONARY_DISAGREEMENT|LOW_CONFIDENCE|POS_MISMATCH,japanese-wordnet|ja-wiktionary,,,,
flu,1,existing-dictionary,noun: 感冒・流感,,,low,DICTIONARY_DISAGREEMENT|LOW_CONFIDENCE|POS_MISMATCH,japanese-wordnet|ja-wiktionary,,,,
gym,1,existing-dictionary,noun: 体操場・体育館,,,low,DICTIONARY_DISAGREEMENT|LOW_CONFIDENCE|POS_MISMATCH,japanese-wordnet|ja-wiktionary,,,,
manual,1,existing-dictionary,noun: 便覧・入門,,,low,AMBIGUOUS_PRIMARY_SENSE|DICTIONARY_DISAGREEMENT|LOW_CONFIDENCE|POS_MISMATCH,japanese-wordnet|ja-wiktionary,,,,
mister,1,existing-dictionary,noun: -氏,,,low,UNNATURAL_JAPANESE|LOW_CONFIDENCE,japanese-wordnet|ja-wiktionary,,,,
payable,1,existing-dictionary,noun: 買い掛け金,,,low,AMBIGUOUS_PRIMARY_SENSE|DICTIONARY_DISAGREEMENT|LOW_CONFIDENCE|POS_MISMATCH,japanese-wordnet|ja-wiktionary,,,,
sunny,1,existing-dictionary,adjective: 快活・朗ら,,,low,DICTIONARY_DISAGREEMENT|LOW_CONFIDENCE|POS_MISMATCH,japanese-wordnet|ja-wiktionary,,,,
bilingual,2,existing-dictionary,noun: バイリンガル,,,low,AMBIGUOUS_PRIMARY_SENSE|DICTIONARY_DISAGREEMENT|LOW_CONFIDENCE|POS_MISMATCH,japanese-wordnet|ja-wiktionary,,,,
bye,2,existing-dictionary,noun: 左様なら・おさらば,,,low,DICTIONARY_DISAGREEMENT|LOW_CONFIDENCE|POS_MISMATCH,japanese-wordnet|ja-wiktionary,,,,
tumor,2,existing-dictionary,noun: 腫瘍・新生物,,,low,DICTIONARY_DISAGREEMENT|LOW_CONFIDENCE|POS_MISMATCH,japanese-wordnet|ja-wiktionary,,,,
a,3,existing-dictionary,noun: ビタミンA,noun: オングストローム,noun: A型,low,AMBIGUOUS_PRIMARY_SENSE|UNNATURAL_JAPANESE|TOO_MANY_SENSES,japanese-wordnet|ja-wiktionary,,,,
about,3,existing-dictionary,adverb: 先ず・凡そ,,,low,AMBIGUOUS_PRIMARY_SENSE|DICTIONARY_DISAGREEMENT|LOW_CONFIDENCE|POS_MISMATCH,japanese-wordnet|ja-wiktionary,,,,
across,3,existing-dictionary,adverb: 横切って,,,low,AMBIGUOUS_PRIMARY_SENSE|DICTIONARY_DISAGREEMENT|LOW_CONFIDENCE|POS_MISMATCH,japanese-wordnet|ja-wiktionary,,,,
ago,3,existing-dictionary,adverb: 以前に,,,low,DICTIONARY_DISAGREEMENT|LOW_CONFIDENCE|POS_MISMATCH,japanese-wordnet|ja-wiktionary,,,,
another,3,existing-dictionary,adjective: 別個・別,,,low,AMBIGUOUS_PRIMARY_SENSE|DICTIONARY_DISAGREEMENT|LOW_CONFIDENCE|POS_MISMATCH,japanese-wordnet|ja-wiktionary,,,,
any,3,existing-dictionary,adverb: 何らか・何等か,,,low,AMBIGUOUS_PRIMARY_SENSE|DICTIONARY_DISAGREEMENT|LOW_CONFIDENCE|POS_MISMATCH,japanese-wordnet|ja-wiktionary,,,,
at,3,existing-dictionary,noun: アット,,,low,AMBIGUOUS_PRIMARY_SENSE|DICTIONARY_DISAGREEMENT|LOW_CONFIDENCE|POS_MISMATCH,japanese-wordnet|ja-wiktionary,,,,
billion,3,existing-dictionary,noun: 億兆・百萬,,,low,AMBIGUOUS_PRIMARY_SENSE|DICTIONARY_DISAGREEMENT|LOW_CONFIDENCE|POS_MISMATCH,japanese-wordnet|ja-wiktionary,,,,
but,3,existing-dictionary,adverb: 一人・僅々,,,low,AMBIGUOUS_PRIMARY_SENSE|DICTIONARY_DISAGREEMENT|LOW_CONFIDENCE|POS_MISMATCH,japanese-wordnet|ja-wiktionary,,,,
eight,3,existing-dictionary,noun: 八つ・エイト,,,low,DICTIONARY_DISAGREEMENT|LOW_CONFIDENCE|POS_MISMATCH,japanese-wordnet|ja-wiktionary,,,,
eighty,3,existing-dictionary,noun: 八十,,,low,DICTIONARY_DISAGREEMENT|LOW_CONFIDENCE|POS_MISMATCH,japanese-wordnet|ja-wiktionary,,,,
every,3,existing-dictionary,adjective: 毎,,,low,AMBIGUOUS_PRIMARY_SENSE|DICTIONARY_DISAGREEMENT|LOW_CONFIDENCE|POS_MISMATCH,japanese-wordnet|ja-wiktionary,,,,
fifty,3,existing-dictionary,noun: 五十・五拾,,,low,DICTIONARY_DISAGREEMENT|LOW_CONFIDENCE|POS_MISMATCH,japanese-wordnet|ja-wiktionary,,,,
forty,3,existing-dictionary,noun: 四十,,,low,DICTIONARY_DISAGREEMENT|LOW_CONFIDENCE|POS_MISMATCH,japanese-wordnet|ja-wiktionary,,,,
four,3,existing-dictionary,noun: 四つ・四物,,,low,DICTIONARY_DISAGREEMENT|LOW_CONFIDENCE|POS_MISMATCH,japanese-wordnet|ja-wiktionary,,,,
many,3,existing-dictionary,adjective: 多い・数多い,,,low,AMBIGUOUS_PRIMARY_SENSE|DICTIONARY_DISAGREEMENT|LOW_CONFIDENCE|POS_MISMATCH,japanese-wordnet|ja-wiktionary,,,,
minus,3,existing-dictionary,noun: 減法・マイナス,,,low,AMBIGUOUS_PRIMARY_SENSE|DICTIONARY_DISAGREEMENT|LOW_CONFIDENCE|POS_MISMATCH,japanese-wordnet|ja-wiktionary,,,,
morality,3,existing-dictionary,noun: 人倫・倫理,,,low,AMBIGUOUS_PRIMARY_SENSE|DICTIONARY_DISAGREEMENT|LOW_CONFIDENCE,japanese-wordnet|ja-wiktionary,,,,
ninety,3,existing-dictionary,noun: 九十,,,low,DICTIONARY_DISAGREEMENT|LOW_CONFIDENCE|POS_MISMATCH,japanese-wordnet|ja-wiktionary,,,,
no,3,existing-dictionary,adjective: 不,,,low,AMBIGUOUS_PRIMARY_SENSE|DICTIONARY_DISAGREEMENT|LOW_CONFIDENCE|TOO_MANY_SENSES|POS_MISMATCH,japanese-wordnet|ja-wiktionary,,,,
on,3,existing-dictionary,adverb: 先へ・前へ,,,low,AMBIGUOUS_PRIMARY_SENSE|DICTIONARY_DISAGREEMENT|LOW_CONFIDENCE|TOO_MANY_SENSES|POS_MISMATCH,japanese-wordnet|ja-wiktionary,,,,
other,3,existing-dictionary,adjective: 他し・別,,,low,AMBIGUOUS_PRIMARY_SENSE|DICTIONARY_DISAGREEMENT|LOW_CONFIDENCE|POS_MISMATCH,japanese-wordnet|ja-wiktionary,,,,
over,3,existing-dictionary,adverb: 隈なく・隈無く,,,low,AMBIGUOUS_PRIMARY_SENSE|DICTIONARY_DISAGREEMENT|LOW_CONFIDENCE|TOO_MANY_SENSES|POS_MISMATCH,japanese-wordnet|ja-wiktionary,,,,
primitive,3,existing-dictionary,adjective: 元始的・原始的,,,low,AMBIGUOUS_PRIMARY_SENSE|DICTIONARY_DISAGREEMENT|LOW_CONFIDENCE|POS_MISMATCH,japanese-wordnet|ja-wiktionary,,,,
seven,3,existing-dictionary,noun: 七つ・セブン,,,low,DICTIONARY_DISAGREEMENT|LOW_CONFIDENCE|POS_MISMATCH,japanese-wordnet|ja-wiktionary,,,,
seventy,3,existing-dictionary,noun: 七十,,,low,DICTIONARY_DISAGREEMENT|LOW_CONFIDENCE|POS_MISMATCH,japanese-wordnet|ja-wiktionary,,,,
several,3,existing-dictionary,adjective: 別々・異々,,,low,AMBIGUOUS_PRIMARY_SENSE|DICTIONARY_DISAGREEMENT|LOW_CONFIDENCE|POS_MISMATCH,japanese-wordnet|ja-wiktionary,,,,
sixty,3,existing-dictionary,noun: 六十,,,low,DICTIONARY_DISAGREEMENT|LOW_CONFIDENCE|POS_MISMATCH,japanese-wordnet|ja-wiktionary,,,,
so,3,existing-dictionary,adverb: 其は・然許,,,low,AMBIGUOUS_PRIMARY_SENSE|DICTIONARY_DISAGREEMENT|LOW_CONFIDENCE|TOO_MANY_SENSES|POS_MISMATCH,japanese-wordnet|ja-wiktionary,,,,
some,3,existing-dictionary,adjective: いくらか・幾,,,low,AMBIGUOUS_PRIMARY_SENSE|DICTIONARY_DISAGREEMENT|LOW_CONFIDENCE|POS_MISMATCH,japanese-wordnet|ja-wiktionary,,,,
such,3,existing-dictionary,adverb: 是程・此程,,,low,AMBIGUOUS_PRIMARY_SENSE|DICTIONARY_DISAGREEMENT|LOW_CONFIDENCE|POS_MISMATCH,japanese-wordnet|ja-wiktionary,,,,
ten,3,existing-dictionary,noun: テン,,,low,DICTIONARY_DISAGREEMENT|LOW_CONFIDENCE|POS_MISMATCH,japanese-wordnet|ja-wiktionary,,,,
thirteen,3,existing-dictionary,noun: 十三,,,low,DICTIONARY_DISAGREEMENT|LOW_CONFIDENCE|POS_MISMATCH,japanese-wordnet|ja-wiktionary,,,,
thirty,3,existing-dictionary,noun: 三十・三十路,,,low,DICTIONARY_DISAGREEMENT|LOW_CONFIDENCE|POS_MISMATCH,japanese-wordnet|ja-wiktionary,,,,
three,3,existing-dictionary,noun: 三つ・参,,,low,DICTIONARY_DISAGREEMENT|LOW_CONFIDENCE|POS_MISMATCH,japanese-wordnet|ja-wiktionary,,,,
trillion,3,existing-dictionary,noun: 一兆,,,low,AMBIGUOUS_PRIMARY_SENSE|DICTIONARY_DISAGREEMENT|LOW_CONFIDENCE|POS_MISMATCH,japanese-wordnet|ja-wiktionary,,,,
twelve,3,existing-dictionary,adjective: 十二の,,,low,DICTIONARY_DISAGREEMENT|LOW_CONFIDENCE|POS_MISMATCH,japanese-wordnet|ja-wiktionary,,,,
twenty,3,existing-dictionary,noun: 二十,,,low,DICTIONARY_DISAGREEMENT|LOW_CONFIDENCE|POS_MISMATCH,japanese-wordnet|ja-wiktionary,,,,
under,3,existing-dictionary,adverb: 従属して・圧倒されて,,,low,DICTIONARY_DISAGREEMENT|LOW_CONFIDENCE|TOO_MANY_SENSES|POS_MISMATCH,japanese-wordnet|ja-wiktionary,,,,
yes,3,existing-dictionary,noun: 肯定的な返答,,,low,AMBIGUOUS_PRIMARY_SENSE|DICTIONARY_DISAGREEMENT|LOW_CONFIDENCE|POS_MISMATCH,japanese-wordnet|ja-wiktionary,,,,
zero,3,existing-dictionary,noun: 皆無・絶無,noun: ゼロ・零,noun: ZERO,low,AMBIGUOUS_PRIMARY_SENSE|UNNATURAL_JAPANESE|TOO_MANY_SENSES,japanese-wordnet|ja-wiktionary,,,,
boardroom,1,missing-data-generated,noun: 役員会議室,,,medium,MISSING_JAPANESE,ai-generated-from-english-wordnet-gloss,,,,
culinary,1,missing-data-generated,adjective: 料理の,,,medium,MISSING_JAPANESE,ai-generated-from-english-wordnet-gloss,,,,
distractor,1,missing-data-insufficient,,,,,MISSING_JAPANESE,insufficient-source-data,,,,
hotline,1,missing-data-insufficient,,,,,MISSING_JAPANESE,insufficient-source-data,,,,
indoor,1,missing-data-generated,adjective: 屋内の,,,medium,MISSING_JAPANESE,ai-generated-from-english-wordnet-gloss,,,,
login,1,missing-data-insufficient,,,,,MISSING_JAPANESE,insufficient-source-data,,,,
outdoor,1,missing-data-generated,adjective: 屋外の,,,medium,MISSING_JAPANESE,ai-generated-from-english-wordnet-gloss,,,,
realtor,1,missing-data-generated,noun: 不動産業者,,,medium,MISSING_JAPANESE,ai-generated-from-english-wordnet-gloss,,,,
salesperson,1,missing-data-generated,noun: 販売員,,,medium,MISSING_JAPANESE,ai-generated-from-english-wordnet-gloss,,,,
shopper,1,missing-data-generated,noun: 買い物客,,,medium,MISSING_JAPANESE,ai-generated-from-english-wordnet-gloss,,,,
taker,1,missing-data-generated,noun: 賭けを受ける人,noun: 引き受ける人,,medium,MISSING_JAPANESE,ai-generated-from-english-wordnet-gloss,,,,
carton,2,missing-data-generated,noun: 紙箱,noun: カートン分,,medium,MISSING_JAPANESE,ai-generated-from-english-wordnet-gloss,,,,
cordless,2,missing-data-generated,adjective: コードレスの,,,medium,MISSING_JAPANESE,ai-generated-from-english-wordnet-gloss,,,,
downsize,2,missing-data-generated,verb: 縮小する,verb: 人員削減する,,medium,MISSING_JAPANESE,ai-generated-from-english-wordnet-gloss,,,,
flextime,2,missing-data-insufficient,,,,,MISSING_JAPANESE,insufficient-source-data,,,,
fundraise,2,missing-data-generated,verb: 資金を集める,,,medium,MISSING_JAPANESE,ai-generated-from-english-wordnet-gloss,,,,
healthcare,2,missing-data-generated,noun: 医療,,,medium,MISSING_JAPANESE,ai-generated-from-english-wordnet-gloss,,,,
homemade,2,missing-data-generated,adjective: 自家製の,,,medium,MISSING_JAPANESE,ai-generated-from-english-wordnet-gloss,,,,
housekeep,2,missing-data-generated,verb: 家事をする,,,medium,MISSING_JAPANESE,ai-generated-from-english-wordnet-gloss,,,,
jeans,2,missing-data-insufficient,,,,,MISSING_JAPANESE,insufficient-source-data,,,,
lateral,2,missing-data-generated,adjective: 側面の,adjective: 側方の,,medium,MISSING_JAPANESE,ai-generated-from-english-wordnet-gloss,,,,
lifeguard,2,missing-data-generated,noun: ライフガード,,,medium,MISSING_JAPANESE,ai-generated-from-english-wordnet-gloss,,,,
longitudinal,2,missing-data-generated,adjective: 長期的な,adjective: 縦方向の,adjective: 経度の,medium,MISSING_JAPANESE,ai-generated-from-english-wordnet-gloss,,,,
non,2,missing-data-generated,adverb: 非,,,low,MISSING_JAPANESE,ai-generated-from-english-wordnet-gloss,,,,
nonlinear,2,missing-data-generated,adjective: 非線形の,,,medium,MISSING_JAPANESE,ai-generated-from-english-wordnet-gloss,,,,
overcrowd,2,missing-data-generated,verb: 混み合う,verb: 混雑させる,,medium,MISSING_JAPANESE,ai-generated-from-english-wordnet-gloss,,,,
pre,2,missing-data-insufficient,,,,,MISSING_JAPANESE,insufficient-source-data,,,,
prestigious,2,missing-data-generated,adjective: 名声のある,adjective: 一流の,,medium,MISSING_JAPANESE,ai-generated-from-english-wordnet-gloss,,,,
psychiatric,2,missing-data-generated,adjective: 精神医学の,,,medium,MISSING_JAPANESE,ai-generated-from-english-wordnet-gloss,,,,
redecorate,2,missing-data-generated,verb: 模様替えする,verb: 改装する,,medium,MISSING_JAPANESE,ai-generated-from-english-wordnet-gloss,,,,
redesign,2,missing-data-generated,verb: 再設計する,,,medium,MISSING_JAPANESE,ai-generated-from-english-wordnet-gloss,,,,
refundable,2,missing-data-insufficient,,,,,MISSING_JAPANESE,insufficient-source-data,,,,
repairperson,2,missing-data-insufficient,,,,,MISSING_JAPANESE,insufficient-source-data,,,,
revolutionize,2,missing-data-generated,verb: 革命的に変える,,,medium,MISSING_JAPANESE,ai-generated-from-english-wordnet-gloss,,,,
salespeople,2,missing-data-insufficient,,,,,MISSING_JAPANESE,insufficient-source-data,,,,
steak,2,missing-data-generated,noun: ステーキ,,,medium,MISSING_JAPANESE,ai-generated-from-english-wordnet-gloss,,,,
syntactic,2,missing-data-generated,adjective: 構文の,,,medium,MISSING_JAPANESE,ai-generated-from-english-wordnet-gloss,,,,
variability,2,missing-data-generated,noun: 変動性,noun: 可変性,,medium,MISSING_JAPANESE,ai-generated-from-english-wordnet-gloss,,,,
videoconference,2,missing-data-insufficient,,,,,MISSING_JAPANESE,insufficient-source-data,,,,
among,3,missing-data-insufficient,,,,,MISSING_JAPANESE,insufficient-source-data,,,,
amongst,3,missing-data-insufficient,,,,,MISSING_JAPANESE,insufficient-source-data,,,,
because,3,missing-data-insufficient,,,,,MISSING_JAPANESE,insufficient-source-data,,,,
circa,3,missing-data-insufficient,,,,,MISSING_JAPANESE,insufficient-source-data,,,,
communicative,3,missing-data-generated,adjective: 伝達の,adjective: コミュニケーションの,,medium,MISSING_JAPANESE,ai-generated-from-english-wordnet-gloss,,,,
could,3,missing-data-insufficient,,,,,MISSING_JAPANESE,insufficient-source-data,,,,
during,3,missing-data-insufficient,,,,,MISSING_JAPANESE,insufficient-source-data,,,,
into,3,missing-data-insufficient,,,,,MISSING_JAPANESE,insufficient-source-data,,,,
multi,3,missing-data-insufficient,,,,,MISSING_JAPANESE,insufficient-source-data,,,,
neo,3,missing-data-generated,adjective: 新しい,,,low,MISSING_JAPANESE,ai-generated-from-english-wordnet-gloss,,,,
practitioner,3,missing-data-generated,noun: 実務者,noun: 開業医,,medium,MISSING_JAPANESE,ai-generated-from-english-wordnet-gloss,,,,
sensory,3,missing-data-generated,adjective: 感覚の,adjective: 知覚の,,medium,MISSING_JAPANESE,ai-generated-from-english-wordnet-gloss,,,,
than,3,missing-data-insufficient,,,,,MISSING_JAPANESE,insufficient-source-data,,,,
toward,3,missing-data-insufficient,,,,,MISSING_JAPANESE,insufficient-source-data,,,,
trans,3,missing-data-insufficient,,,,,MISSING_JAPANESE,insufficient-source-data,,,,
until,3,missing-data-insufficient,,,,,MISSING_JAPANESE,insufficient-source-data,,,,
whereby,3,missing-data-insufficient,,,,,MISSING_JAPANESE,insufficient-source-data,,,,
whether,3,missing-data-insufficient,,,,,MISSING_JAPANESE,insufficient-source-data,,,,
