word,level,englishPOS,englishDefinition1,englishDefinition2,englishDefinition3,generatedJapanese1,generatedJapanese2,generatedJapanese3,generationConfidence,source,notes,decision
boardroom,1,noun,a room where a committee meets (such as the board of directors of a company),,,noun: 役員会議室,,,medium,ai-generated-from-english-wordnet-gloss,AI-generated Japanese candidates from English WordNet gloss only; human review is required before use.,
culinary,1,adjective,of or relating to or used in cooking,,,adjective: 料理の,,,medium,ai-generated-from-english-wordnet-gloss,AI-generated Japanese candidates from English WordNet gloss only; human review is required before use.,
distractor,1,,,,,,,,,insufficient-source-data,"No sufficient English WordNet definition was available in the local data, or no safe AI candidate was prepared.",
hotline,1,,,,,,,,,insufficient-source-data,"No sufficient English WordNet definition was available in the local data, or no safe AI candidate was prepared.",
indoor,1,adjective,within doors,"within doors; ""an indoor setting""","located, suited for, or taking place within a building",adjective: 屋内の,,,medium,ai-generated-from-english-wordnet-gloss,AI-generated Japanese candidates from English WordNet gloss only; human review is required before use.,
login,1,,,,,,,,,insufficient-source-data,"No sufficient English WordNet definition was available in the local data, or no safe AI candidate was prepared.",
outdoor,1,adjective,"located, suited for, or taking place in the open air","located, suited for, or taking place in the open air; ""outdoor clothes""; ""badminton and other outdoor games""; ""a beautiful outdoor setting for the wedding""",pertaining to or concerning the outdoors or outdoor activities,adjective: 屋外の,,,medium,ai-generated-from-english-wordnet-gloss,AI-generated Japanese candidates from English WordNet gloss only; human review is required before use.,
realtor,1,noun,a real estate agent who is a member of the National Association of Realtors,,,noun: 不動産業者,,,medium,ai-generated-from-english-wordnet-gloss,AI-generated Japanese candidates from English WordNet gloss only; human review is required before use.,
salesperson,1,noun,a person employed to represent a business and to sell its merchandise (as to customers in a store or to customers who are visited),,,noun: 販売員,,,medium,ai-generated-from-english-wordnet-gloss,AI-generated Japanese candidates from English WordNet gloss only; human review is required before use.,
shopper,1,noun,someone who visits stores in search of articles to buy,a commercial agent who shops at the competitor's store in order to compare their prices and merchandise with those of the store that employs her,,noun: 買い物客,,,medium,ai-generated-from-english-wordnet-gloss,AI-generated Japanese candidates from English WordNet gloss only; human review is required before use.,
taker,1,noun,one who takes a bet or wager,one who accepts an offer,,noun: 賭けを受ける人,noun: 引き受ける人,,medium,ai-generated-from-english-wordnet-gloss,AI-generated Japanese candidates from English WordNet gloss only; human review is required before use.,
carton,2,noun,a box made of cardboard,a box made of cardboard; opens by flaps on top,opens by flaps on top,noun: 紙箱,noun: カートン分,,medium,ai-generated-from-english-wordnet-gloss,AI-generated Japanese candidates from English WordNet gloss only; human review is required before use.,
cordless,2,adjective,not having a cord,"not having a cord; ""cordless telephone""",,adjective: コードレスの,,,medium,ai-generated-from-english-wordnet-gloss,AI-generated Japanese candidates from English WordNet gloss only; human review is required before use.,
downsize,2,verb,reduce in size or number,"reduce in size or number; ""the company downsized its research staff""",make in a smaller size,verb: 縮小する,verb: 人員削減する,,medium,ai-generated-from-english-wordnet-gloss,AI-generated Japanese candidates from English WordNet gloss only; human review is required before use.,
flextime,2,,,,,,,,,insufficient-source-data,"No sufficient English WordNet definition was available in the local data, or no safe AI candidate was prepared.",
fundraise,2,verb,raise money for a cause or project,"raise money for a cause or project; ""We are fundraising for AIDS research""",,verb: 資金を集める,,,medium,ai-generated-from-english-wordnet-gloss,AI-generated Japanese candidates from English WordNet gloss only; human review is required before use.,
healthcare,2,noun,the preservation of mental and physical health by preventing or treating illness through services offered by the health profession,,,noun: 医療,,,medium,ai-generated-from-english-wordnet-gloss,AI-generated Japanese candidates from English WordNet gloss only; human review is required before use.,
homemade,2,adjective,made or produced in the home or by yourself,"made or produced in the home or by yourself; ""homemade bread""",,adjective: 自家製の,,,medium,ai-generated-from-english-wordnet-gloss,AI-generated Japanese candidates from English WordNet gloss only; human review is required before use.,
housekeep,2,verb,maintain a household,maintain a household; take care of all business related to a household,take care of all business related to a household,verb: 家事をする,,,medium,ai-generated-from-english-wordnet-gloss,AI-generated Japanese candidates from English WordNet gloss only; human review is required before use.,
jeans,2,,,,,,,,,insufficient-source-data,"No sufficient English WordNet definition was available in the local data, or no safe AI candidate was prepared.",
lateral,2,noun|adjective,a pass to a receiver upfield from the passer,lying away from the median and sagittal plane of a body,"lying away from the median and sagittal plane of a body; ""lateral lemniscus""",adjective: 側面の,adjective: 側方の,,medium,ai-generated-from-english-wordnet-gloss,AI-generated Japanese candidates from English WordNet gloss only; human review is required before use.,
lifeguard,2,noun,an attendant employed at a beach or pool to protect swimmers from accidents,,,noun: ライフガード,,,medium,ai-generated-from-english-wordnet-gloss,AI-generated Japanese candidates from English WordNet gloss only; human review is required before use.,
longitudinal,2,adjective,over an extended time,"over an extended time; ""a longitudinal study of twins""",running lengthwise,adjective: 長期的な,adjective: 縦方向の,adjective: 経度の,medium,ai-generated-from-english-wordnet-gloss,AI-generated Japanese candidates from English WordNet gloss only; human review is required before use.,
non,2,adverb,negation of a word or group of words,"negation of a word or group of words; ""he does not speak French""; ""she is not going""; ""they are not friends""; ""not many""; ""not much""; ""not at all""",,adverb: 非,,,low,ai-generated-from-english-wordnet-gloss,AI-generated Japanese candidates from English WordNet gloss only; human review is required before use.,
nonlinear,2,adjective,designating or involving an equation whose terms are not of the first degree,,,adjective: 非線形の,,,medium,ai-generated-from-english-wordnet-gloss,AI-generated Japanese candidates from English WordNet gloss only; human review is required before use.,
overcrowd,2,verb,crowd together too much,cause to crowd together too much,"cause to crowd together too much; ""The students overcrowded the cafeteria""",verb: 混み合う,verb: 混雑させる,,medium,ai-generated-from-english-wordnet-gloss,AI-generated Japanese candidates from English WordNet gloss only; human review is required before use.,
pre,2,,,,,,,,,insufficient-source-data,"No sufficient English WordNet definition was available in the local data, or no safe AI candidate was prepared.",
prestigious,2,adjective,exerting influence by reason of high status or prestige,"exerting influence by reason of high status or prestige; ""a prestigious professor at a prestigious university""",having an illustrious reputation,adjective: 名声のある,adjective: 一流の,,medium,ai-generated-from-english-wordnet-gloss,AI-generated Japanese candidates from English WordNet gloss only; human review is required before use.,
psychiatric,2,adjective,relating to or used in or engaged in the practice of psychiatry,"relating to or used in or engaged in the practice of psychiatry; ""psychiatric disorder""; ""psychiatric hospital""",,adjective: 精神医学の,,,medium,ai-generated-from-english-wordnet-gloss,AI-generated Japanese candidates from English WordNet gloss only; human review is required before use.,
redecorate,2,verb,redo the decoration of an apartment or house,,,verb: 模様替えする,verb: 改装する,,medium,ai-generated-from-english-wordnet-gloss,AI-generated Japanese candidates from English WordNet gloss only; human review is required before use.,
redesign,2,verb,"design anew, make a new design for",,,verb: 再設計する,,,medium,ai-generated-from-english-wordnet-gloss,AI-generated Japanese candidates from English WordNet gloss only; human review is required before use.,
refundable,2,,,,,,,,,insufficient-source-data,"No sufficient English WordNet definition was available in the local data, or no safe AI candidate was prepared.",
repairperson,2,,,,,,,,,insufficient-source-data,"No sufficient English WordNet definition was available in the local data, or no safe AI candidate was prepared.",
revolutionize,2,verb,change radically,"change radically; ""E-mail revolutionized communication in academe""",fill with revolutionary ideas,verb: 革命的に変える,,,medium,ai-generated-from-english-wordnet-gloss,AI-generated Japanese candidates from English WordNet gloss only; human review is required before use.,
salespeople,2,,,,,,,,,insufficient-source-data,"No sufficient English WordNet definition was available in the local data, or no safe AI candidate was prepared.",
steak,2,noun,a slice of meat cut from the fleshy part of an animal or large fish,,,noun: ステーキ,,,medium,ai-generated-from-english-wordnet-gloss,AI-generated Japanese candidates from English WordNet gloss only; human review is required before use.,
syntactic,2,adjective,of or relating to or conforming to the rules of syntax,"of or relating to or conforming to the rules of syntax; ""the syntactic rules of a language""",,adjective: 構文の,,,medium,ai-generated-from-english-wordnet-gloss,AI-generated Japanese candidates from English WordNet gloss only; human review is required before use.,
variability,2,noun,the quality of being subject to variation,the quality of being uneven and lacking uniformity,,noun: 変動性,noun: 可変性,,medium,ai-generated-from-english-wordnet-gloss,AI-generated Japanese candidates from English WordNet gloss only; human review is required before use.,
videoconference,2,,,,,,,,,insufficient-source-data,"No sufficient English WordNet definition was available in the local data, or no safe AI candidate was prepared.",
among,3,,,,,,,,,insufficient-source-data,"No sufficient English WordNet definition was available in the local data, or no safe AI candidate was prepared.",
amongst,3,,,,,,,,,insufficient-source-data,"No sufficient English WordNet definition was available in the local data, or no safe AI candidate was prepared.",
because,3,,,,,,,,,insufficient-source-data,"No sufficient English WordNet definition was available in the local data, or no safe AI candidate was prepared.",
circa,3,,,,,,,,,insufficient-source-data,"No sufficient English WordNet definition was available in the local data, or no safe AI candidate was prepared.",
communicative,3,adjective,able or tending to communicate,"able or tending to communicate; ""was a communicative person and quickly told all she knew""- W.M.Thackeray",of or relating to communication,adjective: 伝達の,adjective: コミュニケーションの,,medium,ai-generated-from-english-wordnet-gloss,AI-generated Japanese candidates from English WordNet gloss only; human review is required before use.,
could,3,,,,,,,,,insufficient-source-data,"No sufficient English WordNet definition was available in the local data, or no safe AI candidate was prepared.",
during,3,,,,,,,,,insufficient-source-data,"No sufficient English WordNet definition was available in the local data, or no safe AI candidate was prepared.",
into,3,,,,,,,,,insufficient-source-data,"No sufficient English WordNet definition was available in the local data, or no safe AI candidate was prepared.",
multi,3,,,,,,,,,insufficient-source-data,"No sufficient English WordNet definition was available in the local data, or no safe AI candidate was prepared.",
neo,3,adjective,"(used as a combining form) recent or new; ""`neo' is a combining form in words like `neocolonialism'""",recent or new,,adjective: 新しい,,,low,ai-generated-from-english-wordnet-gloss,AI-generated Japanese candidates from English WordNet gloss only; human review is required before use.,
practitioner,3,noun,someone who practices a learned profession,,,noun: 実務者,noun: 開業医,,medium,ai-generated-from-english-wordnet-gloss,AI-generated Japanese candidates from English WordNet gloss only; human review is required before use.,
sensory,3,adjective,of a nerve fiber or impulse originating outside and passing toward the central nervous system,"of a nerve fiber or impulse originating outside and passing toward the central nervous system; ""sensory neurons""",involving or derived from the senses,adjective: 感覚の,adjective: 知覚の,,medium,ai-generated-from-english-wordnet-gloss,AI-generated Japanese candidates from English WordNet gloss only; human review is required before use.,
than,3,,,,,,,,,insufficient-source-data,"No sufficient English WordNet definition was available in the local data, or no safe AI candidate was prepared.",
toward,3,,,,,,,,,insufficient-source-data,"No sufficient English WordNet definition was available in the local data, or no safe AI candidate was prepared.",
trans,3,,,,,,,,,insufficient-source-data,"No sufficient English WordNet definition was available in the local data, or no safe AI candidate was prepared.",
until,3,,,,,,,,,insufficient-source-data,"No sufficient English WordNet definition was available in the local data, or no safe AI candidate was prepared.",
whereby,3,,,,,,,,,insufficient-source-data,"No sufficient English WordNet definition was available in the local data, or no safe AI candidate was prepared.",
whether,3,,,,,,,,,insufficient-source-data,"No sufficient English WordNet definition was available in the local data, or no safe AI candidate was prepared.",
