word,level,currentPrimaryMeaning1,currentPrimaryMeaning2,currentPrimaryMeaning3,wordConfidence,reviewReasons,wordnetPOS,wordnetJapaneseLemmas,wordnetGlosses,wordnetSenseRank,wordnetTagCount,wiktionaryPOS,wiktionaryJapaneseMeanings,wiktionarySenseOrder,recommendedAction
fax,1,noun: ファクシミリ機・電話ファクシミリ,,,low,DICTIONARY_DISAGREEMENT|LOW_CONFIDENCE|POS_MISMATCH,verb|noun,ファクシミリ|ファクシミリ機|ファクス|ファックス|電話ファクシミリ,ファックスによって何かを送る|電信や無線を使ってコピーを送信する複写機,01007676-v:0|03316105-n:0,01007676-v:0|03316105-n:0,abbreviation,facsimileの短縮語。,abbreviation:1,CHOOSE_FROM_CANDIDATES
flu,1,noun: 感冒・流感,,,low,DICTIONARY_DISAGREEMENT|LOW_CONFIDENCE|POS_MISMATCH,noun,はやり風邪|インフルエンザ|感冒|流感|流行かぜ|流行性感冒|流行風邪,非常に感染力の強い急性のウィルス性熱病,14122497-n:0,14122497-n:2,abbreviation,influenza の略。,abbreviation:1,CHOOSE_FROM_CANDIDATES
gym,1,noun: 体操場・体育館,,,low,DICTIONARY_DISAGREEMENT|LOW_CONFIDENCE|POS_MISMATCH,noun,アスレチッククラブ|ジム|体操場|体育館,スポーツやトレーニングの設備が揃った運動施設,03472112-n:0,03472112-n:4,abbreviation,ジム。|gymnasiumの略。|gymnasticsの略。,abbreviation:1|abbreviation:2|abbreviation:3,CHOOSE_FROM_CANDIDATES
manual,1,noun: 便覧・入門,,,low,AMBIGUOUS_PRIMARY_SENSE|DICTIONARY_DISAGREEMENT|LOW_CONFIDENCE|POS_MISMATCH,adjective|noun,ハウツー物|マニュアル|便覧|入門|入門書|取り扱い説明書|取扱説明書|宝典|実用書|必携|手びき|手ほどき|手引|手引き|手引き書|手引書|手解|手解き|提要|撮要|教則本|教本|約説|要覧|解説書|説明書,人間の努力を必要とする|銃を取り扱う際の定められた方法|肉体労働をする、または、肉体労働を必要とする|手に関するまたはそれの|小さなハンドブック,00182843-a:0|00895135-n:0|02557023-a:0|02759190-a:0|06421685-n:0,00182843-a:0|00895135-n:0|02557023-a:0|02759190-a:0|06421685-n:2,adjective|noun,手の。|手動の。|小型の。|自転車で、ペダルの勢いを利用せず、前輪を持ち上げる技術。|マニュアル、取扱説明書、手引き。|手鍵盤。|手動変速機、マニュアル・トランスミッション、マニュアル。|マニュアル車。,adjective:1|adjective:2|adjective:3|noun:4|noun:5|noun:6|noun:7|noun:8,CHOOSE_FROM_CANDIDATES
mister,1,noun: -氏,,,low,UNNATURAL_JAPANESE|LOW_CONFIDENCE,noun,-氏,男性のための敬称,06341340-n:0,06341340-n:2,,,,EXCLUDE_WORD
payable,1,noun: 買い掛け金,,,low,AMBIGUOUS_PRIMARY_SENSE|DICTIONARY_DISAGREEMENT|LOW_CONFIDENCE|POS_MISMATCH,adjective|noun,買い掛け金,特に定められた支払いを条件として、または特に定められた支払いを求めるさま|信用貸しで購入した財貨とサービスでいくら借りているかを示す負債勘定,00136884-a:0|14490801-n:0,00136884-a:2|14490801-n:0,adjective|noun,支払うべきで、支払い満期の。|支払われるべきで。|支払い可能な。支払える。|採算の取れる。|支払の責務。,adjective:1|adjective:2|adjective:3|adjective:4|noun:5,CHOOSE_FROM_CANDIDATES
sunny,1,adjective: 快活・朗ら,,,low,DICTIONARY_DISAGREEMENT|LOW_CONFIDENCE|POS_MISMATCH,adjective,ご機嫌|上きげん|上機嫌|御機嫌|快活|朗ら|朗らか,明るくて楽しい|元気な感覚を促進すること,00363938-a:0,00363938-a:2,noun,はれ、晴れ、良い天気。,noun:1,CHOOSE_FROM_CANDIDATES
bilingual,2,noun: バイリンガル,,,low,AMBIGUOUS_PRIMARY_SENSE|DICTIONARY_DISAGREEMENT|LOW_CONFIDENCE|POS_MISMATCH,adjective|noun,バイリンガル,2つの言語を使うか、知っているさま|2つの言語を流暢に話す人,01545777-a:0|09854290-n:0,01545777-a:1|09854290-n:0,adjective|noun,二言語を話す、バイリンガルの|二言語による|二言語を話す人,adjective:1|adjective:2|noun:3,CHOOSE_FROM_CANDIDATES
bye,2,noun: 左様なら・おさらば,,,low,DICTIONARY_DISAGREEMENT|LOW_CONFIDENCE|POS_MISMATCH,noun,おさらば|オールボアール|左様なら|パス,別れのことば|対戦することなくトーナメントの次のラウンドに進出する,06629610-n:0|07176499-n:0,06629610-n:0|07176499-n:0,interjection,さようなら。,interjection:1,CHOOSE_FROM_CANDIDATES
tumor,2,noun: 腫瘍・新生物,,,low,DICTIONARY_DISAGREEMENT|LOW_CONFIDENCE|POS_MISMATCH,noun,新生物|腫瘍,何の役にも立たない、異常な新しい組織の塊,14235200-n:0,14235200-n:18,proper noun,腫瘍。,proper noun:1,CHOOSE_FROM_CANDIDATES
a,3,noun: ビタミンA,noun: オングストローム,noun: A型,low,AMBIGUOUS_PRIMARY_SENSE|UNNATURAL_JAPANESE|TOO_MANY_SENSES,noun,A型|A|アンペア|a|オングストローム|アデニン|ビタミンA,赤血球にA抗原を持つ血液型|ローマ字の最初の文字|国際単位系の元で採用された電流の基礎単位|メートル法の長さで、1メートルの100億分の1（または0.0001ミクロン）と等しい|電磁放射の波長を記すのに使われる|DNAおよびRNAに存在するプリン基|DNAのチミンおよびRNAのウラシルと対を成す|DNAを造る際に使われる4つのヌクレオチドのうちの1つ|4つのヌクレオチドすべてに、一般的なリン酸基と砂糖（リボース）がある|正常な視力に必須な、脂溶性の数種のビタミンの総称|夜盲症や、目の炎症、乾燥を防ぐ,05400860-n:0|06831177-n:0|13637376-n:0|13658027-n:0|14706889-n:0|14829565-n:0|15089803-n:0,05400860-n:0|06831177-n:0|13637376-n:0|13658027-n:7|14706889-n:0|14829565-n:0|15089803-n:6,noun|article|preposition|pronoun|verb,"aという文字。|aという(文字が表す)音。|a字形のもの。|第1番目のもの。|1つの。|(名詞の前に付け、初出の名詞や漠然とものを指して)ある。1つの。|1つの。(""one""より強調具合が弱まる)|(総称して) というもの (""any""より強調具合が弱まる)|同じ。 (ことわざ以外では用いられず、ふつう""same""を用いる)|~につき。(per)(この用法は前置詞とみなす考えもある)|(ひとつの数量; 訳出しない)|(数量詞に前置される""a"")|(不可算名詞について、a piece ofなどの代替とする)|〜と(とか)いう人。 (よく知らない人に対して用いられる)|(家族などの)一員。|(形容詞など修飾語を伴って)〜な国、街、人。|(人名など固有名詞に付けて)~の製品、作品。|(a+形容詞(extra, scant, triflingなど程度などを付加するもの)+2以上の数詞+複数名詞; 訳出しない)|少しの、(試しの)1回。|""from""に同じ。|(先行する名詞につけて) ""of""に同じ。|""in"", ""on"", ""at""に同じ。|""it"", ""he"", ""him"", ""she"", ""her"", ""they"", ""them"", ""I""に同じ。|(前の助動詞につけて) ""have""に同じ。",noun:1|noun:2|noun:3|noun:4|article:5|article:6|article:7|article:8|article:9|article:10|article:11|article:12|article:13|article:14|article:15|article:16|article:17|article:18|article:19|preposition:20|preposition:21|preposition:22|pronoun:23|verb:24,EXCLUDE_WORD
about,3,adverb: 先ず・凡そ,,,low,AMBIGUOUS_PRIMARY_SENSE|DICTIONARY_DISAGREEMENT|LOW_CONFIDENCE|POS_MISMATCH,adverb|adjective,おおよそ|およそ|かれこれ|ざっと|ほとんど|ほぼ|先ず|凡|凡そ|大凡|殆ど|無慮|略|粗々|粗粗|約|近くに|あたりに|あちこちと|ほうぼう|ふらふら|ほうぼうに|あらまし|おさおさ|九分どおり|九分通|九分通り|殆|交替に|順番に,（量について）不正確であるがとても正確に近い|進行中の|地域または近所で|あたり一面に、または、あらゆる面に|反対の位置または方向の、もしくは反対の位置または方向に|多方向へ、特別な方向なしに動くことに使用される|（行動または状態について）少し足りない、または、完全に終わっていない|ほとんど|交代で、あるいは連続して,00007015-r:0|00032358-a:0|00071165-r:0|00071840-r:0|00072201-r:0|00072329-r:0|00073033-r:0|00358114-r:0,00007015-r:55|00032358-a:0|00071165-r:5|00071840-r:10|00072201-r:3|00072329-r:3|00073033-r:1|00358114-r:2,preposition|adverb,~の周りに。|~のちかくに、~のあたりに。|~の身辺に、~の身につけて。|~について。|~に従事して、取り組んで|~が中心で、目的で、重要で、〜を必要として、〜というものであって|およそ。|周囲に。,preposition:1|preposition:2|preposition:3|preposition:4|preposition:5|preposition:6|preposition:7|adverb:8|adverb:9,CHOOSE_FROM_CANDIDATES
across,3,adverb: 横切って,,,low,AMBIGUOUS_PRIMARY_SENSE|DICTIONARY_DISAGREEMENT|LOW_CONFIDENCE|POS_MISMATCH,adverb,横に|横切って,横に|反対側に,00272844-r:0|00272951-r:0,00272844-r:1|00272951-r:4,preposition|noun,を横切って。|の向こう側に。|と交差して。|横。(クロスワードパズルなどで)ヨコのカギ。,preposition:1|preposition:2|preposition:3|noun:4,CHOOSE_FROM_CANDIDATES
ago,3,adverb: 以前に,,,low,DICTIONARY_DISAGREEMENT|LOW_CONFIDENCE|POS_MISMATCH,adverb|adjective,以前に,昔は|過ぎた|または、過去に,00074095-r:0|01728476-a:0,00074095-r:82|01728476-a:0,postp,~昔。今から~前に。,postp:1,CHOOSE_FROM_CANDIDATES
another,3,adjective: 別個・別,,,low,AMBIGUOUS_PRIMARY_SENSE|DICTIONARY_DISAGREEMENT|LOW_CONFIDENCE|POS_MISMATCH,adjective,別|別個,様々な選択肢の総称|他の何かの,02070188-a:0,02070188-a:51,det|pronoun,もうひとつの。|別の、違った。|別の誰か。,det:1|det:2|pronoun:3,CHOOSE_FROM_CANDIDATES
any,3,adverb: 何らか・何等か,,,low,AMBIGUOUS_PRIMARY_SENSE|DICTIONARY_DISAGREEMENT|LOW_CONFIDENCE|POS_MISMATCH,adverb|adjective,いくらか|なんらか|何らか|何等か|少しは,どんな程度または範囲にでも|指定なく、一つ、いくつかの、一つずつの、あるいは全ての,00024509-r:0|02267686-a:0,00024509-r:4|02267686-a:6,det|pronoun,(一般に疑問文や条件節に用いて)いくつかの。|(肯定文、命令文に用いて)どれでも。あらゆる。|(否定文に用いて)少しも~でない。|何人かの人、いくつかのもの。|どの人も、どのものも。|少しも~でない。,det:1|det:2|det:3|pronoun:4|pronoun:5|pronoun:6,CHOOSE_FROM_CANDIDATES
at,3,noun: アット,,,low,AMBIGUOUS_PRIMARY_SENSE|DICTIONARY_DISAGREEMENT|LOW_CONFIDENCE|POS_MISMATCH,noun,アット|アスタチン,ラオスでは100は1キップに等しい|非常に不安定な放射性元素（ハロゲン系で最も重い）|ウランとトリウムの崩壊生成物,13681048-n:0|14629561-n:0,13681048-n:0|14629561-n:0,preposition,場所を示す。|時点を示す。|対象を示す。|状態を示す。|電子メールなどにおけるアットマーク(@)を意味する。,preposition:1|preposition:2|preposition:3|preposition:4|preposition:5,CHOOSE_FROM_CANDIDATES
billion,3,noun: 億兆・百萬,,,low,AMBIGUOUS_PRIMARY_SENSE|DICTIONARY_DISAGREEMENT|LOW_CONFIDENCE|POS_MISMATCH,adjective|noun,十億|兆|億兆|無数|百萬|膨大な数,米国で、10億の項目または単位からなる量を意味する|英国において、1兆の品目または単位で構成される量を示す|数字の後に0を9つ付けて表す数|1の後に0が12個続くものとして表される数|英国では米国で採用された使用法がしばしばみられる|とても大きな不確定な数（通常誇張して）,02199342-a:0|02199523-a:0|13751829-n:0|13752172-n:0|13776432-n:0,02199342-a:4|02199523-a:0|13751829-n:0|13752172-n:1|13776432-n:0,num|adjective,十億(=thousand million)|(英古)一兆(=million million)|十億の|(英古)一兆の,num:1|num:2|adjective:3|adjective:4,CHOOSE_FROM_CANDIDATES
but,3,adverb: 一人・僅々,,,low,AMBIGUOUS_PRIMARY_SENSE|DICTIONARY_DISAGREEMENT|LOW_CONFIDENCE|POS_MISMATCH,adverb,ただ|たった|ひとり|一人|僅々|僅僅|単に|只々|只只|唯|唯々|唯唯|啻に|独り|高々|高だか,そして、多くは何もない,00004722-r:0,00004722-r:2,conjunction|preposition|adverb|noun|verb,(逆説の等位接続)だが、しかし。|(否定表現と連携して)ではなくて|(sorry や excuse me などの相手に容赦を求める言葉に続けて)(すみません・申し訳ない・失礼です)が。|(前述の趣旨とは異なることや望まれないことなどを述べる文頭で用いて)しかし。だけど。|...を除いて。...以外の。|ほんの。ただ。単に。だけ。|「しかし」という言葉。反論。異議。疑問。|「しかし、しかし」と言って反論する。,conjunction:1|conjunction:2|conjunction:3|conjunction:4|preposition:5|adverb:6|noun:7|verb:8,CHOOSE_FROM_CANDIDATES
eight,3,noun: 八つ・エイト,,,low,DICTIONARY_DISAGREEMENT|LOW_CONFIDENCE|POS_MISMATCH,adjective|noun,エイト|八つ|8,7よりも1多い|表面に8つの点のついたトランプ札|米国の画家のグループで、1907年に設立され、彼らの都市生活の下劣な側面の現実的描写で有名|7と1の合計である基数,02187073-a:0|03267340-n:0|08275497-n:0|13745086-n:0,02187073-a:37|03267340-n:0|08275497-n:0|13745086-n:0,num|adjective,(基数)八(8)。|8(人、個)の,num:1|adjective:2,CHOOSE_FROM_CANDIDATES
eighty,3,noun: 八十,,,low,DICTIONARY_DISAGREEMENT|LOW_CONFIDENCE|POS_MISMATCH,adjective|noun,八十,70よりも10多い|10と8の基数,02194151-a:0|13750164-n:0,02194151-a:6|13750164-n:0,num|adjective,八十|八十(人、個)の,num:1|adjective:2,CHOOSE_FROM_CANDIDATES
every,3,adjective: 毎,,,low,AMBIGUOUS_PRIMARY_SENSE|DICTIONARY_DISAGREEMENT|LOW_CONFIDENCE|POS_MISMATCH,adjective,有らゆる|毎,（可算名詞について使用され）例外なく単独であると考えらえる群の一員のそれぞれ、またすべて|一連の、指定されているとおりの存在物または間隔のそれぞれすべて,02269794-a:0|02270186-a:0,02269794-a:11|02270186-a:57,det,全ての。|あらゆる。|~毎に。,det:1|det:2|det:3,CHOOSE_FROM_CANDIDATES
fifty,3,noun: 五十・五拾,,,low,DICTIONARY_DISAGREEMENT|LOW_CONFIDENCE|POS_MISMATCH,adjective|noun,五十|五十路|五拾,40よりも10多い|米国50ドル紙幣|10と5の積である集合数,02191232-a:0|13395187-n:0|13749644-n:0,02191232-a:24|13395187-n:0|13749644-n:1,num|adjective,五十|五十(人、個)の,num:1|adjective:2,CHOOSE_FROM_CANDIDATES
forty,3,noun: 四十,,,low,DICTIONARY_DISAGREEMENT|LOW_CONFIDENCE|POS_MISMATCH,adjective|noun,四十|40,30よりも10多い|10と4の積である基数,02190278-a:0|13749527-n:0,02190278-a:14|13749527-n:0,num|adjective,四十。|四十(人、個)の,num:1|adjective:2,CHOOSE_FROM_CANDIDATES
four,3,noun: 四つ・四物,,,low,DICTIONARY_DISAGREEMENT|LOW_CONFIDENCE|POS_MISMATCH,adjective|noun,フォア|フォー|四つ|四つ物|四分子|四物,3よりも1多い|カード、ドミノ、またはさいころで、4つの目をそろえること|3と1の合計である基数,02186665-a:0|03388826-n:0|13744304-n:0,02186665-a:130|03388826-n:0|13744304-n:15,num|adjective,四(4)。|4(人、個)の。,num:1|adjective:2,CHOOSE_FROM_CANDIDATES
many,3,adjective: 多い・数多い,,,low,AMBIGUOUS_PRIMARY_SENSE|DICTIONARY_DISAGREEMENT|LOW_CONFIDENCE|POS_MISMATCH,adjective,多い|多くの|数多い|膨大,可算名詞と共に使用できて、しばしば『as』『too』によって先行されている数量詞、『so』または『that』|かなり大きいが不明確な数に達すること,01551633-a:0,01551633-a:347,det|pronoun|noun,(数が)多い、多くの、たくさんの。|多数派の人。多くの人たち。|多くの人、多数派、多衆。,det:1|pronoun:2|noun:3,CHOOSE_FROM_CANDIDATES
minus,3,noun: 減法・マイナス,,,low,AMBIGUOUS_PRIMARY_SENSE|DICTIONARY_DISAGREEMENT|LOW_CONFIDENCE|POS_MISMATCH,adjective|noun,否定的|マイナス|減法,不利または危害を含む|2つの数字の差を計算する演算|目盛りのマイナス面か下端で,00065667-a:0|00871862-n:0|01819821-a:0,00065667-a:0|00871862-n:0|01819821-a:0,preposition|adjective|noun,~を引いた、減じた。|~無しに。|負の。|零下の。|順位が多少劣った。|負符号、マイナス符号 (−).|負の数。|欠点、失点、不利。,preposition:1|preposition:2|adjective:3|adjective:4|adjective:5|noun:6|noun:7|noun:8,CHOOSE_FROM_CANDIDATES
morality,3,noun: 人倫・倫理,,,low,AMBIGUOUS_PRIMARY_SENSE|DICTIONARY_DISAGREEMENT|LOW_CONFIDENCE,noun,モラリティー|モラル|人倫|倫理|倫理性|善徳|徳義|徳行|義|道徳|道徳性|道義|倫理的動機,善と悪または正と誤りの間の区別に関する|正しく、良い行為|善悪の考えに基づく動機づけ,04846770-n:0|09183693-n:0,04846770-n:8|09183693-n:5,noun,道徳。|道徳規範、道徳観。|徳性、品行方正であること。|説教、訓話。|倫理学、道徳・道徳観を対象とする哲学の一分野。|倫理学の学説。,noun:1|noun:2|noun:3|noun:4|noun:5|noun:6,CHOOSE_FROM_CANDIDATES
ninety,3,noun: 九十,,,low,DICTIONARY_DISAGREEMENT|LOW_CONFIDENCE|POS_MISMATCH,adjective|noun,九十,80よりも10多い|10と9の積の基数,02195145-a:0|13750297-n:0,02195145-a:4|13750297-n:0,num|adjective,九十|九十(人、個)の,num:1|adjective:2,CHOOSE_FROM_CANDIDATES
no,3,adjective: 不,,,low,AMBIGUOUS_PRIMARY_SENSE|DICTIONARY_DISAGREEMENT|LOW_CONFIDENCE|TOO_MANY_SENSES|POS_MISMATCH,adverb|adjective|noun,なんにも|何にも|少しも|不|ノー|否|ノーベリウム,拒否、否定または不一致などを示すか、または特に否定的声明を強調するために、使用されます|少しの程度または意味でもない|少しもない|存在する特定の品質の度を参照すること|限量詞|否定|キュリウムをカーボン・イオンで照射することによって合成される放射性超ウラン元素|7個の同位元素が知られている,00024356-r:0|00024587-r:0|00050681-r:0|02268485-a:0|07205104-n:0|14647722-n:0,00024356-r:0|00024587-r:4|00050681-r:38|02268485-a:135|07205104-n:21|14647722-n:0,det|adverb|interjection|noun,少しも...ない。|全く...できない、全く...が許されない。|決して...ではない。全て...というものではない。|そうではない状況で。|質問に対し、否定形で返答することを表す。|(肯定疑問文に対し、それとは違う見解を表す)いいえ。|(否定疑問文に対し、同じ見解を表す)はい、うん。|(不同意、否定の意思を表示)いや。|だめという返事。|反対票。反対意見。,det:1|det:2|det:3|adverb:4|interjection:5|interjection:6|interjection:7|interjection:8|noun:9|noun:10,CHOOSE_FROM_CANDIDATES
on,3,adverb: 先へ・前へ,,,low,AMBIGUOUS_PRIMARY_SENSE|DICTIONARY_DISAGREEMENT|LOW_CONFIDENCE|TOO_MANY_SENSES|POS_MISMATCH,adverb|adjective,先へ|前へ|いつまでも|ずっと|どんどん|続けて|作動している|動いている|稼働している,前進運動を伴う|連続、固執または集中を示す|何かが機能するか、効果的でああるために要求される状態で|運転中であるか活動中の|（行事について）計画した、または、予定した,00068368-r:0|00069346-r:0|00069472-r:0|01651196-a:0|01651741-a:0,00068368-r:40|00069346-r:2|00069472-r:1|01651196-a:6|01651741-a:0,preposition|adverb,の上に(接触している)。表面に。|について|に対して|のときに|の理由で|を服用して|の負担で、おごりで|上に向かって|(衣類を)身に着けて|(映画・演劇などが)上演中,preposition:1|preposition:2|preposition:3|preposition:4|preposition:5|preposition:6|preposition:7|adverb:8|adverb:9|adverb:10,CHOOSE_FROM_CANDIDATES
other,3,adjective: 他し・別,,,low,AMBIGUOUS_PRIMARY_SENSE|DICTIONARY_DISAGREEMENT|LOW_CONFIDENCE|POS_MISMATCH,adjective,古い|旧い|他し|別,非常に珍しい|特徴や品質が、正常、あるいは予想とは違う|大昔に属すさま|最近の過ぎたばかりの|既に述べた、または示したのと同じものではない,00969333-a:0|01729384-a:0|01730820-a:0|02069355-a:0,00969333-a:0|01729384-a:8|01730820-a:33|02069355-a:483,det|adjective|noun|pronoun|adverb,"別の、他の、同一でない。|残りの。(2つのものに対して)もう一つの。一方の。片方の。|(時間・時期を表す名詞に付いて)この前の。この間の。以前の。|異なる。|他のもの。|異性。|他のもの、一方のもの。|(""other than""の形で) ~から離れて、~ではなくて、~と別の方法で",det:1|det:2|det:3|adjective:4|noun:5|noun:6|pronoun:7|adverb:8,CHOOSE_FROM_CANDIDATES
over,3,adverb: 隈なく・隈無く,,,low,AMBIGUOUS_PRIMARY_SENSE|DICTIONARY_DISAGREEMENT|LOW_CONFIDENCE|TOO_MANY_SENSES|POS_MISMATCH,adverb|adjective|noun,くまなく|一面に|隈なく|隈無く|あちこちを|至る所を,全域にわたって|一定期間を通して|間のスペースなどにおいて、あるいは間のスペースなどを横断する点において|地域の至る所で|上面、上部表面または端の向こうに|直立した位置からの前方|結論に至ったまたは終わらせた|ピッチの同じ端からの敵チームの1つのプレーヤーにより打者で6個のボールが投げられるプレーの区分,00198039-r:0|00226458-r:0|00226550-r:0|00226677-r:0|00226758-r:0|01003277-a:0|15258694-n:0,00198039-r:0|00226458-r:1|00226550-r:23|00226677-r:2|00226758-r:1|01003277-a:21|15258694-n:0,adjective|adverb|preposition|noun|interjection,終わった。完了した。(辞書によっては副詞の一部とみなされる)|別れた、縁を切った。|(接頭辞的に用いて)ひどく、過剰に、超。|また、再び。|横倒しになって。|移動して。|横に動かして。|一晩(overnight)|(ある数値や数量を)上回って。超過して。超えて。以上に。|くりかえして。|~の上に。|(空間・地域・距離が)~をわたって。|~を覆って。|~よりもさらに(=more than)|~を超えて、超過して。|(期間・時間が)~にわたって。~の間。|攻守交替のアウト数。|(無線通信の、文章の語尾につけて、相手の受信状況の確認を求める) 以上。,adjective:1|adjective:2|adjective:3|adverb:4|adverb:5|adverb:6|adverb:7|adverb:8|adverb:9|adverb:10|preposition:11|preposition:12|preposition:13|preposition:14|preposition:15|preposition:16|noun:17|interjection:18,CHOOSE_FROM_CANDIDATES
primitive,3,adjective: 元始的・原始的,,,low,AMBIGUOUS_PRIMARY_SENSE|DICTIONARY_DISAGREEMENT|LOW_CONFIDENCE|POS_MISMATCH,adjective|noun,プリミチブ|プリミティブ|プリミティヴ|原始的|文明化されていない|未開の|アルカイック|アーケイック|元始的|古い|古風|大時代|ノーグッド,文字以前で部族的また産業化していない社会で使用される|ほとんど進化されなかったか、初期の先祖のタイプに特有である|技術的な開発の初期の段階に属するさま|単純さと（しばしば）未熟さによって特徴づけられる|正式な訓練のない人によって作られる、またはそれの|スタイルにおいて単純または経験のない|屈折形態または派生形態の基礎として機能する言葉|別の式が導き出される数式|文明の初期の段階に属する人,00413432-a:0|00817731-a:0|00818175-a:0|01912858-a:0|06294941-n:0|06295113-n:0|09627462-n:0,00413432-a:2|00817731-a:3|00818175-a:8|01912858-a:2|06294941-n:0|06295113-n:0|09627462-n:0,noun|adjective,語根。|原始人。|素朴な人。|基本要素。|原始関数。|原始の。初期の。太古の。|旧式の。|語根の。|原始の。原始的な。,noun:1|noun:2|noun:3|noun:4|noun:5|adjective:6|adjective:7|adjective:8|adjective:9,CHOOSE_FROM_CANDIDATES
seven,3,noun: 七つ・セブン,,,low,DICTIONARY_DISAGREEMENT|LOW_CONFIDENCE|POS_MISMATCH,adjective|noun,セブン|七|七つ|7,6よりも1多い|トランプ1組に4つある札の1つで、7つのマークがついているもの|6と1の合計である基数,02186970-a:0|04178062-n:0|13744916-n:0,02186970-a:33|04178062-n:0|13744916-n:3,num|adjective,(基数)七(7)。|7(人、個)の,num:1|adjective:2,CHOOSE_FROM_CANDIDATES
seventy,3,noun: 七十,,,low,DICTIONARY_DISAGREEMENT|LOW_CONFIDENCE|POS_MISMATCH,adjective|noun,七十|70,60よりも10多い|10と7の積である基数,02193141-a:0|13749894-n:0,02193141-a:1|13749894-n:0,num|adjective,(基数)七十。|七十(人、個)の,num:1|adjective:2,CHOOSE_FROM_CANDIDATES
several,3,adjective: 別々・異々,,,low,AMBIGUOUS_PRIMARY_SENSE|DICTIONARY_DISAGREEMENT|LOW_CONFIDENCE|POS_MISMATCH,adjective,それぞれの|個々の|別々|異々|異異|いくつかの|いくらかの,それぞれ考慮される|明瞭で独特の|2または3よりも大きいが多くはない不定数の数,00494409-a:0|02068174-a:0|02268268-a:0,00494409-a:10|02068174-a:112|02268268-a:16,det|adverb|noun,幾つかの、数個の、数人の。複数の。(多数ではないが、一つではないことを表す)|数個のもの。数人の人。|各自の、銘々の。|様々な。|めいめいで(severally)。|私有地。|個々のもの。,det:1|det:2|det:3|det:4|adverb:5|noun:6|noun:7,CHOOSE_FROM_CANDIDATES
sixty,3,noun: 六十,,,low,DICTIONARY_DISAGREEMENT|LOW_CONFIDENCE|POS_MISMATCH,adjective|noun,六十,50よりも10多い|10と6の積である集合数,02192184-a:0|13749778-n:0,02192184-a:7|13749778-n:0,num|adjective,(基数)六十|六十(人、個)の,num:1|adjective:2,CHOOSE_FROM_CANDIDATES
so,3,adverb: 其は・然許,,,low,AMBIGUOUS_PRIMARY_SENSE|DICTIONARY_DISAGREEMENT|LOW_CONFIDENCE|TOO_MANY_SENSES|POS_MISMATCH,adverb|noun,いかにも|さぞかし|さぞや|じつに|それはそれは|とっと|ほんに|まことに|まったく|余り|全く|其は|其は其は|其れは|其れは其れは|嘸|嘸かし|嘸や|如何にも|実に|実にも|実にや|実に実に|実以て|実際|実際に|寔に|本に|現に|真に|誠に|それ故|従って|その次に|それから|続いて|かく|こうして|そう|そない|斯う|斯うして|斯く|然|然く|爾|爾く|格段に|然許|然許り|あれ程|かくも|かほど|そういうふうに|そのように|然も|か許り|斯くも|斯く迄|斯ばかり|斯程|斯許り|是れ程|是程|此れほど|此れ程|ソ,実は（しばしば強調につながる）|その事実または理由から、あるいは、結果として|その後、または、間もなく|それが促進する方法で|示された方法で|非常に大きな範囲または程度に|表されている範囲または程度まで|特に明示されるまたは黙示されているような、状態またはさまの|ある不特定の程度または度合で|同様に|加えて|階名唱法における、音階の5番目（第5度）の音符を指して呼ぶ音節,00037641-r:0|00043003-r:0|00117620-r:0|00118363-r:0|00121135-r:0|00146594-r:0|00146763-r:0|00146926-r:0|00147126-r:0|00147272-r:0|06868844-n:0,00037641-r:0|00043003-r:0|00117620-r:1|00118363-r:79|00121135-r:2|00146594-r:322|00146763-r:1|00146926-r:73|00147126-r:7|00147272-r:6|06868844-n:0,abbreviation|conjunction|adverb|adjective|interjection|noun,significant other の略|Symphony Orchestra の略|(野球用語)三振。K.|~の目的で|(前文を理由として受けて、so に続く文を結果として表す)~であるため。~ので。~だから。~する結果。それで~。そして~。そのため~。その結果~。|(前述されたことを代名詞的に指して)そう。それを。|(後述に節を伴い、その内容を指して)~するほどに。~であるほどに。~するぐらい。~であるぐらい。とても~で、~ほどである。通例 that を伴うが、省略されることもある。|(否定文 so A as B の文型で)BほどAではない。|(前述された様子や目の前の様子を指して)これほど(の程度で)。こんなに。そんなに。|大変。とても。非常に。|この程度|このように|(スラング) 大変に(= very much).|そう、そのとおりである|(英国婉曲的スラング)「そっち系」などの表現に相当し、「同性愛の」を意味する|新しい話題や質問を述べる前に使う言葉。ところで。それで。それでは。それじゃあ。|(音楽用語) ソ,abbreviation:1|abbreviation:2|abbreviation:3|conjunction:4|conjunction:5|adverb:6|adverb:7|adverb:8|adverb:9|adverb:10|adverb:11|adverb:12|adverb:13|adjective:14|adjective:15|interjection:16|noun:17,CHOOSE_FROM_CANDIDATES
some,3,adjective: いくらか・幾,,,low,AMBIGUOUS_PRIMARY_SENSE|DICTIONARY_DISAGREEMENT|LOW_CONFIDENCE|POS_MISMATCH,adverb|adjective,おおよそ|およそ|かれこれ|ざっと|ほとんど|ほぼ|先ず|凡|凡そ|大凡|殆ど|無慮|略|粗々|粗粗|約|近くに|いくらか|幾,（量について）不正確であるがとても正確に近い|比較的多いが数においては不特定な|比較的多いが、量や程度は明記されていない|注目すべき|数量詞,00007015-r:0|01552634-a:0|01554063-a:0|01678586-a:0|02267308-a:0,00007015-r:2|01552634-a:7|01554063-a:66|01678586-a:0|02267308-a:130,det|pronoun|adverb,ある、何かの、誰かの。|幾つかの、幾らかの。|大した、なかなかの。|多少。若干数。|およそ。約。大体。,det:1|det:2|det:3|pronoun:4|adverb:5,CHOOSE_FROM_CANDIDATES
such,3,adverb: 是程・此程,,,low,AMBIGUOUS_PRIMARY_SENSE|DICTIONARY_DISAGREEMENT|LOW_CONFIDENCE|POS_MISMATCH,adverb|adjective,じつに|実に|斯くまで|斯くも|斯く迄|是れ程|是程|格段に|此れほど|此れ程|此程,最大の程度に|程度や範囲が非常に極端な,00147386-r:0|01554230-a:0,00147386-r:28|01554230-a:401,adjective|pronoun,(何かと比べて)こんな。このような。|(強調に用いて)これほど。こんなに。|(公式文書において)前述の、前記の。|このようなもの,adjective:1|adjective:2|adjective:3|pronoun:4,CHOOSE_FROM_CANDIDATES
ten,3,noun: テン,,,low,DICTIONARY_DISAGREEMENT|LOW_CONFIDENCE|POS_MISMATCH,adjective|noun,テン|什|十|拾|10,9よりも1多い|表の10この点のあるデッキの中の4つのカードの1つ|9と1の合計である基数|十進法の基礎,02187296-a:0|04411142-n:0|13746512-n:0,02187296-a:71|04411142-n:0|13746512-n:8,num|adjective,(基数)十(10)。|十の。|(人が)十人の。|(物が)十個の。,num:1|adjective:2|adjective:3|adjective:4,CHOOSE_FROM_CANDIDATES
thirteen,3,noun: 十三,,,low,DICTIONARY_DISAGREEMENT|LOW_CONFIDENCE|POS_MISMATCH,adjective|noun,13の|13人の|13個の|十三の|十三|13,12よりも1多い|12と1の合計である集合数,02187606-a:0|13747199-n:0,02187606-a:5|13747199-n:1,num|adjective,(基数)十三|13(人、個)の,num:1|adjective:2,CHOOSE_FROM_CANDIDATES
thirty,3,noun: 三十・三十路,,,low,DICTIONARY_DISAGREEMENT|LOW_CONFIDENCE|POS_MISMATCH,adjective|noun,サーティー|三十|三十路,20よりも10多い|10と3の積である集合数,02189306-a:0|13749407-n:0,02189306-a:17|13749407-n:2,num|adjective,三十。|三十(人、個)の。,num:1|adjective:2,CHOOSE_FROM_CANDIDATES
three,3,noun: 三つ・参,,,low,DICTIONARY_DISAGREEMENT|LOW_CONFIDENCE|POS_MISMATCH,adjective|noun,三つ|参,2よりも1多い|3のマークを持つ4枚のトランプの1枚|1と1と1の合計である基数,02186580-a:0|04480415-n:0|13744044-n:0,02186580-a:221|04480415-n:0|13744044-n:19,num|adjective,(基数)三(3)、みっつ。|3(人、個)の,num:1|adjective:2,CHOOSE_FROM_CANDIDATES
trillion,3,noun: 一兆,,,low,AMBIGUOUS_PRIMARY_SENSE|DICTIONARY_DISAGREEMENT|LOW_CONFIDENCE|POS_MISMATCH,adjective|noun,一兆|兆|1兆|億兆|無数|百萬|膨大な数,米国では1兆|グレートブリテンの100穣|1の後に0が12個続くものとして表される数|1の次に0が18続く形で表される数字|とても大きな不確定な数（通常誇張して）,02199699-a:0|02199813-a:0|13752443-n:0|13752679-n:0|13776432-n:0,02199699-a:0|02199813-a:0|13752443-n:0|13752679-n:0|13776432-n:0,num|adjective,一兆(=million million = thousand billion)|(英古)百京(=million million million =million billion)|一兆の|(英古)百京の,num:1|num:2|adjective:3|adjective:4,CHOOSE_FROM_CANDIDATES
twelve,3,adjective: 十二の,,,low,DICTIONARY_DISAGREEMENT|LOW_CONFIDENCE|POS_MISMATCH,adjective|noun,12の|12人の|12個の|1ダースの|十二の|ダース|十二,12品目またはユニットで成る数を示す|11と1の合計である集合数,02187465-a:0|13746785-n:0,02187465-a:20|13746785-n:1,num|adjective,十二。|12(人、個)の,num:1|adjective:2,CHOOSE_FROM_CANDIDATES
twenty,3,noun: 二十,,,low,DICTIONARY_DISAGREEMENT|LOW_CONFIDENCE|POS_MISMATCH,adjective|noun,二十,20のアイテムまたは単位からなる量を意味するさま|20ドルの価値がある米国の紙幣|19と1の合計である基数,02188317-a:0|13395296-n:0|13748128-n:0,02188317-a:19|13395296-n:0|13748128-n:1,num|noun|adjective,二十。|(口語)20ドル札。|(CB無線俗語)場所( slang)|二十(人、個)の,num:1|noun:2|noun:3|adjective:4,CHOOSE_FROM_CANDIDATES
under,3,adverb: 従属して・圧倒されて,,,low,DICTIONARY_DISAGREEMENT|LOW_CONFIDENCE|TOO_MANY_SENSES|POS_MISMATCH,adverb|adjective,圧倒されて|従属して,さらに下である|下に|地平線下に|ある量または制限を下回った|従属または服従の状態にある、またはこのような状態になる|敗北、死または破滅まで|無意識に|範囲を通じて下に向って|ランク、力または権限が低い|何か他のものの下に、または、それの下に位置する,00486067-r:0|00486157-r:0|00486223-r:0|00486296-r:0|00486384-r:0|00486509-r:0|00486605-r:0|00486694-r:0|00793682-a:0|01207546-a:0,00486067-r:0|00486157-r:0|00486223-r:0|00486296-r:0|00486384-r:0|00486509-r:2|00486605-r:0|00486694-r:0|00793682-a:1|01207546-a:2,preposition|adjective|adverb,~の下で。|~未満の。|下の。|下に。,preposition:1|preposition:2|adjective:3|adverb:4,CHOOSE_FROM_CANDIDATES
yes,3,noun: 肯定的な返答,,,low,AMBIGUOUS_PRIMARY_SENSE|DICTIONARY_DISAGREEMENT|LOW_CONFIDENCE|POS_MISMATCH,noun,肯定的な返答,賛成,07203900-n:0,07203900-n:15,adverb|interjection|noun|verb,(肯定形の疑問文等に対して、賛意、同意を示して)はい。そう。|(否定形の疑問文に対して、不同意を示して―疑問文中の動詞を肯定して)いいえ。いいや.|(強い歓喜、興奮)やったぁ、よぉし。|賛意を示すこと。|賛成票。|賛成する。|ゴマをすって付き従う。,adverb:1|adverb:2|interjection:3|noun:4|noun:5|verb:6|verb:7,CHOOSE_FROM_CANDIDATES
zero,3,noun: 皆無・絶無,noun: ゼロ・零,noun: ZERO,low,AMBIGUOUS_PRIMARY_SENSE|UNNATURAL_JAPANESE|TOO_MANY_SENSES,verb|adjective|noun,ゼロの|零の|ZERO|0|ゼロ|ナッシング|無|無し|皆無|絶無|零,（銃）の0を調節する（テスト条件の下で発射することによってのように）|（器具か装置）を調整して、値をゼロに合わせる|検討中のいずれかまたはすべてのユニットが無いことを示す|最初の点または起源を示すさま|測ることができない、でなければ判定できる価値をもたない|空集合（要素のない集合）の、または、空集合に関する|発射体が風なく目標の中心を攻撃できる目標設定|正負の数の量が計測される定規の上の点|重要でない量|数学の要素で他の数に加えられた場合にその同じ数になるもの,00297333-v:0|00297507-v:0|02186132-a:0|02201882-a:0|02269142-a:0|03145851-a:0|04614505-n:0|05856217-n:0|13740168-n:0|13742358-n:0,00297333-v:0|00297507-v:0|02186132-a:5|02201882-a:1|02269142-a:1|03145851-a:0|04614505-n:0|05856217-n:0|13740168-n:6|13742358-n:3,noun|adjective|verb,0。|零点。|無。|0の。|零点の。|無の。|目盛りを0に合わせる。,noun:1|noun:2|noun:3|adjective:4|adjective:5|adjective:6|verb:7,EXCLUDE_WORD
