word,level,aiDecision,reviewConfidence,wordConfidence,reviewReasons,beforePrimaryMeanings,afterPrimaryMeanings,decisionReason
fax,1,NEEDS_HUMAN,low,low,DICTIONARY_DISAGREEMENT|LOW_CONFIDENCE|POS_MISMATCH,noun: ファクシミリ機・電話ファクシミリ,,"Existing data has low confidence, unnatural Japanese, dictionary disagreement, POS mismatch, or duplicate meanings; human review is safer."
flu,1,NEEDS_HUMAN,low,low,DICTIONARY_DISAGREEMENT|LOW_CONFIDENCE|POS_MISMATCH,noun: 感冒・流感,,"Existing data has low confidence, unnatural Japanese, dictionary disagreement, POS mismatch, or duplicate meanings; human review is safer."
gym,1,NEEDS_HUMAN,low,low,DICTIONARY_DISAGREEMENT|LOW_CONFIDENCE|POS_MISMATCH,noun: 体操場・体育館,,"Existing data has low confidence, unnatural Japanese, dictionary disagreement, POS mismatch, or duplicate meanings; human review is safer."
manual,1,NEEDS_HUMAN,low,low,AMBIGUOUS_PRIMARY_SENSE|DICTIONARY_DISAGREEMENT|LOW_CONFIDENCE|POS_MISMATCH,noun: 便覧・入門,,"Existing data has low confidence, unnatural Japanese, dictionary disagreement, POS mismatch, or duplicate meanings; human review is safer."
mister,1,NEEDS_HUMAN,low,low,UNNATURAL_JAPANESE|LOW_CONFIDENCE,noun: -氏,,"Existing data has low confidence, unnatural Japanese, dictionary disagreement, POS mismatch, or duplicate meanings; human review is safer."
payable,1,NEEDS_HUMAN,low,low,AMBIGUOUS_PRIMARY_SENSE|DICTIONARY_DISAGREEMENT|LOW_CONFIDENCE|POS_MISMATCH,noun: 買い掛け金,,"Existing data has low confidence, unnatural Japanese, dictionary disagreement, POS mismatch, or duplicate meanings; human review is safer."
sunny,1,NEEDS_HUMAN,low,low,DICTIONARY_DISAGREEMENT|LOW_CONFIDENCE|POS_MISMATCH,adjective: 快活・朗ら,,"Existing data has low confidence, unnatural Japanese, dictionary disagreement, POS mismatch, or duplicate meanings; human review is safer."
bilingual,2,NEEDS_HUMAN,low,low,AMBIGUOUS_PRIMARY_SENSE|DICTIONARY_DISAGREEMENT|LOW_CONFIDENCE|POS_MISMATCH,noun: バイリンガル,,"Existing data has low confidence, unnatural Japanese, dictionary disagreement, POS mismatch, or duplicate meanings; human review is safer."
bye,2,NEEDS_HUMAN,low,low,DICTIONARY_DISAGREEMENT|LOW_CONFIDENCE|POS_MISMATCH,noun: 左様なら・おさらば,,"Existing data has low confidence, unnatural Japanese, dictionary disagreement, POS mismatch, or duplicate meanings; human review is safer."
tumor,2,NEEDS_HUMAN,low,low,DICTIONARY_DISAGREEMENT|LOW_CONFIDENCE|POS_MISMATCH,noun: 腫瘍・新生物,,"Existing data has low confidence, unnatural Japanese, dictionary disagreement, POS mismatch, or duplicate meanings; human review is safer."
a,3,NEEDS_HUMAN,low,low,AMBIGUOUS_PRIMARY_SENSE|UNNATURAL_JAPANESE|TOO_MANY_SENSES,noun: ビタミンA / noun: オングストローム / noun: A型,,"Existing data has low confidence, unnatural Japanese, dictionary disagreement, POS mismatch, or duplicate meanings; human review is safer."
about,3,NEEDS_HUMAN,low,low,AMBIGUOUS_PRIMARY_SENSE|DICTIONARY_DISAGREEMENT|LOW_CONFIDENCE|POS_MISMATCH,adverb: 先ず・凡そ,,"Existing data has low confidence, unnatural Japanese, dictionary disagreement, POS mismatch, or duplicate meanings; human review is safer."
across,3,NEEDS_HUMAN,low,low,AMBIGUOUS_PRIMARY_SENSE|DICTIONARY_DISAGREEMENT|LOW_CONFIDENCE|POS_MISMATCH,adverb: 横切って,,"Existing data has low confidence, unnatural Japanese, dictionary disagreement, POS mismatch, or duplicate meanings; human review is safer."
ago,3,NEEDS_HUMAN,low,low,DICTIONARY_DISAGREEMENT|LOW_CONFIDENCE|POS_MISMATCH,adverb: 以前に,,"Existing data has low confidence, unnatural Japanese, dictionary disagreement, POS mismatch, or duplicate meanings; human review is safer."
another,3,NEEDS_HUMAN,low,low,AMBIGUOUS_PRIMARY_SENSE|DICTIONARY_DISAGREEMENT|LOW_CONFIDENCE|POS_MISMATCH,adjective: 別個・別,,"Existing data has low confidence, unnatural Japanese, dictionary disagreement, POS mismatch, or duplicate meanings; human review is safer."
any,3,NEEDS_HUMAN,low,low,AMBIGUOUS_PRIMARY_SENSE|DICTIONARY_DISAGREEMENT|LOW_CONFIDENCE|POS_MISMATCH,adverb: 何らか・何等か,,"Existing data has low confidence, unnatural Japanese, dictionary disagreement, POS mismatch, or duplicate meanings; human review is safer."
at,3,NEEDS_HUMAN,low,low,AMBIGUOUS_PRIMARY_SENSE|DICTIONARY_DISAGREEMENT|LOW_CONFIDENCE|POS_MISMATCH,noun: アット,,"Existing data has low confidence, unnatural Japanese, dictionary disagreement, POS mismatch, or duplicate meanings; human review is safer."
billion,3,NEEDS_HUMAN,low,low,AMBIGUOUS_PRIMARY_SENSE|DICTIONARY_DISAGREEMENT|LOW_CONFIDENCE|POS_MISMATCH,noun: 億兆・百萬,,"Existing data has low confidence, unnatural Japanese, dictionary disagreement, POS mismatch, or duplicate meanings; human review is safer."
but,3,NEEDS_HUMAN,low,low,AMBIGUOUS_PRIMARY_SENSE|DICTIONARY_DISAGREEMENT|LOW_CONFIDENCE|POS_MISMATCH,adverb: 一人・僅々,,"Existing data has low confidence, unnatural Japanese, dictionary disagreement, POS mismatch, or duplicate meanings; human review is safer."
eight,3,NEEDS_HUMAN,low,low,DICTIONARY_DISAGREEMENT|LOW_CONFIDENCE|POS_MISMATCH,noun: 八つ・エイト,,"Existing data has low confidence, unnatural Japanese, dictionary disagreement, POS mismatch, or duplicate meanings; human review is safer."
eighty,3,NEEDS_HUMAN,low,low,DICTIONARY_DISAGREEMENT|LOW_CONFIDENCE|POS_MISMATCH,noun: 八十,,"Existing data has low confidence, unnatural Japanese, dictionary disagreement, POS mismatch, or duplicate meanings; human review is safer."
every,3,NEEDS_HUMAN,low,low,AMBIGUOUS_PRIMARY_SENSE|DICTIONARY_DISAGREEMENT|LOW_CONFIDENCE|POS_MISMATCH,adjective: 毎,,"Existing data has low confidence, unnatural Japanese, dictionary disagreement, POS mismatch, or duplicate meanings; human review is safer."
fifty,3,NEEDS_HUMAN,low,low,DICTIONARY_DISAGREEMENT|LOW_CONFIDENCE|POS_MISMATCH,noun: 五十・五拾,,"Existing data has low confidence, unnatural Japanese, dictionary disagreement, POS mismatch, or duplicate meanings; human review is safer."
forty,3,NEEDS_HUMAN,low,low,DICTIONARY_DISAGREEMENT|LOW_CONFIDENCE|POS_MISMATCH,noun: 四十,,"Existing data has low confidence, unnatural Japanese, dictionary disagreement, POS mismatch, or duplicate meanings; human review is safer."
four,3,NEEDS_HUMAN,low,low,DICTIONARY_DISAGREEMENT|LOW_CONFIDENCE|POS_MISMATCH,noun: 四つ・四物,,"Existing data has low confidence, unnatural Japanese, dictionary disagreement, POS mismatch, or duplicate meanings; human review is safer."
many,3,NEEDS_HUMAN,low,low,AMBIGUOUS_PRIMARY_SENSE|DICTIONARY_DISAGREEMENT|LOW_CONFIDENCE|POS_MISMATCH,adjective: 多い・数多い,,"Existing data has low confidence, unnatural Japanese, dictionary disagreement, POS mismatch, or duplicate meanings; human review is safer."
minus,3,NEEDS_HUMAN,low,low,AMBIGUOUS_PRIMARY_SENSE|DICTIONARY_DISAGREEMENT|LOW_CONFIDENCE|POS_MISMATCH,noun: 減法・マイナス,,"Existing data has low confidence, unnatural Japanese, dictionary disagreement, POS mismatch, or duplicate meanings; human review is safer."
morality,3,NEEDS_HUMAN,low,low,AMBIGUOUS_PRIMARY_SENSE|DICTIONARY_DISAGREEMENT|LOW_CONFIDENCE,noun: 人倫・倫理,,"Existing data has low confidence, unnatural Japanese, dictionary disagreement, POS mismatch, or duplicate meanings; human review is safer."
ninety,3,NEEDS_HUMAN,low,low,DICTIONARY_DISAGREEMENT|LOW_CONFIDENCE|POS_MISMATCH,noun: 九十,,"Existing data has low confidence, unnatural Japanese, dictionary disagreement, POS mismatch, or duplicate meanings; human review is safer."
no,3,NEEDS_HUMAN,low,low,AMBIGUOUS_PRIMARY_SENSE|DICTIONARY_DISAGREEMENT|LOW_CONFIDENCE|TOO_MANY_SENSES|POS_MISMATCH,adjective: 不,,"Existing data has low confidence, unnatural Japanese, dictionary disagreement, POS mismatch, or duplicate meanings; human review is safer."
on,3,NEEDS_HUMAN,low,low,AMBIGUOUS_PRIMARY_SENSE|DICTIONARY_DISAGREEMENT|LOW_CONFIDENCE|TOO_MANY_SENSES|POS_MISMATCH,adverb: 先へ・前へ,,"Existing data has low confidence, unnatural Japanese, dictionary disagreement, POS mismatch, or duplicate meanings; human review is safer."
other,3,NEEDS_HUMAN,low,low,AMBIGUOUS_PRIMARY_SENSE|DICTIONARY_DISAGREEMENT|LOW_CONFIDENCE|POS_MISMATCH,adjective: 他し・別,,"Existing data has low confidence, unnatural Japanese, dictionary disagreement, POS mismatch, or duplicate meanings; human review is safer."
over,3,NEEDS_HUMAN,low,low,AMBIGUOUS_PRIMARY_SENSE|DICTIONARY_DISAGREEMENT|LOW_CONFIDENCE|TOO_MANY_SENSES|POS_MISMATCH,adverb: 隈なく・隈無く,,"Existing data has low confidence, unnatural Japanese, dictionary disagreement, POS mismatch, or duplicate meanings; human review is safer."
primitive,3,NEEDS_HUMAN,low,low,AMBIGUOUS_PRIMARY_SENSE|DICTIONARY_DISAGREEMENT|LOW_CONFIDENCE|POS_MISMATCH,adjective: 元始的・原始的,,"Existing data has low confidence, unnatural Japanese, dictionary disagreement, POS mismatch, or duplicate meanings; human review is safer."
seven,3,NEEDS_HUMAN,low,low,DICTIONARY_DISAGREEMENT|LOW_CONFIDENCE|POS_MISMATCH,noun: 七つ・セブン,,"Existing data has low confidence, unnatural Japanese, dictionary disagreement, POS mismatch, or duplicate meanings; human review is safer."
seventy,3,NEEDS_HUMAN,low,low,DICTIONARY_DISAGREEMENT|LOW_CONFIDENCE|POS_MISMATCH,noun: 七十,,"Existing data has low confidence, unnatural Japanese, dictionary disagreement, POS mismatch, or duplicate meanings; human review is safer."
several,3,NEEDS_HUMAN,low,low,AMBIGUOUS_PRIMARY_SENSE|DICTIONARY_DISAGREEMENT|LOW_CONFIDENCE|POS_MISMATCH,adjective: 別々・異々,,"Existing data has low confidence, unnatural Japanese, dictionary disagreement, POS mismatch, or duplicate meanings; human review is safer."
sixty,3,NEEDS_HUMAN,low,low,DICTIONARY_DISAGREEMENT|LOW_CONFIDENCE|POS_MISMATCH,noun: 六十,,"Existing data has low confidence, unnatural Japanese, dictionary disagreement, POS mismatch, or duplicate meanings; human review is safer."
so,3,NEEDS_HUMAN,low,low,AMBIGUOUS_PRIMARY_SENSE|DICTIONARY_DISAGREEMENT|LOW_CONFIDENCE|TOO_MANY_SENSES|POS_MISMATCH,adverb: 其は・然許,,"Existing data has low confidence, unnatural Japanese, dictionary disagreement, POS mismatch, or duplicate meanings; human review is safer."
some,3,NEEDS_HUMAN,low,low,AMBIGUOUS_PRIMARY_SENSE|DICTIONARY_DISAGREEMENT|LOW_CONFIDENCE|POS_MISMATCH,adjective: いくらか・幾,,"Existing data has low confidence, unnatural Japanese, dictionary disagreement, POS mismatch, or duplicate meanings; human review is safer."
such,3,NEEDS_HUMAN,low,low,AMBIGUOUS_PRIMARY_SENSE|DICTIONARY_DISAGREEMENT|LOW_CONFIDENCE|POS_MISMATCH,adverb: 是程・此程,,"Existing data has low confidence, unnatural Japanese, dictionary disagreement, POS mismatch, or duplicate meanings; human review is safer."
ten,3,NEEDS_HUMAN,low,low,DICTIONARY_DISAGREEMENT|LOW_CONFIDENCE|POS_MISMATCH,noun: テン,,"Existing data has low confidence, unnatural Japanese, dictionary disagreement, POS mismatch, or duplicate meanings; human review is safer."
thirteen,3,NEEDS_HUMAN,low,low,DICTIONARY_DISAGREEMENT|LOW_CONFIDENCE|POS_MISMATCH,noun: 十三,,"Existing data has low confidence, unnatural Japanese, dictionary disagreement, POS mismatch, or duplicate meanings; human review is safer."
thirty,3,NEEDS_HUMAN,low,low,DICTIONARY_DISAGREEMENT|LOW_CONFIDENCE|POS_MISMATCH,noun: 三十・三十路,,"Existing data has low confidence, unnatural Japanese, dictionary disagreement, POS mismatch, or duplicate meanings; human review is safer."
three,3,NEEDS_HUMAN,low,low,DICTIONARY_DISAGREEMENT|LOW_CONFIDENCE|POS_MISMATCH,noun: 三つ・参,,"Existing data has low confidence, unnatural Japanese, dictionary disagreement, POS mismatch, or duplicate meanings; human review is safer."
trillion,3,NEEDS_HUMAN,low,low,AMBIGUOUS_PRIMARY_SENSE|DICTIONARY_DISAGREEMENT|LOW_CONFIDENCE|POS_MISMATCH,noun: 一兆,,"Existing data has low confidence, unnatural Japanese, dictionary disagreement, POS mismatch, or duplicate meanings; human review is safer."
twelve,3,NEEDS_HUMAN,low,low,DICTIONARY_DISAGREEMENT|LOW_CONFIDENCE|POS_MISMATCH,adjective: 十二の,,"Existing data has low confidence, unnatural Japanese, dictionary disagreement, POS mismatch, or duplicate meanings; human review is safer."
twenty,3,NEEDS_HUMAN,low,low,DICTIONARY_DISAGREEMENT|LOW_CONFIDENCE|POS_MISMATCH,noun: 二十,,"Existing data has low confidence, unnatural Japanese, dictionary disagreement, POS mismatch, or duplicate meanings; human review is safer."
under,3,NEEDS_HUMAN,low,low,DICTIONARY_DISAGREEMENT|LOW_CONFIDENCE|TOO_MANY_SENSES|POS_MISMATCH,adverb: 従属して・圧倒されて,,"Existing data has low confidence, unnatural Japanese, dictionary disagreement, POS mismatch, or duplicate meanings; human review is safer."
yes,3,NEEDS_HUMAN,low,low,AMBIGUOUS_PRIMARY_SENSE|DICTIONARY_DISAGREEMENT|LOW_CONFIDENCE|POS_MISMATCH,noun: 肯定的な返答,,"Existing data has low confidence, unnatural Japanese, dictionary disagreement, POS mismatch, or duplicate meanings; human review is safer."
zero,3,NEEDS_HUMAN,low,low,AMBIGUOUS_PRIMARY_SENSE|UNNATURAL_JAPANESE|TOO_MANY_SENSES,noun: 皆無・絶無 / noun: ゼロ・零 / noun: ZERO,,"Existing data has low confidence, unnatural Japanese, dictionary disagreement, POS mismatch, or duplicate meanings; human review is safer."
