boundary,boundaryIndex,word,level,sources
level-1-last-50,1,advancement,1,TSL:656
level-1-last-50,2,advertiser,1,TSL:657
level-1-last-50,3,alternatively,1,TSL:658|NGSL-GR:4519
level-1-last-50,4,amuse,1,TSL:659|NGSL-GR:3319
level-1-last-50,5,attorney,1,TSL:660|NGSL-GR:2900
level-1-last-50,6,authorization,1,TSL:661
level-1-last-50,7,campus,1,TSL:662|NAWL:886|NGSL-GR:3059
level-1-last-50,8,candy,1,TSL:663
level-1-last-50,9,certify,1,TSL:664
level-1-last-50,10,checkout,1,TSL:665
level-1-last-50,11,chemistry,1,TSL:666|NAWL:642|NGSL-GR:3742
level-1-last-50,12,circulation,1,TSL:667|NAWL:420|NGSL-GR:4247
level-1-last-50,13,concierge,1,TSL:668
level-1-last-50,14,consent,1,TSL:669|NAWL:391|NGSL-GR:2985
level-1-last-50,15,consistently,1,TSL:670|NGSL-GR:3409
level-1-last-50,16,cookie,1,TSL:671|NGSL-GR:4826
level-1-last-50,17,deck,1,TSL:672|NGSL-GR:3525
level-1-last-50,18,descriptive,1,TSL:673
level-1-last-50,19,detach,1,TSL:674
level-1-last-50,20,documentation,1,TSL:675|NGSL-GR:4641
level-1-last-50,21,entrepreneur,1,TSL:676|NGSL-GR:3685
level-1-last-50,22,exceptional,1,TSL:677|NGSL-GR:4216
level-1-last-50,23,familiarize,1,TSL:678
level-1-last-50,24,hotline,1,TSL:679
level-1-last-50,25,intonation,1,TSL:680
level-1-last-50,26,invention,1,TSL:681|NGSL-GR:3450
level-1-last-50,27,irritate,1,TSL:682|NGSL-GR:4393
level-1-last-50,28,locker,1,TSL:683
level-1-last-50,29,overlook,1,TSL:684|NGSL-GR:3016
level-1-last-50,30,patent,1,TSL:685|NGSL-GR:3588
level-1-last-50,31,payable,1,TSL:686
level-1-last-50,32,preliminary,1,TSL:687|NAWL:301|NGSL-GR:3453
level-1-last-50,33,salesman,1,TSL:688
level-1-last-50,34,sauna,1,TSL:689
level-1-last-50,35,smoothly,1,TSL:690|NGSL-GR:4910
level-1-last-50,36,sunshine,1,TSL:691|NGSL-GR:4618
level-1-last-50,37,tow,1,TSL:692
level-1-last-50,38,translator,1,TSL:693|NGSL-GR:4305
level-1-last-50,39,tuition,1,TSL:694|NGSL-GR:4223
level-1-last-50,40,unavailable,1,TSL:695
level-1-last-50,41,violation,1,TSL:696|NGSL-GR:3467
level-1-last-50,42,webpage,1,TSL:697
level-1-last-50,43,acceptance,1,TSL:698|NGSL-GR:3110
level-1-last-50,44,allocate,1,TSL:699|NAWL:557|NGSL-GR:3402
level-1-last-50,45,ambitious,1,TSL:700|NGSL-GR:3544
level-1-last-50,46,appendix,1,TSL:701|NAWL:286
level-1-last-50,47,booth,1,TSL:702
level-1-last-50,48,clarify,1,TSL:703|NAWL:490|NGSL-GR:3338
level-1-last-50,49,classmate,1,TSL:704|NGSL-GR:4852
level-1-last-50,50,compile,1,TSL:705|NGSL-GR:4273
level-2-first-50,1,correction,2,TSL:706|NAWL:384|NGSL-GR:4095
level-2-first-50,2,customize,2,TSL:707
level-2-first-50,3,dedication,2,TSL:708
level-2-first-50,4,diagnose,2,TSL:709|NAWL:483|NGSL-GR:3951
level-2-first-50,5,discontinue,2,TSL:710
level-2-first-50,6,dishwasher,2,TSL:711
level-2-first-50,7,drought,2,TSL:712|NGSL-GR:4938
level-2-first-50,8,economize,2,TSL:713
level-2-first-50,9,firework,2,TSL:715
level-2-first-50,10,freight,2,TSL:716
level-2-first-50,11,fry,2,TSL:717|NGSL-GR:3744
level-2-first-50,12,gallon,2,TSL:718|NGSL-GR:4525
level-2-first-50,13,gardener,2,TSL:719
level-2-first-50,14,ideally,2,TSL:720
level-2-first-50,15,inclusive,2,TSL:721
level-2-first-50,16,insufficient,2,TSL:722|NGSL-GR:4848
level-2-first-50,17,introductory,2,TSL:723
level-2-first-50,18,junk,2,TSL:724|NGSL-GR:4464
level-2-first-50,19,mileage,2,TSL:726
level-2-first-50,20,noisy,2,TSL:727|NAWL:875|NGSL-GR:4038
level-2-first-50,21,pan,2,TSL:728|NGSL-GR:3827
level-2-first-50,22,parcel,2,TSL:729|NAWL:859|NGSL-GR:4491
level-2-first-50,23,pasta,2,TSL:730
level-2-first-50,24,periodical,2,TSL:731
level-2-first-50,25,pill,2,TSL:732|NGSL-GR:3838
level-2-first-50,26,portable,2,TSL:733|NGSL-GR:4673
level-2-first-50,27,punctual,2,TSL:734
level-2-first-50,28,recreation,2,TSL:735
level-2-first-50,29,relieve,2,TSL:736|NGSL-GR:3007
level-2-first-50,30,reminder,2,TSL:737|NGSL-GR:4102
level-2-first-50,31,rumor,2,TSL:738|NGSL-GR:3049
level-2-first-50,32,scarf,2,TSL:739
level-2-first-50,33,seaside,2,TSL:740
level-2-first-50,34,shorten,2,TSL:741
level-2-first-50,35,specially,2,TSL:742|NGSL-GR:3134
level-2-first-50,36,spill,2,TSL:743|NGSL-GR:3741
level-2-first-50,37,spouse,2,TSL:744|NGSL-GR:4234
level-2-first-50,38,subtract,2,TSL:745|NAWL:804
level-2-first-50,39,tablet,2,TSL:746
level-2-first-50,40,ton,2,TSL:747|NAWL:679|NGSL-GR:3082
level-2-first-50,41,vend,2,TSL:748
level-2-first-50,42,yoga,2,TSL:749
level-2-first-50,43,accent,2,TSL:750|NAWL:484|NGSL-GR:3029
level-2-first-50,44,advisory,2,TSL:751|NGSL-GR:4813
level-2-first-50,45,asleep,2,TSL:752|NGSL-GR:3226
level-2-first-50,46,authentic,2,TSL:753|NGSL-GR:4608
level-2-first-50,47,bakery,2,TSL:754
level-2-first-50,48,carton,2,TSL:755
level-2-first-50,49,compartment,2,TSL:756
level-2-first-50,50,compatible,2,TSL:757|NGSL-GR:4711
level-2-last-50,1,marginal,2,NAWL:265|NGSL-GR:4296
level-2-last-50,2,characterization,2,NAWL:267
level-2-last-50,3,ethical,2,NAWL:268|NGSL-GR:3833
level-2-last-50,4,composer,2,NAWL:271|NGSL-GR:3202
level-2-last-50,5,singular,2,NAWL:272
level-2-last-50,6,converge,2,NAWL:273
level-2-last-50,7,fetal,2,NAWL:274
level-2-last-50,8,implicit,2,NAWL:276|NGSL-GR:4792
level-2-last-50,9,span,2,NAWL:277|NGSL-GR:3300
level-2-last-50,10,oxygen,2,NAWL:278|NGSL-GR:3421
level-2-last-50,11,formulation,2,NAWL:279
level-2-last-50,12,dialect,2,NAWL:280|NGSL-GR:4638
level-2-last-50,13,colony,2,NAWL:281|NGSL-GR:3341
level-2-last-50,14,immune,2,NAWL:282|NGSL-GR:4022
level-2-last-50,15,loop,2,NAWL:283|NGSL-GR:3734
level-2-last-50,16,algebra,2,NAWL:284
level-2-last-50,17,derivative,2,NAWL:285|NGSL-GR:5003
level-2-last-50,18,diffusion,2,NAWL:288
level-2-last-50,19,specimen,2,NAWL:289|NGSL-GR:4051
level-2-last-50,20,assert,2,NAWL:290|NGSL-GR:3296
level-2-last-50,21,widespread,2,NAWL:291|NGSL-GR:2957
level-2-last-50,22,competence,2,NAWL:292|NGSL-GR:3618
level-2-last-50,23,residual,2,NAWL:293
level-2-last-50,24,fusion,2,NAWL:294|NGSL-GR:4672
level-2-last-50,25,conservation,2,NAWL:295|NGSL-GR:3631
level-2-last-50,26,constrain,2,NAWL:296|NGSL-GR:4769
level-2-last-50,27,virtue,2,NAWL:297|NGSL-GR:3065
level-2-last-50,28,differentiate,2,NAWL:298|NGSL-GR:4136
level-2-last-50,29,amino,2,NAWL:299
level-2-last-50,30,philosophical,2,NAWL:302|NGSL-GR:4298
level-2-last-50,31,pre,2,NAWL:303
level-2-last-50,32,indigenous,2,NAWL:306|NGSL-GR:4833
level-2-last-50,33,render,2,NAWL:307|NGSL-GR:3009
level-2-last-50,34,independently,2,NAWL:308|NGSL-GR:4001
level-2-last-50,35,symbolic,2,NAWL:309|NGSL-GR:4046
level-2-last-50,36,utilize,2,NAWL:310|NGSL-GR:3771
level-2-last-50,37,physiological,2,NAWL:311
level-2-last-50,38,calcium,2,NAWL:313|NGSL-GR:4091
level-2-last-50,39,unity,2,NAWL:316|NGSL-GR:3867
level-2-last-50,40,psychiatric,2,NAWL:317|NGSL-GR:4931
level-2-last-50,41,critique,2,NAWL:318|NGSL-GR:4706
level-2-last-50,42,differentiation,2,NAWL:319
level-2-last-50,43,selective,2,NAWL:322|NGSL-GR:4565
level-2-last-50,44,depict,2,NAWL:324|NGSL-GR:3333
level-2-last-50,45,cue,2,NAWL:325|NGSL-GR:4396
level-2-last-50,46,parental,2,NAWL:326|NGSL-GR:3842
level-2-last-50,47,ritual,2,NAWL:327|NGSL-GR:3265
level-2-last-50,48,fertility,2,NAWL:328|NGSL-GR:5018
level-2-last-50,49,readily,2,NAWL:330|NGSL-GR:3346
level-2-last-50,50,observer,2,NAWL:331|NGSL-GR:3069
level-3-first-50,1,inhibition,3,NAWL:332
level-3-first-50,2,qualitative,3,NAWL:335
level-3-first-50,3,tense,3,NAWL:336|NGSL-GR:3284
level-3-first-50,4,transcription,3,NAWL:337
level-3-first-50,5,nutrient,3,NAWL:339|NGSL-GR:5024
level-3-first-50,6,statistically,3,NAWL:341
level-3-first-50,7,simulate,3,NAWL:342
level-3-first-50,8,dense,3,NAWL:343|NGSL-GR:4195
level-3-first-50,9,ecology,3,NAWL:344
level-3-first-50,10,null,3,NAWL:345
level-3-first-50,11,discharge,3,NAWL:348|NGSL-GR:3489
level-3-first-50,12,adaptive,3,NAWL:349
level-3-first-50,13,ecological,3,NAWL:350
level-3-first-50,14,protocol,3,NAWL:351|NGSL-GR:4439
level-3-first-50,15,progressive,3,NAWL:352|NGSL-GR:3551
level-3-first-50,16,aesthetic,3,NAWL:353|NGSL-GR:4424
level-3-first-50,17,exploit,3,NAWL:354|NGSL-GR:2951
level-3-first-50,18,agriculture,3,NAWL:355|NGSL-GR:3079
level-3-first-50,19,practitioner,3,NAWL:356|NGSL-GR:3727
level-3-first-50,20,equivalence,3,NAWL:358
level-3-first-50,21,pragmatic,3,NAWL:359|NGSL-GR:4834
level-3-first-50,22,arrow,3,NAWL:361|NGSL-GR:4072
level-3-first-50,23,commentary,3,NAWL:363|NGSL-GR:3891
level-3-first-50,24,residue,3,NAWL:364
level-3-first-50,25,unstable,3,NAWL:365
level-3-first-50,26,consensus,3,NAWL:366|NGSL-GR:3109
level-3-first-50,27,radius,3,NAWL:368
level-3-first-50,28,artificial,3,NAWL:369|NGSL-GR:3372
level-3-first-50,29,harvest,3,NAWL:370|NGSL-GR:3416
level-3-first-50,30,suicide,3,NAWL:371|NGSL-GR:2907
level-3-first-50,31,pi,3,NAWL:372
level-3-first-50,32,monkey,3,NAWL:373|NGSL-GR:3808
level-3-first-50,33,habitat,3,NAWL:374|NGSL-GR:4318
level-3-first-50,34,replicate,3,NAWL:376|NGSL-GR:5010
level-3-first-50,35,disability,3,NAWL:378|NGSL-GR:3356
level-3-first-50,36,cattle,3,NAWL:379|NGSL-GR:3086
level-3-first-50,37,purely,3,NAWL:380|NGSL-GR:3384
level-3-first-50,38,scatter,3,NAWL:382|NGSL-GR:3031
level-3-first-50,39,problematic,3,NAWL:383|NGSL-GR:4596
level-3-first-50,40,linguistics,3,NAWL:385
level-3-first-50,41,hormone,3,NAWL:386|NGSL-GR:3992
level-3-first-50,42,primitive,3,NAWL:387|NGSL-GR:4443
level-3-first-50,43,accumulation,3,NAWL:389
level-3-first-50,44,static,3,NAWL:390|NGSL-GR:4629
level-3-first-50,45,substrate,3,NAWL:392
level-3-first-50,46,straightforward,3,NAWL:393|NGSL-GR:3740
level-3-first-50,47,discrimination,3,NAWL:394|NGSL-GR:3233
level-3-first-50,48,randomize,3,NAWL:396
level-3-first-50,49,sensory,3,NAWL:397
level-3-first-50,50,confine,3,NAWL:398|NGSL-GR:3190
