sampleSet,sampleIndex,word,level,sources
level-1-even-sample,1,mister,1,TSL:1
level-1-even-sample,2,downtown,1,TSL:17|NGSL-GR:3321
level-1-even-sample,3,fare,1,TSL:32|NGSL-GR:3098
level-1-even-sample,4,reception,1,TSL:46|NGSL-GR:2911
level-1-even-sample,5,outdoor,1,TSL:61|NGSL-GR:3168
level-1-even-sample,6,coupon,1,TSL:75
level-1-even-sample,7,explanatory,1,TSL:89
level-1-even-sample,8,cruise,1,TSL:103|NGSL-GR:3447
level-1-even-sample,9,unreal,1,TSL:119
level-1-even-sample,10,provider,1,TSL:133|NGSL-GR:3002
level-1-even-sample,11,workplace,1,TSL:147|NGSL-GR:3550
level-1-even-sample,12,highway,1,TSL:161|NGSL-GR:3210
level-1-even-sample,13,commuter,1,TSL:176
level-1-even-sample,14,password,1,TSL:190
level-1-even-sample,15,shuttle,1,TSL:204|NAWL:932|NGSL-GR:4514
level-1-even-sample,16,affordable,1,TSL:218|NGSL-GR:4845
level-1-even-sample,17,midnight,1,TSL:233|NGSL-GR:3377
level-1-even-sample,18,lamp,1,TSL:247|NGSL-GR:3253
level-1-even-sample,19,suite,1,TSL:261|NGSL-GR:3724
level-1-even-sample,20,calculator,1,TSL:276|NAWL:952
level-1-even-sample,21,defective,1,TSL:290
level-1-even-sample,22,conductor,1,TSL:305
level-1-even-sample,23,optional,1,TSL:319
level-1-even-sample,24,lane,1,TSL:334|NGSL-GR:3051
level-1-even-sample,25,overdue,1,TSL:348
level-1-even-sample,26,decorate,1,TSL:362|NGSL-GR:3180
level-1-even-sample,27,showroom,1,TSL:376
level-1-even-sample,28,incur,1,TSL:391|NGSL-GR:4546
level-1-even-sample,29,leisure,1,TSL:405|NAWL:692|NGSL-GR:2922
level-1-even-sample,30,hourly,1,TSL:419
level-1-even-sample,31,afterward,1,TSL:433|NAWL:756|NGSL-GR:2870
level-1-even-sample,32,postcard,1,TSL:448|NGSL-GR:5027
level-1-even-sample,33,equip,1,TSL:462|NGSL-GR:3170
level-1-even-sample,34,translation,1,TSL:476|NAWL:40|NGSL-GR:2904
level-1-even-sample,35,spokesperson,1,TSL:491
level-1-even-sample,36,newsstand,1,TSL:505
level-1-even-sample,37,disruption,1,TSL:519
level-1-even-sample,38,recruiter,1,TSL:533
level-1-even-sample,39,jam,1,TSL:548|NGSL-GR:3194
level-1-even-sample,40,absent,1,TSL:562|NGSL-GR:3268
level-1-even-sample,41,inappropriate,1,TSL:576|NGSL-GR:4179
level-1-even-sample,42,unspecified,1,TSL:590
level-1-even-sample,43,kit,1,TSL:605|NGSL-GR:3620
level-1-even-sample,44,separately,1,TSL:619|NAWL:395|NGSL-GR:3486
level-1-even-sample,45,elegant,1,TSL:633|NGSL-GR:3397
level-1-even-sample,46,referral,1,TSL:647
level-1-even-sample,47,campus,1,TSL:662|NAWL:886|NGSL-GR:3059
level-1-even-sample,48,entrepreneur,1,TSL:676|NGSL-GR:3685
level-1-even-sample,49,smoothly,1,TSL:690|NGSL-GR:4910
level-1-even-sample,50,compile,1,TSL:705|NGSL-GR:4273
level-2-even-sample,1,correction,2,TSL:706|NAWL:384|NGSL-GR:4095
level-2-even-sample,2,introductory,2,TSL:723
level-2-even-sample,3,seaside,2,TSL:740
level-2-even-sample,4,compartment,2,TSL:756
level-2-even-sample,5,graphics,2,TSL:773|NGSL-GR:3716
level-2-even-sample,6,silently,2,TSL:789
level-2-even-sample,7,bean,2,TSL:805|NGSL-GR:3408
level-2-even-sample,8,generalization,2,TSL:822|NAWL:334
level-2-even-sample,9,reflexive,2,TSL:838
level-2-even-sample,10,checkup,2,TSL:854
level-2-even-sample,11,rebate,2,TSL:871
level-2-even-sample,12,ambassador,2,TSL:887|NGSL-GR:3786
level-2-even-sample,13,dependence,2,TSL:903|NAWL:147|NGSL-GR:4395
level-2-even-sample,14,imperative,2,TSL:919|NGSL-GR:4818
level-2-even-sample,15,ray,2,TSL:936|NAWL:536|NGSL-GR:4418
level-2-even-sample,16,transmission,2,TSL:952|NAWL:109|NGSL-GR:3664
level-2-even-sample,17,deluxe,2,TSL:968
level-2-even-sample,18,gram,2,TSL:985|NAWL:815
level-2-even-sample,19,pastry,2,TSL:1001
level-2-even-sample,20,tremendous,2,TSL:1017|NAWL:825|NGSL-GR:2928
level-2-even-sample,21,centimeter,2,TSL:1034
level-2-even-sample,22,fluctuate,2,TSL:1050|NGSL-GR:4829
level-2-even-sample,23,pamphlet,2,TSL:1066
level-2-even-sample,24,someday,2,TSL:1083
level-2-even-sample,25,anyhow,2,TSL:1099
level-2-even-sample,26,copyright,2,TSL:1115|NGSL-GR:4550
level-2-even-sample,27,enrollment,2,TSL:1131
level-2-even-sample,28,lifeguard,2,TSL:1148
level-2-even-sample,29,railway,2,TSL:1164|NGSL-GR:2885
level-2-even-sample,30,stimulus,2,TSL:1180|NAWL:27|NGSL-GR:3195
level-2-even-sample,31,allergy,2,TSL:1197
level-2-even-sample,32,fixture,2,TSL:1214
level-2-even-sample,33,sunscreen,2,TSL:1230
level-2-even-sample,34,unauthorized,2,TSL:1247
level-2-even-sample,35,acid,2,NAWL:21|NGSL-GR:2877
level-2-even-sample,36,coefficient,2,NAWL:39
level-2-even-sample,37,node,2,NAWL:58|NGSL-GR:4763
level-2-even-sample,38,onset,2,NAWL:78|NGSL-GR:4675
level-2-even-sample,39,essentially,2,NAWL:100|NGSL-GR:2871
level-2-even-sample,40,sin,2,NAWL:119|NGSL-GR:3141
level-2-even-sample,41,systematic,2,NAWL:141|NGSL-GR:3970
level-2-even-sample,42,ex,2,NAWL:162|NGSL-GR:3122
level-2-even-sample,43,nonlinear,2,NAWL:183
level-2-even-sample,44,organ,2,NAWL:208|NGSL-GR:3043
level-2-even-sample,45,mathematical,2,NAWL:225|NGSL-GR:4065
level-2-even-sample,46,atom,2,NAWL:242|NGSL-GR:4336
level-2-even-sample,47,marginal,2,NAWL:265|NGSL-GR:4296
level-2-even-sample,48,derivative,2,NAWL:285|NGSL-GR:5003
level-2-even-sample,49,render,2,NAWL:307|NGSL-GR:3009
level-2-even-sample,50,observer,2,NAWL:331|NGSL-GR:3069
level-3-even-sample,1,inhibition,3,NAWL:332
level-3-even-sample,2,pragmatic,3,NAWL:359|NGSL-GR:4834
level-3-even-sample,3,hormone,3,NAWL:386|NGSL-GR:3992
level-3-even-sample,4,conscious,3,NAWL:414|NGSL-GR:2981
level-3-even-sample,5,manipulation,3,NAWL:444|NGSL-GR:4990
level-3-even-sample,6,myth,3,NAWL:473|NGSL-GR:3478
level-3-even-sample,7,legitimate,3,NAWL:500|NGSL-GR:3386
level-3-even-sample,8,resistant,3,NAWL:525
level-3-even-sample,9,revolutionary,3,NAWL:550|NGSL-GR:3535
level-3-even-sample,10,inevitably,3,NAWL:576|NGSL-GR:3277
level-3-even-sample,11,stabilize,3,NAWL:604|NGSL-GR:4754
level-3-even-sample,12,rationality,3,NAWL:633
level-3-even-sample,13,diary,3,NAWL:663|NGSL-GR:2892
level-3-even-sample,14,sensation,3,NAWL:685|NGSL-GR:3858
level-3-even-sample,15,capillary,3,NAWL:710
level-3-even-sample,16,helix,3,NAWL:733
level-3-even-sample,17,yeast,3,NAWL:761
level-3-even-sample,18,blank,3,NAWL:791|NGSL-GR:3283
level-3-even-sample,19,liable,3,NAWL:816|NGSL-GR:4612
level-3-even-sample,20,powder,3,NAWL:846|NGSL-GR:3750
level-3-even-sample,21,mercury,3,NAWL:874
level-3-even-sample,22,reactor,3,NAWL:903
level-3-even-sample,23,multi,3,NAWL:927
level-3-even-sample,24,sniff,3,NAWL:955|NGSL-GR:4677
level-3-even-sample,25,twenty,3,NGSL-GR:37
level-3-even-sample,26,in,3,NGSL-GR:57
level-3-even-sample,27,will,3,NGSL-GR:78
level-3-even-sample,28,make,3,NGSL-GR:98
level-3-even-sample,29,use,3,NGSL-GR:118
level-3-even-sample,30,should,3,NGSL-GR:139
level-3-even-sample,31,down,3,NGSL-GR:159
level-3-even-sample,32,part,3,NGSL-GR:180
level-3-even-sample,33,off,3,NGSL-GR:200
level-3-even-sample,34,around,3,NGSL-GR:220
level-3-even-sample,35,since,3,NGSL-GR:241
level-3-even-sample,36,business,3,NGSL-GR:261
level-3-even-sample,37,job,3,NGSL-GR:281
level-3-even-sample,38,cost,3,NGSL-GR:302
level-3-even-sample,39,support,3,NGSL-GR:322
level-3-even-sample,40,view,3,NGSL-GR:343
level-3-even-sample,41,care,3,NGSL-GR:363
level-3-even-sample,42,visit,3,NGSL-GR:383
level-3-even-sample,43,real,3,NGSL-GR:404
level-3-even-sample,44,remain,3,NGSL-GR:424
level-3-even-sample,45,free,3,NGSL-GR:445
level-3-even-sample,46,rule,3,NGSL-GR:465
level-3-even-sample,47,war,3,NGSL-GR:485
level-3-even-sample,48,cut,3,NGSL-GR:506
level-3-even-sample,49,eat,3,NGSL-GR:526
level-3-even-sample,50,charge,3,NGSL-GR:548
