word,level,primaryMeaning1,primaryMeaning2,primaryMeaning3,wordConfidence,reviewReasons,wordnetCoverage,wiktionaryCoverage,dictionaryAgreement,notes
boardroom,1,,,,low,MISSING_JAPANESE,false,false,missing,Neither dictionary provided a usable Japanese meaning for this sample word.
culinary,1,,,,low,MISSING_JAPANESE,false,false,missing,Neither dictionary provided a usable Japanese meaning for this sample word.
distractor,1,,,,low,MISSING_JAPANESE,false,false,missing,Neither dictionary provided a usable Japanese meaning for this sample word.
fax,1,noun: ファクシミリ機・電話ファクシミリ [low],,,low,DICTIONARY_DISAGREEMENT|LOW_CONFIDENCE|POS_MISMATCH,true,true,disagreement,"At least one selected primary meaning has low confidence. Both dictionaries had data, but no selected candidate was supported by both sources. Top POS differs between dictionaries: WordNet=noun, Wiktionary=abbreviation."
flu,1,noun: 感冒・流感 [low],,,low,DICTIONARY_DISAGREEMENT|LOW_CONFIDENCE|POS_MISMATCH,true,true,disagreement,"At least one selected primary meaning has low confidence. Both dictionaries had data, but no selected candidate was supported by both sources. Top POS differs between dictionaries: WordNet=noun, Wiktionary=abbreviation."
gym,1,noun: 体操場・体育館 [low],,,low,DICTIONARY_DISAGREEMENT|LOW_CONFIDENCE|POS_MISMATCH,true,true,disagreement,"At least one selected primary meaning has low confidence. Both dictionaries had data, but no selected candidate was supported by both sources. Top POS differs between dictionaries: WordNet=noun, Wiktionary=abbreviation."
hotline,1,,,,low,MISSING_JAPANESE,false,false,missing,Neither dictionary provided a usable Japanese meaning for this sample word.
indoor,1,,,,low,MISSING_JAPANESE,false,false,missing,Neither dictionary provided a usable Japanese meaning for this sample word.
login,1,,,,low,MISSING_JAPANESE,false,false,missing,Neither dictionary provided a usable Japanese meaning for this sample word.
manual,1,noun: 便覧・入門 [low],,,low,AMBIGUOUS_PRIMARY_SENSE|DICTIONARY_DISAGREEMENT|LOW_CONFIDENCE|POS_MISMATCH,true,true,disagreement,"At least one selected primary meaning has low confidence. Both dictionaries had data, but no selected candidate was supported by both sources. 7 candidate meanings remained after dictionary merge, so top-3 selection is heuristic. Top POS differs between dictionaries: WordNet=noun, Wiktionary=adjective."
mister,1,noun: -氏 [low],,,low,UNNATURAL_JAPANESE|LOW_CONFIDENCE,true,false,wordnet-only,At least one selected primary meaning has low confidence. Selected display text may be unnatural: -氏.
outdoor,1,,,,low,MISSING_JAPANESE,false,false,missing,Neither dictionary provided a usable Japanese meaning for this sample word.
payable,1,noun: 買い掛け金 [low],,,low,AMBIGUOUS_PRIMARY_SENSE|DICTIONARY_DISAGREEMENT|LOW_CONFIDENCE|POS_MISMATCH,true,true,disagreement,"At least one selected primary meaning has low confidence. Both dictionaries had data, but no selected candidate was supported by both sources. 6 candidate meanings remained after dictionary merge, so top-3 selection is heuristic. Top POS differs between dictionaries: WordNet=noun, Wiktionary=adjective."
realtor,1,,,,low,MISSING_JAPANESE,false,false,missing,Neither dictionary provided a usable Japanese meaning for this sample word.
salesperson,1,,,,low,MISSING_JAPANESE,false,false,missing,Neither dictionary provided a usable Japanese meaning for this sample word.
shopper,1,,,,low,MISSING_JAPANESE,false,false,missing,Neither dictionary provided a usable Japanese meaning for this sample word.
sunny,1,adjective: 快活・朗ら [low],,,low,DICTIONARY_DISAGREEMENT|LOW_CONFIDENCE|POS_MISMATCH,true,true,disagreement,"At least one selected primary meaning has low confidence. Both dictionaries had data, but no selected candidate was supported by both sources. Top POS differs between dictionaries: WordNet=adjective, Wiktionary=noun."
taker,1,,,,low,MISSING_JAPANESE,false,false,missing,Neither dictionary provided a usable Japanese meaning for this sample word.
bilingual,2,noun: バイリンガル [low],,,low,AMBIGUOUS_PRIMARY_SENSE|DICTIONARY_DISAGREEMENT|LOW_CONFIDENCE|POS_MISMATCH,true,true,disagreement,"At least one selected primary meaning has low confidence. Both dictionaries had data, but no selected candidate was supported by both sources. 4 candidate meanings remained after dictionary merge, so top-3 selection is heuristic. Top POS differs between dictionaries: WordNet=noun, Wiktionary=adjective."
bye,2,noun: 左様なら・おさらば [low],,,low,DICTIONARY_DISAGREEMENT|LOW_CONFIDENCE|POS_MISMATCH,true,true,disagreement,"At least one selected primary meaning has low confidence. Both dictionaries had data, but no selected candidate was supported by both sources. Top POS differs between dictionaries: WordNet=noun, Wiktionary=interjection."
carton,2,,,,low,MISSING_JAPANESE,false,false,missing,Neither dictionary provided a usable Japanese meaning for this sample word.
cordless,2,,,,low,MISSING_JAPANESE,false,false,missing,Neither dictionary provided a usable Japanese meaning for this sample word.
downsize,2,,,,low,MISSING_JAPANESE,false,false,missing,Neither dictionary provided a usable Japanese meaning for this sample word.
flextime,2,,,,low,MISSING_JAPANESE,false,true,wiktionary-only,Neither dictionary provided a usable Japanese meaning for this sample word.
fundraise,2,,,,low,MISSING_JAPANESE,false,false,missing,Neither dictionary provided a usable Japanese meaning for this sample word.
healthcare,2,,,,low,MISSING_JAPANESE,false,false,missing,Neither dictionary provided a usable Japanese meaning for this sample word.
homemade,2,,,,low,MISSING_JAPANESE,false,false,missing,Neither dictionary provided a usable Japanese meaning for this sample word.
housekeep,2,,,,low,MISSING_JAPANESE,false,false,missing,Neither dictionary provided a usable Japanese meaning for this sample word.
jeans,2,,,,low,MISSING_JAPANESE,false,false,missing,Neither dictionary provided a usable Japanese meaning for this sample word.
lateral,2,,,,low,MISSING_JAPANESE,false,false,missing,Neither dictionary provided a usable Japanese meaning for this sample word.
lifeguard,2,,,,low,MISSING_JAPANESE,false,false,missing,Neither dictionary provided a usable Japanese meaning for this sample word.
longitudinal,2,,,,low,MISSING_JAPANESE,false,false,missing,Neither dictionary provided a usable Japanese meaning for this sample word.
non,2,,,,low,MISSING_JAPANESE,false,false,missing,Neither dictionary provided a usable Japanese meaning for this sample word.
nonlinear,2,,,,low,MISSING_JAPANESE,false,false,missing,Neither dictionary provided a usable Japanese meaning for this sample word.
overcrowd,2,,,,low,MISSING_JAPANESE,false,false,missing,Neither dictionary provided a usable Japanese meaning for this sample word.
pre,2,,,,low,MISSING_JAPANESE,false,false,missing,Neither dictionary provided a usable Japanese meaning for this sample word.
prestigious,2,,,,low,MISSING_JAPANESE,false,false,missing,Neither dictionary provided a usable Japanese meaning for this sample word.
psychiatric,2,,,,low,MISSING_JAPANESE,false,false,missing,Neither dictionary provided a usable Japanese meaning for this sample word.
redecorate,2,,,,low,MISSING_JAPANESE,false,false,missing,Neither dictionary provided a usable Japanese meaning for this sample word.
redesign,2,,,,low,MISSING_JAPANESE,false,false,missing,Neither dictionary provided a usable Japanese meaning for this sample word.
refundable,2,,,,low,MISSING_JAPANESE,false,false,missing,Neither dictionary provided a usable Japanese meaning for this sample word.
repairperson,2,,,,low,MISSING_JAPANESE,false,false,missing,Neither dictionary provided a usable Japanese meaning for this sample word.
revolutionize,2,,,,low,MISSING_JAPANESE,false,false,missing,Neither dictionary provided a usable Japanese meaning for this sample word.
salespeople,2,,,,low,MISSING_JAPANESE,false,false,missing,Neither dictionary provided a usable Japanese meaning for this sample word.
steak,2,,,,low,MISSING_JAPANESE,false,false,missing,Neither dictionary provided a usable Japanese meaning for this sample word.
syntactic,2,,,,low,MISSING_JAPANESE,false,false,missing,Neither dictionary provided a usable Japanese meaning for this sample word.
tumor,2,noun: 腫瘍・新生物 [low],,,low,DICTIONARY_DISAGREEMENT|LOW_CONFIDENCE|POS_MISMATCH,true,true,disagreement,"At least one selected primary meaning has low confidence. Both dictionaries had data, but no selected candidate was supported by both sources. Top POS differs between dictionaries: WordNet=noun, Wiktionary=proper noun."
variability,2,,,,low,MISSING_JAPANESE,false,false,missing,Neither dictionary provided a usable Japanese meaning for this sample word.
videoconference,2,,,,low,MISSING_JAPANESE,false,false,missing,Neither dictionary provided a usable Japanese meaning for this sample word.
a,3,noun: ビタミンA [medium],noun: オングストローム [medium],noun: A型 [medium],low,AMBIGUOUS_PRIMARY_SENSE|UNNATURAL_JAPANESE|TOO_MANY_SENSES,true,true,supported-by-both,"Selected display text may be unnatural: ビタミンA / A型. 10 candidate meanings remained after dictionary merge, so top-3 selection is heuristic. High sense count: WordNet synsets 7, Wiktionary senses 24."
about,3,adverb: 先ず・凡そ [low],,,low,AMBIGUOUS_PRIMARY_SENSE|DICTIONARY_DISAGREEMENT|LOW_CONFIDENCE|POS_MISMATCH,true,true,disagreement,"At least one selected primary meaning has low confidence. Both dictionaries had data, but no selected candidate was supported by both sources. 11 candidate meanings remained after dictionary merge, so top-3 selection is heuristic. Top POS differs between dictionaries: WordNet=adverb, Wiktionary=preposition."
across,3,adverb: 横切って [low],,,low,AMBIGUOUS_PRIMARY_SENSE|DICTIONARY_DISAGREEMENT|LOW_CONFIDENCE|POS_MISMATCH,true,true,disagreement,"At least one selected primary meaning has low confidence. Both dictionaries had data, but no selected candidate was supported by both sources. 6 candidate meanings remained after dictionary merge, so top-3 selection is heuristic. Top POS differs between dictionaries: WordNet=adverb, Wiktionary=preposition."
ago,3,adverb: 以前に [low],,,low,DICTIONARY_DISAGREEMENT|LOW_CONFIDENCE|POS_MISMATCH,true,true,disagreement,"At least one selected primary meaning has low confidence. Both dictionaries had data, but no selected candidate was supported by both sources. Top POS differs between dictionaries: WordNet=adverb, Wiktionary=postp."
among,3,,,,low,MISSING_JAPANESE,false,true,wiktionary-only,Neither dictionary provided a usable Japanese meaning for this sample word.
amongst,3,,,,low,MISSING_JAPANESE,false,true,wiktionary-only,Neither dictionary provided a usable Japanese meaning for this sample word.
another,3,adjective: 別個・別 [low],,,low,AMBIGUOUS_PRIMARY_SENSE|DICTIONARY_DISAGREEMENT|LOW_CONFIDENCE|POS_MISMATCH,true,true,disagreement,"At least one selected primary meaning has low confidence. Both dictionaries had data, but no selected candidate was supported by both sources. 4 candidate meanings remained after dictionary merge, so top-3 selection is heuristic. Top POS differs between dictionaries: WordNet=adjective, Wiktionary=det."
any,3,adverb: 何らか・何等か [low],,,low,AMBIGUOUS_PRIMARY_SENSE|DICTIONARY_DISAGREEMENT|LOW_CONFIDENCE|POS_MISMATCH,true,true,disagreement,"At least one selected primary meaning has low confidence. Both dictionaries had data, but no selected candidate was supported by both sources. 5 candidate meanings remained after dictionary merge, so top-3 selection is heuristic. Top POS differs between dictionaries: WordNet=adverb, Wiktionary=det."
at,3,noun: アット [low],,,low,AMBIGUOUS_PRIMARY_SENSE|DICTIONARY_DISAGREEMENT|LOW_CONFIDENCE|POS_MISMATCH,true,true,disagreement,"At least one selected primary meaning has low confidence. Both dictionaries had data, but no selected candidate was supported by both sources. 6 candidate meanings remained after dictionary merge, so top-3 selection is heuristic. Top POS differs between dictionaries: WordNet=noun, Wiktionary=preposition."
because,3,,,,low,MISSING_JAPANESE,false,true,wiktionary-only,Neither dictionary provided a usable Japanese meaning for this sample word.
billion,3,noun: 億兆・百萬 [low],,,low,AMBIGUOUS_PRIMARY_SENSE|DICTIONARY_DISAGREEMENT|LOW_CONFIDENCE|POS_MISMATCH,true,true,disagreement,"At least one selected primary meaning has low confidence. Both dictionaries had data, but no selected candidate was supported by both sources. 5 candidate meanings remained after dictionary merge, so top-3 selection is heuristic. Top POS differs between dictionaries: WordNet=noun, Wiktionary=num."
but,3,adverb: 一人・僅々 [low],,,low,AMBIGUOUS_PRIMARY_SENSE|DICTIONARY_DISAGREEMENT|LOW_CONFIDENCE|POS_MISMATCH,true,true,disagreement,"At least one selected primary meaning has low confidence. Both dictionaries had data, but no selected candidate was supported by both sources. 7 candidate meanings remained after dictionary merge, so top-3 selection is heuristic. Top POS differs between dictionaries: WordNet=adverb, Wiktionary=conjunction."
circa,3,,,,low,MISSING_JAPANESE,false,true,wiktionary-only,Neither dictionary provided a usable Japanese meaning for this sample word.
communicative,3,,,,low,MISSING_JAPANESE,false,false,missing,Neither dictionary provided a usable Japanese meaning for this sample word.
could,3,,,,low,MISSING_JAPANESE,false,true,wiktionary-only,Neither dictionary provided a usable Japanese meaning for this sample word.
during,3,,,,low,MISSING_JAPANESE,false,true,wiktionary-only,Neither dictionary provided a usable Japanese meaning for this sample word.
eight,3,noun: 八つ・エイト [low],,,low,DICTIONARY_DISAGREEMENT|LOW_CONFIDENCE|POS_MISMATCH,true,true,disagreement,"At least one selected primary meaning has low confidence. Both dictionaries had data, but no selected candidate was supported by both sources. Top POS differs between dictionaries: WordNet=noun, Wiktionary=num."
eighty,3,noun: 八十 [low],,,low,DICTIONARY_DISAGREEMENT|LOW_CONFIDENCE|POS_MISMATCH,true,true,disagreement,"At least one selected primary meaning has low confidence. Both dictionaries had data, but no selected candidate was supported by both sources. Top POS differs between dictionaries: WordNet=noun, Wiktionary=num."
every,3,adjective: 毎 [low],,,low,AMBIGUOUS_PRIMARY_SENSE|DICTIONARY_DISAGREEMENT|LOW_CONFIDENCE|POS_MISMATCH,true,true,disagreement,"At least one selected primary meaning has low confidence. Both dictionaries had data, but no selected candidate was supported by both sources. 4 candidate meanings remained after dictionary merge, so top-3 selection is heuristic. Top POS differs between dictionaries: WordNet=adjective, Wiktionary=det."
fifty,3,noun: 五十・五拾 [low],,,low,DICTIONARY_DISAGREEMENT|LOW_CONFIDENCE|POS_MISMATCH,true,true,disagreement,"At least one selected primary meaning has low confidence. Both dictionaries had data, but no selected candidate was supported by both sources. Top POS differs between dictionaries: WordNet=noun, Wiktionary=num."
forty,3,noun: 四十 [low],,,low,DICTIONARY_DISAGREEMENT|LOW_CONFIDENCE|POS_MISMATCH,true,true,disagreement,"At least one selected primary meaning has low confidence. Both dictionaries had data, but no selected candidate was supported by both sources. Top POS differs between dictionaries: WordNet=noun, Wiktionary=num."
four,3,noun: 四つ・四物 [low],,,low,DICTIONARY_DISAGREEMENT|LOW_CONFIDENCE|POS_MISMATCH,true,true,disagreement,"At least one selected primary meaning has low confidence. Both dictionaries had data, but no selected candidate was supported by both sources. Top POS differs between dictionaries: WordNet=noun, Wiktionary=num."
into,3,,,,low,MISSING_JAPANESE,false,true,wiktionary-only,Neither dictionary provided a usable Japanese meaning for this sample word.
many,3,adjective: 多い・数多い [low],,,low,AMBIGUOUS_PRIMARY_SENSE|DICTIONARY_DISAGREEMENT|LOW_CONFIDENCE|POS_MISMATCH,true,true,disagreement,"At least one selected primary meaning has low confidence. Both dictionaries had data, but no selected candidate was supported by both sources. 4 candidate meanings remained after dictionary merge, so top-3 selection is heuristic. Top POS differs between dictionaries: WordNet=adjective, Wiktionary=det."
minus,3,noun: 減法・マイナス [low],,,low,AMBIGUOUS_PRIMARY_SENSE|DICTIONARY_DISAGREEMENT|LOW_CONFIDENCE|POS_MISMATCH,true,true,disagreement,"At least one selected primary meaning has low confidence. Both dictionaries had data, but no selected candidate was supported by both sources. 8 candidate meanings remained after dictionary merge, so top-3 selection is heuristic. Top POS differs between dictionaries: WordNet=noun, Wiktionary=preposition."
morality,3,noun: 人倫・倫理 [low],,,low,AMBIGUOUS_PRIMARY_SENSE|DICTIONARY_DISAGREEMENT|LOW_CONFIDENCE,true,true,disagreement,"At least one selected primary meaning has low confidence. Both dictionaries had data, but no selected candidate was supported by both sources. 7 candidate meanings remained after dictionary merge, so top-3 selection is heuristic."
multi,3,,,,low,MISSING_JAPANESE,false,false,missing,Neither dictionary provided a usable Japanese meaning for this sample word.
neo,3,,,,low,MISSING_JAPANESE,false,false,missing,Neither dictionary provided a usable Japanese meaning for this sample word.
ninety,3,noun: 九十 [low],,,low,DICTIONARY_DISAGREEMENT|LOW_CONFIDENCE|POS_MISMATCH,true,true,disagreement,"At least one selected primary meaning has low confidence. Both dictionaries had data, but no selected candidate was supported by both sources. Top POS differs between dictionaries: WordNet=noun, Wiktionary=num."
no,3,adjective: 不 [low],,,low,AMBIGUOUS_PRIMARY_SENSE|DICTIONARY_DISAGREEMENT|LOW_CONFIDENCE|TOO_MANY_SENSES|POS_MISMATCH,true,true,disagreement,"At least one selected primary meaning has low confidence. Both dictionaries had data, but no selected candidate was supported by both sources. 10 candidate meanings remained after dictionary merge, so top-3 selection is heuristic. High sense count: WordNet synsets 6, Wiktionary senses 10. Top POS differs between dictionaries: WordNet=adjective, Wiktionary=det."
on,3,adverb: 先へ・前へ [low],,,low,AMBIGUOUS_PRIMARY_SENSE|DICTIONARY_DISAGREEMENT|LOW_CONFIDENCE|TOO_MANY_SENSES|POS_MISMATCH,true,true,disagreement,"At least one selected primary meaning has low confidence. Both dictionaries had data, but no selected candidate was supported by both sources. 9 candidate meanings remained after dictionary merge, so top-3 selection is heuristic. High sense count: WordNet synsets 5, Wiktionary senses 10. Top POS differs between dictionaries: WordNet=adverb, Wiktionary=preposition."
other,3,adjective: 他し・別 [low],,,low,AMBIGUOUS_PRIMARY_SENSE|DICTIONARY_DISAGREEMENT|LOW_CONFIDENCE|POS_MISMATCH,true,true,disagreement,"At least one selected primary meaning has low confidence. Both dictionaries had data, but no selected candidate was supported by both sources. 7 candidate meanings remained after dictionary merge, so top-3 selection is heuristic. Top POS differs between dictionaries: WordNet=adjective, Wiktionary=det."
over,3,adverb: 隈なく・隈無く [low],,,low,AMBIGUOUS_PRIMARY_SENSE|DICTIONARY_DISAGREEMENT|LOW_CONFIDENCE|TOO_MANY_SENSES|POS_MISMATCH,true,true,disagreement,"At least one selected primary meaning has low confidence. Both dictionaries had data, but no selected candidate was supported by both sources. 8 candidate meanings remained after dictionary merge, so top-3 selection is heuristic. High sense count: WordNet synsets 7, Wiktionary senses 18. Top POS differs between dictionaries: WordNet=adverb, Wiktionary=adjective."
practitioner,3,,,,low,MISSING_JAPANESE,false,false,missing,Neither dictionary provided a usable Japanese meaning for this sample word.
primitive,3,adjective: 元始的・原始的 [low],,,low,AMBIGUOUS_PRIMARY_SENSE|DICTIONARY_DISAGREEMENT|LOW_CONFIDENCE|POS_MISMATCH,true,true,disagreement,"At least one selected primary meaning has low confidence. Both dictionaries had data, but no selected candidate was supported by both sources. 9 candidate meanings remained after dictionary merge, so top-3 selection is heuristic. Top POS differs between dictionaries: WordNet=adjective, Wiktionary=noun."
sensory,3,,,,low,MISSING_JAPANESE,false,false,missing,Neither dictionary provided a usable Japanese meaning for this sample word.
seven,3,noun: 七つ・セブン [low],,,low,DICTIONARY_DISAGREEMENT|LOW_CONFIDENCE|POS_MISMATCH,true,true,disagreement,"At least one selected primary meaning has low confidence. Both dictionaries had data, but no selected candidate was supported by both sources. Top POS differs between dictionaries: WordNet=noun, Wiktionary=num."
seventy,3,noun: 七十 [low],,,low,DICTIONARY_DISAGREEMENT|LOW_CONFIDENCE|POS_MISMATCH,true,true,disagreement,"At least one selected primary meaning has low confidence. Both dictionaries had data, but no selected candidate was supported by both sources. Top POS differs between dictionaries: WordNet=noun, Wiktionary=num."
several,3,adjective: 別々・異々 [low],,,low,AMBIGUOUS_PRIMARY_SENSE|DICTIONARY_DISAGREEMENT|LOW_CONFIDENCE|POS_MISMATCH,true,true,disagreement,"At least one selected primary meaning has low confidence. Both dictionaries had data, but no selected candidate was supported by both sources. 7 candidate meanings remained after dictionary merge, so top-3 selection is heuristic. Top POS differs between dictionaries: WordNet=adjective, Wiktionary=det."
sixty,3,noun: 六十 [low],,,low,DICTIONARY_DISAGREEMENT|LOW_CONFIDENCE|POS_MISMATCH,true,true,disagreement,"At least one selected primary meaning has low confidence. Both dictionaries had data, but no selected candidate was supported by both sources. Top POS differs between dictionaries: WordNet=noun, Wiktionary=num."
so,3,adverb: 其は・然許 [low],,,low,AMBIGUOUS_PRIMARY_SENSE|DICTIONARY_DISAGREEMENT|LOW_CONFIDENCE|TOO_MANY_SENSES|POS_MISMATCH,true,true,disagreement,"At least one selected primary meaning has low confidence. Both dictionaries had data, but no selected candidate was supported by both sources. 12 candidate meanings remained after dictionary merge, so top-3 selection is heuristic. High sense count: WordNet synsets 11, Wiktionary senses 17. Top POS differs between dictionaries: WordNet=adverb, Wiktionary=abbreviation."
some,3,adjective: いくらか・幾 [low],,,low,AMBIGUOUS_PRIMARY_SENSE|DICTIONARY_DISAGREEMENT|LOW_CONFIDENCE|POS_MISMATCH,true,true,disagreement,"At least one selected primary meaning has low confidence. Both dictionaries had data, but no selected candidate was supported by both sources. 8 candidate meanings remained after dictionary merge, so top-3 selection is heuristic. Top POS differs between dictionaries: WordNet=adjective, Wiktionary=det."
such,3,adverb: 是程・此程 [low],,,low,AMBIGUOUS_PRIMARY_SENSE|DICTIONARY_DISAGREEMENT|LOW_CONFIDENCE|POS_MISMATCH,true,true,disagreement,"At least one selected primary meaning has low confidence. Both dictionaries had data, but no selected candidate was supported by both sources. 4 candidate meanings remained after dictionary merge, so top-3 selection is heuristic. Top POS differs between dictionaries: WordNet=adverb, Wiktionary=adjective."
ten,3,noun: テン [low],,,low,DICTIONARY_DISAGREEMENT|LOW_CONFIDENCE|POS_MISMATCH,true,true,disagreement,"At least one selected primary meaning has low confidence. Both dictionaries had data, but no selected candidate was supported by both sources. Top POS differs between dictionaries: WordNet=noun, Wiktionary=num."
than,3,,,,low,MISSING_JAPANESE,false,true,wiktionary-only,Neither dictionary provided a usable Japanese meaning for this sample word.
thirteen,3,noun: 十三 [low],,,low,DICTIONARY_DISAGREEMENT|LOW_CONFIDENCE|POS_MISMATCH,true,true,disagreement,"At least one selected primary meaning has low confidence. Both dictionaries had data, but no selected candidate was supported by both sources. Top POS differs between dictionaries: WordNet=noun, Wiktionary=num."
thirty,3,noun: 三十・三十路 [low],,,low,DICTIONARY_DISAGREEMENT|LOW_CONFIDENCE|POS_MISMATCH,true,true,disagreement,"At least one selected primary meaning has low confidence. Both dictionaries had data, but no selected candidate was supported by both sources. Top POS differs between dictionaries: WordNet=noun, Wiktionary=num."
three,3,noun: 三つ・参 [low],,,low,DICTIONARY_DISAGREEMENT|LOW_CONFIDENCE|POS_MISMATCH,true,true,disagreement,"At least one selected primary meaning has low confidence. Both dictionaries had data, but no selected candidate was supported by both sources. Top POS differs between dictionaries: WordNet=noun, Wiktionary=num."
toward,3,,,,low,MISSING_JAPANESE,false,true,wiktionary-only,Neither dictionary provided a usable Japanese meaning for this sample word.
trans,3,,,,low,MISSING_JAPANESE,false,false,missing,Neither dictionary provided a usable Japanese meaning for this sample word.
trillion,3,noun: 一兆 [low],,,low,AMBIGUOUS_PRIMARY_SENSE|DICTIONARY_DISAGREEMENT|LOW_CONFIDENCE|POS_MISMATCH,true,true,disagreement,"At least one selected primary meaning has low confidence. Both dictionaries had data, but no selected candidate was supported by both sources. 5 candidate meanings remained after dictionary merge, so top-3 selection is heuristic. Top POS differs between dictionaries: WordNet=noun, Wiktionary=num."
twelve,3,adjective: 十二の [low],,,low,DICTIONARY_DISAGREEMENT|LOW_CONFIDENCE|POS_MISMATCH,true,true,disagreement,"At least one selected primary meaning has low confidence. Both dictionaries had data, but no selected candidate was supported by both sources. Top POS differs between dictionaries: WordNet=adjective, Wiktionary=num."
twenty,3,noun: 二十 [low],,,low,DICTIONARY_DISAGREEMENT|LOW_CONFIDENCE|POS_MISMATCH,true,true,disagreement,"At least one selected primary meaning has low confidence. Both dictionaries had data, but no selected candidate was supported by both sources. Top POS differs between dictionaries: WordNet=noun, Wiktionary=num."
under,3,adverb: 従属して・圧倒されて [low],,,low,DICTIONARY_DISAGREEMENT|LOW_CONFIDENCE|TOO_MANY_SENSES|POS_MISMATCH,true,true,disagreement,"At least one selected primary meaning has low confidence. Both dictionaries had data, but no selected candidate was supported by both sources. High sense count: WordNet synsets 10, Wiktionary senses 4. Top POS differs between dictionaries: WordNet=adverb, Wiktionary=preposition."
until,3,,,,low,MISSING_JAPANESE,false,true,wiktionary-only,Neither dictionary provided a usable Japanese meaning for this sample word.
whereby,3,,,,low,MISSING_JAPANESE,false,false,missing,Neither dictionary provided a usable Japanese meaning for this sample word.
whether,3,,,,low,MISSING_JAPANESE,false,true,wiktionary-only,Neither dictionary provided a usable Japanese meaning for this sample word.
yes,3,noun: 肯定的な返答 [low],,,low,AMBIGUOUS_PRIMARY_SENSE|DICTIONARY_DISAGREEMENT|LOW_CONFIDENCE|POS_MISMATCH,true,true,disagreement,"At least one selected primary meaning has low confidence. Both dictionaries had data, but no selected candidate was supported by both sources. 7 candidate meanings remained after dictionary merge, so top-3 selection is heuristic. Top POS differs between dictionaries: WordNet=noun, Wiktionary=adverb."
zero,3,noun: 皆無・絶無 [medium],noun: ゼロ・零 [medium],noun: ZERO [medium],low,AMBIGUOUS_PRIMARY_SENSE|UNNATURAL_JAPANESE|TOO_MANY_SENSES,true,true,supported-by-both,"Selected display text may be unnatural: ZERO. 8 candidate meanings remained after dictionary merge, so top-3 selection is heuristic. High sense count: WordNet synsets 10, Wiktionary senses 7."
