level,sampleIndex,word,sources
1,1,vacation,TSL:2|BSL:1466
1,2,sincerely,TSL:11
1,3,deadline,TSL:18|NAWL:922|BSL:560
1,4,publish,TSL:25|NAWL:9|BSL:19
1,5,receipt,TSL:33|BSL:118
1,6,waiter,TSL:40
1,7,correctly,TSL:47|NAWL:421|BSL:536
1,8,convenient,TSL:54|BSL:662
1,9,outdoor,TSL:61
1,10,inference,TSL:68|NAWL:232|BSL:1576
1,11,coupon,TSL:75|BSL:52
1,12,replacement,TSL:82|NAWL:430|BSL:179
1,13,explanatory,TSL:89
1,14,laptop,TSL:96|BSL:1270
1,15,cruise,TSL:103|BSL:1659
1,16,tenant,TSL:111|BSL:181
1,17,unreal,TSL:119
1,18,donation,TSL:127|BSL:1103
1,19,beverage,TSL:134|BSL:1581
1,20,merger,TSL:141|BSL:25
1,21,architect,TSL:148|NAWL:561|BSL:935
1,22,drawer,TSL:155
1,23,respondent,TSL:162|BSL:112
1,24,briefcase,TSL:169
1,25,commuter,TSL:176
1,26,shopper,TSL:183|BSL:668
1,27,password,TSL:190
1,28,delicious,TSL:197
1,29,shuttle,TSL:204|NAWL:932
1,30,refreshment,TSL:211
1,31,affordable,TSL:218|BSL:1268
1,32,flu,TSL:225
1,33,hike,TSL:232
1,34,verify,TSL:240|BSL:569
1,35,lamp,TSL:247
1,36,carrier,TSL:254|NAWL:530|BSL:144
1,37,suite,TSL:261|BSL:1619
1,38,painter,TSL:268
1,39,salesperson,TSL:275|BSL:1090
1,40,bathroom,TSL:282
1,41,buffet,TSL:289
1,42,annually,TSL:297|BSL:266
1,43,cabin,TSL:304
1,44,expertise,TSL:311|NAWL:578|BSL:161
1,45,minimize,TSL:318|NAWL:321|BSL:134
1,46,sightsee,TSL:325
1,47,fountain,TSL:332
1,48,vacancy,TSL:339
1,49,knowledgeable,TSL:346
1,50,enroll,TSL:353
1,51,decorate,TSL:362
1,52,generous,TSL:369|BSL:376
1,53,showroom,TSL:376
1,54,realistic,TSL:383|NAWL:590|BSL:556
1,55,finalize,TSL:390
1,56,projector,TSL:397
1,57,jog,TSL:404
1,58,yearly,TSL:411|BSL:1434
1,59,furnish,TSL:418|BSL:1408
1,60,quarterly,TSL:425|BSL:254
1,61,accessible,TSL:432|BSL:1131
1,62,caterer,TSL:439
1,63,outdated,TSL:446
1,64,tray,TSL:453
1,65,coordinator,TSL:460
1,66,librarian,TSL:467
1,67,terminate,TSL:475|BSL:485
1,68,escort,TSL:482
1,69,reopen,TSL:489
1,70,considerably,TSL:496|BSL:717
1,71,mislead,TSL:503|BSL:423
1,72,statistics,TSL:510|NAWL:853|BSL:129
1,73,celebrity,TSL:517|BSL:1156
1,74,irregular,TSL:524
1,75,programmer,TSL:531|BSL:1690
1,76,vacant,TSL:538
1,77,downstairs,TSL:545
1,78,projection,TSL:552|NAWL:144|BSL:462
1,79,visa,TSL:559|BSL:1247
1,80,businessman,TSL:566|BSL:195
1,81,facilitate,TSL:573|NAWL:129|BSL:259
1,82,lunchtime,TSL:580
1,83,specialty,TSL:587|NAWL:881|BSL:1437
1,84,comply,TSL:595|NAWL:769|BSL:244
1,85,harmful,TSL:602
1,86,opt,TSL:609|BSL:512
1,87,removal,TSL:616|BSL:1051
1,88,apple,TSL:623|NAWL:781|BSL:1623
1,89,documentary,TSL:630
1,90,lifetime,TSL:637|NAWL:461|BSL:652
1,91,plug,TSL:644|NAWL:842|BSL:928
1,92,spam,TSL:651
1,93,alternatively,TSL:658
1,94,checkout,TSL:665
1,95,deck,TSL:672
1,96,hotline,TSL:679
1,97,payable,TSL:686|BSL:45
1,98,translator,TSL:693
1,99,ambitious,TSL:700|BSL:435
1,100,dedication,TSL:708
2,1,equity,BSL:3
2,2,creditor,BSL:59
2,3,lender,BSL:76
2,4,issuer,BSL:103
2,5,offset,BSL:123
2,6,publicly,BSL:148
2,7,deem,BSL:166
2,8,taxation,BSL:200
2,9,subordinate,BSL:223
2,10,repay,BSL:236
2,11,outsource,BSL:271
2,12,insider,BSL:288
2,13,charter,BSL:312
2,14,exempt,BSL:330
2,15,ambition,BSL:346
2,16,proxy,BSL:374
2,17,squeeze,BSL:401
2,18,frontier,BSL:427
2,19,cheque,BSL:444
2,20,lag,BSL:464
2,21,amortization,BSL:483
2,22,headline,BSL:514
2,23,plunge,BSL:531
2,24,boast,BSL:549
2,25,brokerage,BSL:568
2,26,multiplier,BSL:588
2,27,dump,BSL:602
2,28,certainty,BSL:625
2,29,handful,BSL:640
2,30,downward,BSL:655
2,31,distress,BSL:675
2,32,batch,BSL:686
2,33,tuple,BSL:710
2,34,gardener,TSL:719
2,35,median,BSL:725
2,36,portable,TSL:733|BSL:1741
2,37,seaside,TSL:740
2,38,impairment,BSL:745
2,39,macroeconomics,BSL:753
2,40,cosmetic,TSL:760
2,41,enjoyable,TSL:766
2,42,graphics,TSL:773|BSL:1301
2,43,humidity,TSL:777
2,44,levy,BSL:784
2,45,prosecute,BSL:789
2,46,clash,BSL:793
2,47,toll,TSL:797|BSL:682
2,48,doctrine,BSL:802
2,49,bye,TSL:807
2,50,antitrust,BSL:813
2,51,escalator,TSL:819
2,52,concede,BSL:826
2,53,ceasefire,BSL:835
2,54,combat,BSL:841
2,55,sovereign,BSL:845
2,56,checkup,TSL:854
2,57,dispose,TSL:860|BSL:763
2,58,shield,BSL:866
2,59,recur,TSL:872
2,60,vacate,TSL:883
2,61,attain,TSL:890|BSL:1069
2,62,circuit,TSL:895|BSL:1110
2,63,counselor,TSL:900
2,64,aversion,BSL:908
2,65,generator,TSL:914|BSL:1294
2,66,imperative,TSL:919
2,67,petition,TSL:930|BSL:1006
2,68,refresh,TSL:939
2,69,tailor,TSL:948|BSL:744
2,70,affirmative,TSL:959
2,71,deluxe,TSL:968
2,72,farewell,TSL:978
2,73,helmet,TSL:989
2,74,nomination,TSL:998|BSL:1324
2,75,reassure,TSL:1006|BSL:917
2,76,superb,TSL:1015
2,77,archive,TSL:1025|BSL:1635
2,78,comfortably,TSL:1037
2,79,extinguisher,TSL:1047
2,80,hygiene,TSL:1055
2,81,overpay,TSL:1065
2,82,rider,TSL:1077
2,83,subsidize,TSL:1087|BSL:577
2,84,wool,TSL:1096
2,85,beneficial,TSL:1105|BSL:739
2,86,copyright,TSL:1115|BSL:354
2,87,disgust,TSL:1125
2,88,fork,TSL:1134
2,89,intersection,TSL:1143
2,90,obligate,TSL:1152
2,91,plow,TSL:1162
2,92,repetition,TSL:1170
2,93,soar,TSL:1179|BSL:278
2,94,tuna,TSL:1189
2,95,automotive,TSL:1199
2,96,explorer,TSL:1212
2,97,homemade,TSL:1220
2,98,sedan,TSL:1229
2,99,inefficient,TSL:1238|BSL:885
2,100,videoconference,TSL:1250
3,1,repertoire,NAWL:1|BSL:719
3,2,matrix,NAWL:15|BSL:170
3,3,interval,NAWL:24|BSL:142
3,4,algorithm,NAWL:32|BSL:356
3,5,membrane,NAWL:41
3,6,empirical,NAWL:49|BSL:540
3,7,node,NAWL:58|BSL:305
3,8,bilingual,NAWL:68
3,9,phonological,NAWL:76
3,10,proposition,NAWL:88|BSL:632
3,11,norm,NAWL:96|BSL:396
3,12,numerical,NAWL:106|BSL:1198
3,13,rational,NAWL:114|BSL:249
3,14,syndrome,NAWL:122
3,15,trajectory,NAWL:132
3,16,systematic,NAWL:141|BSL:347
3,17,overlap,NAWL:150|BSL:902
3,18,chronic,TSL:1244|NAWL:158
3,19,instability,NAWL:167|BSL:1209
3,20,arbitrary,NAWL:180|BSL:1241
3,21,syntax,NAWL:190
3,22,acute,NAWL:200
3,23,methodology,NAWL:210|BSL:309
3,24,diagnostic,TSL:1121|NAWL:218
3,25,likelihood,NAWL:226|BSL:283
3,26,disturbance,NAWL:236
3,27,partition,NAWL:244|BSL:1397
3,28,discrete,NAWL:253|BSL:1410
3,29,neutral,NAWL:264|BSL:407
3,30,fetal,NAWL:274
3,31,loop,NAWL:283|BSL:1464
3,32,residual,NAWL:293|BSL:157
3,33,philosophical,NAWL:302
3,34,calcium,NAWL:313
3,35,parental,NAWL:326
3,36,tense,NAWL:336
3,37,discharge,NAWL:348|BSL:606
3,38,practitioner,NAWL:356|BSL:814
3,39,consensus,NAWL:366|BSL:246
3,40,replicate,NAWL:376|BSL:1290
3,41,primitive,NAWL:387
3,42,sensory,NAWL:397
3,43,nominal,NAWL:406|BSL:120
3,44,thickness,NAWL:415
3,45,subjective,NAWL:426|BSL:1030
3,46,thermal,NAWL:437
3,47,elevate,TSL:1129|NAWL:445
3,48,peasant,NAWL:457
3,49,ultimate,NAWL:467|BSL:406
3,50,unify,NAWL:475|BSL:1636
3,51,accent,TSL:750|NAWL:484
3,52,coherent,NAWL:494
3,53,accelerate,NAWL:502|BSL:384
3,54,predominantly,NAWL:513
3,55,drift,NAWL:522|BSL:1157
3,56,surgical,NAWL:531
3,57,grasp,NAWL:539|BSL:1309
3,58,reconstruct,NAWL:547
3,59,hydrogen,NAWL:558|BSL:1288
3,60,backward,NAWL:568|BSL:1036
3,61,capitalism,NAWL:577|BSL:431
3,62,capitalist,NAWL:587|BSL:479
3,63,commodity,NAWL:597|BSL:40
3,64,whereby,NAWL:606|BSL:724
3,65,respiratory,NAWL:614
3,66,gross,NAWL:624|BSL:77
3,67,rationality,NAWL:633
3,68,sexuality,NAWL:641
3,69,epidemiology,NAWL:653
3,70,diary,NAWL:663|BSL:1698
3,71,kidney,NAWL:671
3,72,ton,TSL:747|NAWL:679|BSL:707
3,73,elastic,NAWL:687|BSL:1358
3,74,potassium,NAWL:700
3,75,chemotherapy,NAWL:708
3,76,invert,NAWL:717
3,77,economically,TSL:974|NAWL:725|BSL:840
3,78,domination,NAWL:735
3,79,competent,NAWL:743|BSL:1384
3,80,vague,NAWL:753|BSL:1449
3,81,bleed,NAWL:764
3,82,tempt,TSL:879|NAWL:776|BSL:493
3,83,altitude,NAWL:787
3,84,painful,NAWL:797|BSL:955
3,85,incumbent,NAWL:807|BSL:611
3,86,liable,NAWL:816|BSL:137
3,87,tremendous,TSL:1017|NAWL:825|BSL:1418
3,88,denominator,NAWL:833
3,89,naked,NAWL:843
3,90,thumb,NAWL:854|BSL:1483
3,91,sword,NAWL:863
3,92,oxidize,NAWL:873
3,93,socialize,NAWL:882
3,94,deceive,NAWL:895
3,95,herbicide,NAWL:904
3,96,whichever,NAWL:913
3,97,halfway,NAWL:921
3,98,athletic,TSL:1028|NAWL:934
3,99,nasty,NAWL:942|BSL:796
3,100,descendent,NAWL:957
