word,level,wordnetPrimary,wiktionaryMeanings,finalPrimaryMeanings,sources,confidence,reviewRequired,reviewReasons
mister,1,"[""noun: -氏""]",[],"[{""pos"":""noun"",""definitions"":[""-氏""],""sources"":[""japanese-wordnet""],""confidence"":""low"",""confidenceReason"":""Only Japanese WordNet is available and the display quality is uncertain."",""primaryRank"":1,""synset"":""06341340-n"",""wiktionarySenseId"":""""}]","[""japanese-wordnet""]","[""low""]",true,"[""LOW_CONFIDENCE"",""UNNATURAL_JAPANESE""]"
correctly,1,"[""adverb: 正しく・正確""]","[{""pos"":""adverb"",""senseOrder"":1,""glosses"":[""正確に、正しく。""],""displayDefinitions"":[""正確に"",""正しく""],""tags"":[],""topics"":[]}]","[{""pos"":""adverb"",""definitions"":[""正確に"",""正しく""],""sources"":[""japanese-wordnet"",""ja-wiktionary""],""confidence"":""high"",""confidenceReason"":""WordNet and Wiktionary share POS and Japanese wording overlap; Wiktionary sense order 1."",""primaryRank"":1,""synset"":""00203922-r"",""wiktionarySenseId"":""ja-correctly-en-adv-61TJuE0S""}]","[""ja-wiktionary"",""japanese-wordnet""]","[""high""]",false,[]
keyboard,1,"[""noun: 鍵盤・キーボード""]","[{""pos"":""noun"",""senseOrder"":1,""glosses"":[""鍵盤。""],""displayDefinitions"":[""鍵盤""],""tags"":[],""topics"":[]},{""pos"":""noun"",""senseOrder"":2,""glosses"":[""コンピュータなどのキーボード。""],""displayDefinitions"":[""コンピュータなどのキーボード""],""tags"":[],""topics"":[""computing""]},{""pos"":""noun"",""senseOrder"":3,""glosses"":[""keyboard instrument(鍵盤楽器)の略語。""],""displayDefinitions"":[],""tags"":[""abbreviation"",""楽器""],""topics"":[]}]","[{""pos"":""noun"",""definitions"":[""鍵盤"",""キーボード""],""sources"":[""japanese-wordnet"",""ja-wiktionary""],""confidence"":""high"",""confidenceReason"":""WordNet and Wiktionary share POS and Japanese wording overlap; Wiktionary sense order 1."",""primaryRank"":1,""synset"":""03614007-n"",""wiktionarySenseId"":""ja-keyboard-en-noun-akB0Di6w""}]","[""ja-wiktionary"",""japanese-wordnet""]","[""high""]",false,[]
inspection,1,"[""noun: 審査・検査""]","[{""pos"":""noun"",""senseOrder"":1,""glosses"":[""検査、監査、視察。""],""displayDefinitions"":[""検査"",""監査""],""tags"":[],""topics"":[]},{""pos"":""noun"",""senseOrder"":2,""glosses"":[""閲兵。""],""displayDefinitions"":[""閲兵""],""tags"":[],""topics"":[]}]","[{""pos"":""noun"",""definitions"":[""検査"",""監査""],""sources"":[""japanese-wordnet"",""ja-wiktionary""],""confidence"":""high"",""confidenceReason"":""WordNet and Wiktionary share POS and Japanese wording overlap; Wiktionary sense order 1."",""primaryRank"":1,""synset"":""00879271-n"",""wiktionarySenseId"":""ja-inspection-en-noun-mNJWGmPS""}]","[""ja-wiktionary"",""japanese-wordnet""]","[""high""]",false,[]
advisor,1,"[""noun: 顧問・相談役""]","[{""pos"":""noun"",""senseOrder"":1,""glosses"":[""助言する人、助言者、アドバイザー、顧問。""],""displayDefinitions"":[""助言する人"",""助言者""],""tags"":[],""topics"":[]}]","[{""pos"":""noun"",""definitions"":[""助言する人"",""助言者""],""sources"":[""japanese-wordnet"",""ja-wiktionary""],""confidence"":""high"",""confidenceReason"":""WordNet and Wiktionary share POS and Japanese wording overlap; Wiktionary sense order 1."",""primaryRank"":1,""synset"":""09774266-n"",""wiktionarySenseId"":""ja-advisor-en-noun-2j7rq9VU""}]","[""ja-wiktionary"",""japanese-wordnet""]","[""high""]",false,[]
quit,1,"[""verb: 止める・廃す"",""verb: 去る・離れる"",""verb: 辞める・辞す""]","[{""pos"":""verb"",""senseOrder"":1,""glosses"":[""やめる、断念する。""],""displayDefinitions"":[""やめる"",""断念する""],""tags"":[],""topics"":[]},{""pos"":""verb"",""senseOrder"":2,""glosses"":[""辞職する。""],""displayDefinitions"":[""辞職する""],""tags"":[],""topics"":[]},{""pos"":""adjective"",""senseOrder"":3,""glosses"":[""免れて""],""displayDefinitions"":[""免れて""],""tags"":[],""topics"":[]}]","[{""pos"":""verb"",""definitions"":[""やめる"",""断念する""],""sources"":[""japanese-wordnet"",""ja-wiktionary""],""confidence"":""medium"",""confidenceReason"":""WordNet and Wiktionary share POS; alignment is heuristic using sense order 1."",""primaryRank"":1,""synset"":""02680814-v"",""wiktionarySenseId"":""ja-quit-en-verb-w9Gj~3vE""}]","[""ja-wiktionary"",""japanese-wordnet""]","[""medium""]",false,[]
lounge,1,"[""noun: 待合室・待ち合い室"",""verb: うろつく・ぶらつく"",""noun: ソファ・寝いす""]",[],"[{""pos"":""noun"",""definitions"":[""待合室"",""待ち合い室""],""sources"":[""japanese-wordnet""],""confidence"":""medium"",""confidenceReason"":""Only Japanese WordNet is available, but the selected lemma is concise enough for review."",""primaryRank"":1,""synset"":""03691817-n"",""wiktionarySenseId"":""""},{""pos"":""noun"",""definitions"":[""ソファ"",""寝いす""],""sources"":[""japanese-wordnet""],""confidence"":""medium"",""confidenceReason"":""Only Japanese WordNet is available, but the selected lemma is concise enough for review."",""primaryRank"":2,""synset"":""04256520-n"",""wiktionarySenseId"":""""},{""pos"":""verb"",""definitions"":[""うろつく"",""ぶらつく""],""sources"":[""japanese-wordnet""],""confidence"":""medium"",""confidenceReason"":""Only Japanese WordNet is available, but the selected lemma is concise enough for review."",""primaryRank"":3,""synset"":""02639075-v"",""wiktionarySenseId"":""""}]","[""japanese-wordnet""]","[""medium"",""medium"",""medium""]",false,[]
expertise,1,"[""noun: 熟練さ・熟練していること""]","[{""pos"":""noun"",""senseOrder"":1,""glosses"":[""専門的知識。""],""displayDefinitions"":[""専門的知識""],""tags"":[],""topics"":[]},{""pos"":""noun"",""senseOrder"":2,""glosses"":[""専門家の助言・意見。""],""displayDefinitions"":[""専門家の助言"",""意見""],""tags"":[],""topics"":[]}]","[{""pos"":""noun"",""definitions"":[""専門的知識"",""熟練さ""],""sources"":[""japanese-wordnet"",""ja-wiktionary""],""confidence"":""medium"",""confidenceReason"":""WordNet and Wiktionary share POS; alignment is heuristic using sense order 1."",""primaryRank"":1,""synset"":""05640729-n"",""wiktionarySenseId"":""ja-expertise-en-noun-Cso6jif4""}]","[""ja-wiktionary"",""japanese-wordnet""]","[""medium""]",false,[]
garment,1,"[""noun: お召し物・御召し物"",""verb: 衣服を着せる""]","[{""pos"":""noun"",""senseOrder"":1,""glosses"":[""衣類。衣服(の一点)。""],""displayDefinitions"":[""衣類""],""tags"":[],""topics"":[]}]","[{""pos"":""noun"",""definitions"":[""衣類"",""お召し物""],""sources"":[""japanese-wordnet"",""ja-wiktionary""],""confidence"":""medium"",""confidenceReason"":""WordNet and Wiktionary share POS; alignment is heuristic using sense order 1."",""primaryRank"":1,""synset"":""03419014-n"",""wiktionarySenseId"":""ja-garment-en-noun-nDpDpHXt""}]","[""ja-wiktionary"",""japanese-wordnet""]","[""medium""]",false,[]
spacious,1,"[""adjective: 広い・手広い""]","[{""pos"":""adjective"",""senseOrder"":1,""glosses"":[""広広とした、ゆったりとした。""],""displayDefinitions"":[""広広とした"",""ゆったりとした""],""tags"":[],""topics"":[]},{""pos"":""adjective"",""senseOrder"":2,""glosses"":[""広範な。""],""displayDefinitions"":[""広範な""],""tags"":[],""topics"":[]}]","[{""pos"":""adjective"",""definitions"":[""広広とした"",""ゆったりとした""],""sources"":[""japanese-wordnet"",""ja-wiktionary""],""confidence"":""medium"",""confidenceReason"":""WordNet and Wiktionary share POS; alignment is heuristic using sense order 1."",""primaryRank"":1,""synset"":""01384212-a"",""wiktionarySenseId"":""ja-spacious-en-adj-IYbOOfVW""}]","[""ja-wiktionary"",""japanese-wordnet""]","[""medium""]",false,[]
durable,1,"[""adjective: 丈夫・永続的"",""adjective: 長持ちする""]","[{""pos"":""adjective"",""senseOrder"":1,""glosses"":[""耐久性のある。長持ちする。""],""displayDefinitions"":[""耐久性のある""],""tags"":[],""topics"":[]},{""pos"":""noun"",""senseOrder"":2,""glosses"":[""耐久消費材。""],""displayDefinitions"":[""耐久消費材""],""tags"":[],""topics"":[""economics""]}]","[{""pos"":""adjective"",""definitions"":[""耐久性のある"",""長持ちする""],""sources"":[""japanese-wordnet"",""ja-wiktionary""],""confidence"":""high"",""confidenceReason"":""WordNet and Wiktionary share POS and Japanese wording overlap; Wiktionary sense order 1."",""primaryRank"":1,""synset"":""02124096-a"",""wiktionarySenseId"":""ja-durable-en-adj-Mp2a04tc""}]","[""ja-wiktionary"",""japanese-wordnet""]","[""high""]",false,[]
purse,1,"[""noun: ハンドバッグ・ハンドバック"",""verb: 口をすぼめる"",""noun: 財布・金入""]",[],"[{""pos"":""noun"",""definitions"":[""ハンドバッグ"",""ハンドバック""],""sources"":[""japanese-wordnet""],""confidence"":""medium"",""confidenceReason"":""Only Japanese WordNet is available, but the selected lemma is concise enough for review."",""primaryRank"":1,""synset"":""02774152-n"",""wiktionarySenseId"":""""},{""pos"":""noun"",""definitions"":[""財布""],""sources"":[""japanese-wordnet""],""confidence"":""medium"",""confidenceReason"":""Only Japanese WordNet is available, but the selected lemma is concise enough for review."",""primaryRank"":2,""synset"":""13413294-n"",""wiktionarySenseId"":""""},{""pos"":""verb"",""definitions"":[""口をすぼめる""],""sources"":[""japanese-wordnet""],""confidence"":""medium"",""confidenceReason"":""Only Japanese WordNet is available, but the selected lemma is concise enough for review."",""primaryRank"":3,""synset"":""00145902-v"",""wiktionarySenseId"":""""}]","[""japanese-wordnet""]","[""medium"",""medium"",""medium""]",true,"[""AMBIGUOUS_PRIMARY_SENSE""]"
planner,1,"[""noun: 立案者・計画者""]","[{""pos"":""noun"",""senseOrder"":1,""glosses"":[""計画者。立案者。プランナー。""],""displayDefinitions"":[""計画者""],""tags"":[],""topics"":[]},{""pos"":""noun"",""senseOrder"":2,""glosses"":[""計画表。予定表。""],""displayDefinitions"":[""計画表""],""tags"":[],""topics"":[]}]","[{""pos"":""noun"",""definitions"":[""計画者"",""立案者""],""sources"":[""japanese-wordnet"",""ja-wiktionary""],""confidence"":""high"",""confidenceReason"":""WordNet and Wiktionary share POS and Japanese wording overlap; Wiktionary sense order 1."",""primaryRank"":1,""synset"":""10438172-n"",""wiktionarySenseId"":""ja-planner-en-noun-BtYfWnOk""}]","[""ja-wiktionary"",""japanese-wordnet""]","[""high""]",false,[]
facilitate,1,"[""verb: 和らげる・楽にする"",""verb: 助ける・役立つ""]","[{""pos"":""verb"",""senseOrder"":1,""glosses"":[""容易にする、促す、促進する。""],""displayDefinitions"":[""容易にする"",""促す""],""tags"":[],""topics"":[]}]","[{""pos"":""verb"",""definitions"":[""容易にする"",""促す""],""sources"":[""japanese-wordnet"",""ja-wiktionary""],""confidence"":""medium"",""confidenceReason"":""WordNet and Wiktionary share POS; alignment is heuristic using sense order 1."",""primaryRank"":1,""synset"":""00518395-v"",""wiktionarySenseId"":""ja-facilitate-en-verb-JdA9jw~6""}]","[""ja-wiktionary"",""japanese-wordnet""]","[""medium""]",false,[]
satisfactory,1,"[""adjective: 良い・宜しい"",""adjective: 充分・十分""]","[{""pos"":""adjective"",""senseOrder"":1,""glosses"":[""満足いく、十分な。""],""displayDefinitions"":[""満足いく"",""十分な""],""tags"":[],""topics"":[]}]","[{""pos"":""adjective"",""definitions"":[""満足いく"",""十分な""],""sources"":[""japanese-wordnet"",""ja-wiktionary""],""confidence"":""high"",""confidenceReason"":""WordNet and Wiktionary share POS and Japanese wording overlap; Wiktionary sense order 1."",""primaryRank"":1,""synset"":""01124768-a"",""wiktionarySenseId"":""ja-satisfactory-en-adj-DXja2UZ1""}]","[""ja-wiktionary"",""japanese-wordnet""]","[""high""]",false,[]
authorization,1,"[""noun: 承認・許可"",""noun: 認可・免許"",""noun: 委任・権力""]","[{""pos"":""noun"",""senseOrder"":1,""glosses"":[""公認。認可。(政府機関による)許可。""],""displayDefinitions"":[""公認""],""tags"":[""uncountable""],""topics"":[]},{""pos"":""noun"",""senseOrder"":2,""glosses"":[""権限付与。""],""displayDefinitions"":[""権限付与""],""tags"":[""countable""],""topics"":[]},{""pos"":""noun"",""senseOrder"":3,""glosses"":[""許可証。認可状。""],""displayDefinitions"":[""許可証""],""tags"":[""countable""],""topics"":[]}]","[{""pos"":""noun"",""definitions"":[""公認"",""承認""],""sources"":[""japanese-wordnet"",""ja-wiktionary""],""confidence"":""high"",""confidenceReason"":""WordNet and Wiktionary share POS and Japanese wording overlap; Wiktionary sense order 1."",""primaryRank"":1,""synset"":""06556481-n"",""wiktionarySenseId"":""ja-authorization-en-noun-GpS4ycmH""}]","[""ja-wiktionary"",""japanese-wordnet""]","[""high""]",false,[]
compile,1,"[""verb: 編む・組み上げる"",""verb: 纏める・集める""]","[{""pos"":""verb"",""senseOrder"":1,""glosses"":[""(本などを)編集する、編纂する""],""displayDefinitions"":[""編集する"",""編纂する""],""tags"":[],""topics"":[]},{""pos"":""verb"",""senseOrder"":2,""glosses"":[""コンパイルする""],""displayDefinitions"":[""コンパイルする""],""tags"":[],""topics"":[]}]","[{""pos"":""verb"",""definitions"":[""編集する"",""編纂する""],""sources"":[""japanese-wordnet"",""ja-wiktionary""],""confidence"":""medium"",""confidenceReason"":""WordNet and Wiktionary share POS; alignment is heuristic using sense order 1."",""primaryRank"":1,""synset"":""01626138-v"",""wiktionarySenseId"":""ja-compile-en-verb-6cweUdbX""}]","[""ja-wiktionary"",""japanese-wordnet""]","[""medium""]",false,[]
correction,2,"[""noun: 修正・訂正"",""noun: 訂正"",""noun: 補正""]","[{""pos"":""noun"",""senseOrder"":1,""glosses"":[""訂正、修正、校正。""],""displayDefinitions"":[""訂正"",""修正""],""tags"":[],""topics"":[]},{""pos"":""noun"",""senseOrder"":2,""glosses"":[""矯正、更正、懲らしめ、罰。""],""displayDefinitions"":[""矯正"",""更正""],""tags"":[],""topics"":[]}]","[{""pos"":""noun"",""definitions"":[""訂正"",""修正""],""sources"":[""japanese-wordnet"",""ja-wiktionary""],""confidence"":""high"",""confidenceReason"":""WordNet and Wiktionary share POS and Japanese wording overlap; Wiktionary sense order 1."",""primaryRank"":1,""synset"":""00258854-n"",""wiktionarySenseId"":""ja-correction-en-noun-nbsvN77y""},{""pos"":""noun"",""definitions"":[""矯正"",""更正""],""sources"":[""japanese-wordnet"",""ja-wiktionary""],""confidence"":""high"",""confidenceReason"":""WordNet and Wiktionary share POS and Japanese wording overlap; Wiktionary sense order 2."",""primaryRank"":2,""synset"":""00662527-n"",""wiktionarySenseId"":""ja-correction-en-noun-l44Usbfi""}]","[""ja-wiktionary"",""japanese-wordnet""]","[""high"",""high""]",false,[]
compatible,2,"[""adjective: 互換的・互換の""]","[{""pos"":""adjective"",""senseOrder"":1,""glosses"":[""相容れる。相性が好い。親和性の有る。両立できる。""],""displayDefinitions"":[""相容れる""],""tags"":[],""topics"":[]},{""pos"":""adjective"",""senseOrder"":2,""glosses"":[""共存できる。""],""displayDefinitions"":[""共存できる""],""tags"":[],""topics"":[]},{""pos"":""adjective"",""senseOrder"":3,""glosses"":[""適合した。一致した。""],""displayDefinitions"":[""適合した""],""tags"":[],""topics"":[]}]","[{""pos"":""adjective"",""definitions"":[""相容れる"",""互換的""],""sources"":[""japanese-wordnet"",""ja-wiktionary""],""confidence"":""medium"",""confidenceReason"":""WordNet and Wiktionary share POS; alignment is heuristic using sense order 1."",""primaryRank"":1,""synset"":""00509039-a"",""wiktionarySenseId"":""ja-compatible-en-adj-ehhQVhdB""}]","[""ja-wiktionary"",""japanese-wordnet""]","[""medium""]",false,[]
bye,2,"[""noun: 左様なら・おさらば"",""noun: パス""]","[{""pos"":""interjection"",""senseOrder"":1,""glosses"":[""さようなら。""],""displayDefinitions"":[""さようなら""],""tags"":[""挨拶"",""別れ""],""topics"":[]}]","[{""pos"":""noun"",""definitions"":[""左様なら"",""おさらば""],""sources"":[""japanese-wordnet""],""confidence"":""low"",""confidenceReason"":""Wiktionary is available, but this WordNet sense was not confidently aligned."",""primaryRank"":1,""synset"":""06629610-n"",""wiktionarySenseId"":""""}]","[""japanese-wordnet""]","[""low""]",true,"[""LOW_CONFIDENCE"",""DICTIONARY_DISAGREEMENT""]"
dealership,2,"[""noun: フランチャイズ""]",[],"[{""pos"":""noun"",""definitions"":[""フランチャイズ""],""sources"":[""japanese-wordnet""],""confidence"":""medium"",""confidenceReason"":""Only Japanese WordNet is available, but the selected lemma is concise enough for review."",""primaryRank"":1,""synset"":""08060193-n"",""wiktionarySenseId"":""""}]","[""japanese-wordnet""]","[""medium""]",false,[]
enthusiasm,2,"[""noun: 情熱・意慾"",""noun: 忘我・情熱"",""noun: 熱狂・熱""]","[{""pos"":""noun"",""senseOrder"":1,""glosses"":[""狂信。""],""displayDefinitions"":[""狂信""],""tags"":[""historical"",""obsolete"",""又は""],""topics"":[]},{""pos"":""noun"",""senseOrder"":2,""glosses"":[""熱中、熱意、熱狂。""],""displayDefinitions"":[""熱中"",""熱意""],""tags"":[],""topics"":[]}]","[{""pos"":""noun"",""definitions"":[""熱中"",""熱意""],""sources"":[""japanese-wordnet"",""ja-wiktionary""],""confidence"":""high"",""confidenceReason"":""WordNet and Wiktionary share POS and Japanese wording overlap; Wiktionary sense order 2."",""primaryRank"":1,""synset"":""05670343-n"",""wiktionarySenseId"":""ja-enthusiasm-en-noun-v4aR30Qd""}]","[""ja-wiktionary"",""japanese-wordnet""]","[""high""]",false,[]
activate,2,"[""verb: 触発・誘発"",""verb: 賦活・活性化"",""verb: 活性化""]","[{""pos"":""verb"",""senseOrder"":1,""glosses"":[""作動させる。活発にする。""],""displayDefinitions"":[""作動させる""],""tags"":[],""topics"":[]},{""pos"":""verb"",""senseOrder"":2,""glosses"":[""活性化する。""],""displayDefinitions"":[""活性化する""],""tags"":[],""topics"":[""chemistry""]},{""pos"":""verb"",""senseOrder"":3,""glosses"":[""放射能を帯びさせる。""],""displayDefinitions"":[""放射能を帯びさせる""],""tags"":[],""topics"":[""physics""]}]","[{""pos"":""verb"",""definitions"":[""活性化する"",""賦活""],""sources"":[""japanese-wordnet"",""ja-wiktionary""],""confidence"":""high"",""confidenceReason"":""WordNet and Wiktionary share POS and Japanese wording overlap; Wiktionary sense order 2."",""primaryRank"":1,""synset"":""00190682-v"",""wiktionarySenseId"":""ja-activate-en-verb-eEJsXQaX""},{""pos"":""verb"",""definitions"":[""作動させる"",""触発""],""sources"":[""japanese-wordnet"",""ja-wiktionary""],""confidence"":""medium"",""confidenceReason"":""WordNet and Wiktionary share POS; alignment is heuristic using sense order 1."",""primaryRank"":2,""synset"":""01643657-v"",""wiktionarySenseId"":""ja-activate-en-verb-Ie7x7KUJ""}]","[""ja-wiktionary"",""japanese-wordnet""]","[""high"",""medium""]",false,[]
resume,2,"[""verb: 仕直す・やり直す"",""noun: 展望・概観"",""noun: 履歴書""]","[{""pos"":""verb"",""senseOrder"":1,""glosses"":[""再開する""],""displayDefinitions"":[""再開する""],""tags"":[],""topics"":[]},{""pos"":""verb"",""senseOrder"":2,""glosses"":[""再び取る""],""displayDefinitions"":[""再び取る""],""tags"":[],""topics"":[]},{""pos"":""verb"",""senseOrder"":3,""glosses"":[""(健康など)回復する""],""displayDefinitions"":[""回復する""],""tags"":[],""topics"":[]},{""pos"":""noun"",""senseOrder"":4,""glosses"":[""(米)履歴書""],""displayDefinitions"":[""履歴書""],""tags"":[],""topics"":[]}]","[{""pos"":""verb"",""definitions"":[""再開する"",""再開""],""sources"":[""japanese-wordnet"",""ja-wiktionary""],""confidence"":""high"",""confidenceReason"":""WordNet and Wiktionary share POS and Japanese wording overlap; Wiktionary sense order 1."",""primaryRank"":1,""synset"":""02381951-v"",""wiktionarySenseId"":""ja-resume-en-verb-n-7VROg3""},{""pos"":""noun"",""definitions"":[""履歴書""],""sources"":[""japanese-wordnet"",""ja-wiktionary""],""confidence"":""high"",""confidenceReason"":""WordNet and Wiktionary share POS and Japanese wording overlap; Wiktionary sense order 4."",""primaryRank"":2,""synset"":""06468403-n"",""wiktionarySenseId"":""ja-resume-en-noun-KrO484qq""}]","[""ja-wiktionary"",""japanese-wordnet""]","[""high"",""high""]",false,[]
interactive,2,"[""adjective: 相乗的"",""adjective: 相互作用的""]","[{""pos"":""adjective"",""senseOrder"":1,""glosses"":[""相互作用の。""],""displayDefinitions"":[""相互作用の""],""tags"":[],""topics"":[]},{""pos"":""adjective"",""senseOrder"":2,""glosses"":[""双方向の、インタラクティブの。""],""displayDefinitions"":[""双方向の"",""インタラクティブの""],""tags"":[""計算機科学""],""topics"":[]},{""pos"":""noun"",""senseOrder"":3,""glosses"":[""双方向性。""],""displayDefinitions"":[""双方向性""],""tags"":[],""topics"":[]}]","[{""pos"":""adjective"",""definitions"":[""相互作用の"",""相互作用的""],""sources"":[""japanese-wordnet"",""ja-wiktionary""],""confidence"":""medium"",""confidenceReason"":""WordNet and Wiktionary share POS; alignment is heuristic using sense order 1."",""primaryRank"":1,""synset"":""01946439-a"",""wiktionarySenseId"":""ja-interactive-en-adj-18VnJmZv""}]","[""ja-wiktionary"",""japanese-wordnet""]","[""medium""]",false,[]
bound,2,"[""noun: 境界・境目"",""verb: 弾む・跳ぶ"",""adjective: 縛られた""]","[{""pos"":""verb"",""senseOrder"":1,""glosses"":[""弾む、バウンドする。""],""displayDefinitions"":[""弾む"",""バウンドする""],""tags"":[],""topics"":[]},{""pos"":""noun"",""senseOrder"":2,""glosses"":[""弾み、バウンド。""],""displayDefinitions"":[""弾み"",""バウンド""],""tags"":[],""topics"":[]},{""pos"":""verb"",""senseOrder"":3,""glosses"":[""bindの過去形、過去分詞形。""],""displayDefinitions"":[""過去分詞形""],""tags"":[""form-of""],""topics"":[]},{""pos"":""adjective"",""senseOrder"":4,""glosses"":[""縛られた、束縛された。""],""displayDefinitions"":[""縛られた"",""束縛された""],""tags"":[],""topics"":[]},{""pos"":""adjective"",""senseOrder"":5,""glosses"":[""~行きの。""],""displayDefinitions"":[],""tags"":[],""topics"":[]},{""pos"":""adjective"",""senseOrder"":6,""glosses"":[""(叙述用法・to不定詞)倫理的ないし法的な義務がある。しなければならない。""],""displayDefinitions"":[""叙述用法""],""tags"":[],""topics"":[]},{""pos"":""noun"",""senseOrder"":7,""glosses"":[""限度""],""displayDefinitions"":[""限度""],""tags"":[],""topics"":[]},{""pos"":""noun"",""senseOrder"":8,""glosses"":[""境界""],""displayDefinitions"":[""境界""],""tags"":[],""topics"":[]}]","[{""pos"":""verb"",""definitions"":[""弾む"",""バウンドする""],""sources"":[""japanese-wordnet"",""ja-wiktionary""],""confidence"":""high"",""confidenceReason"":""WordNet and Wiktionary share POS and Japanese wording overlap; Wiktionary sense order 1."",""primaryRank"":1,""synset"":""01963942-v"",""wiktionarySenseId"":""ja-bound-en-verb-FS7Vc1iY""},{""pos"":""noun"",""definitions"":[""弾み"",""バウンド""],""sources"":[""japanese-wordnet"",""ja-wiktionary""],""confidence"":""high"",""confidenceReason"":""WordNet and Wiktionary share POS and Japanese wording overlap; Wiktionary sense order 2."",""primaryRank"":2,""synset"":""00120202-n"",""wiktionarySenseId"":""ja-bound-en-noun-Dh0gM-z7""},{""pos"":""adjective"",""definitions"":[""縛られた"",""束縛された""],""sources"":[""japanese-wordnet"",""ja-wiktionary""],""confidence"":""high"",""confidenceReason"":""WordNet and Wiktionary share POS and Japanese wording overlap; Wiktionary sense order 4."",""primaryRank"":3,""synset"":""00252954-a"",""wiktionarySenseId"":""ja-bound-en-adj-gZwSHrti""}]","[""ja-wiktionary"",""japanese-wordnet""]","[""high"",""high"",""high""]",true,"[""TOO_MANY_SENSES""]"
overcrowd,2,[],[],[],[],[],true,"[""MISSING_JAPANESE""]"
decoration,2,"[""noun: 修飾・化粧"",""noun: 修飾・勲章"",""noun: 勲章・栄典""]","[{""pos"":""noun"",""senseOrder"":1,""glosses"":[""装飾。""],""displayDefinitions"":[""装飾""],""tags"":[],""topics"":[]},{""pos"":""noun"",""senseOrder"":2,""glosses"":[""飾り、装飾物。""],""displayDefinitions"":[""飾り"",""装飾物""],""tags"":[],""topics"":[]},{""pos"":""noun"",""senseOrder"":3,""glosses"":[""勲章、メダル。""],""displayDefinitions"":[""勲章"",""メダル""],""tags"":[],""topics"":[]}]","[{""pos"":""noun"",""definitions"":[""勲章"",""メダル""],""sources"":[""japanese-wordnet"",""ja-wiktionary""],""confidence"":""high"",""confidenceReason"":""WordNet and Wiktionary share POS and Japanese wording overlap; Wiktionary sense order 3."",""primaryRank"":1,""synset"":""00262249-n"",""wiktionarySenseId"":""ja-decoration-en-noun-5iOlYyBh""},{""pos"":""noun"",""definitions"":[""装飾"",""修飾""],""sources"":[""japanese-wordnet"",""ja-wiktionary""],""confidence"":""medium"",""confidenceReason"":""WordNet and Wiktionary share POS; alignment is heuristic using sense order 1."",""primaryRank"":2,""synset"":""03169390-n"",""wiktionarySenseId"":""ja-decoration-en-noun-KFiE5DBZ""}]","[""ja-wiktionary"",""japanese-wordnet""]","[""high"",""medium""]",false,[]
matrix,2,"[""noun: 行列・マトリクス"",""noun: 基質・細胞間物質""]","[{""pos"":""noun"",""senseOrder"":1,""glosses"":[""(発生・成長などの)基盤・母体。""],""displayDefinitions"":[""発生"",""母体""],""tags"":[],""topics"":[]},{""pos"":""noun"",""senseOrder"":2,""glosses"":[""行列。マトリックス。""],""displayDefinitions"":[""行列""],""tags"":[],""topics"":[""linear-algebra""]},{""pos"":""noun"",""senseOrder"":3,""glosses"":[""基質。""],""displayDefinitions"":[""基質""],""tags"":[],""topics"":[""biology""]},{""pos"":""noun"",""senseOrder"":4,""glosses"":[""基質。石基。""],""displayDefinitions"":[""基質""],""tags"":[],""topics"":[""mineralogy""]},{""pos"":""noun"",""senseOrder"":5,""glosses"":[""(活字の)母型。""],""displayDefinitions"":[""母型""],""tags"":[],""topics"":[]},{""pos"":""noun"",""senseOrder"":6,""glosses"":[""(レコードの)原盤。""],""displayDefinitions"":[""原盤""],""tags"":[],""topics"":[]},{""pos"":""noun"",""senseOrder"":7,""glosses"":[""(複合材料の) 母材,基材。""],""displayDefinitions"":[""母材"",""基材""],""tags"":[],""topics"":[]}]","[{""pos"":""noun"",""definitions"":[""行列"",""マトリクス""],""sources"":[""japanese-wordnet"",""ja-wiktionary""],""confidence"":""high"",""confidenceReason"":""WordNet and Wiktionary share POS and Japanese wording overlap; Wiktionary sense order 2."",""primaryRank"":1,""synset"":""08267640-n"",""wiktionarySenseId"":""ja-matrix-en-noun-vcuEcD7L""},{""pos"":""noun"",""definitions"":[""基質"",""細胞間物質""],""sources"":[""japanese-wordnet"",""ja-wiktionary""],""confidence"":""high"",""confidenceReason"":""WordNet and Wiktionary share POS and Japanese wording overlap; Wiktionary sense order 4."",""primaryRank"":2,""synset"":""05582305-n"",""wiktionarySenseId"":""ja-matrix-en-noun-O2ngl8nA""}]","[""ja-wiktionary"",""japanese-wordnet""]","[""high"",""high""]",false,[]
colonial,2,"[""noun: コロニアル""]","[{""pos"":""adjective"",""senseOrder"":1,""glosses"":[""植民地の。""],""displayDefinitions"":[""植民地の""],""tags"":[],""topics"":[]},{""pos"":""adjective"",""senseOrder"":2,""glosses"":[""イギリス植民地時代の。""],""displayDefinitions"":[""イギリス植民地時代の""],""tags"":[""US""],""topics"":[]},{""pos"":""adjective"",""senseOrder"":3,""glosses"":[""植民地時代風の。""],""displayDefinitions"":[""植民地時代風の""],""tags"":[""US""],""topics"":[]},{""pos"":""adjective"",""senseOrder"":4,""glosses"":[""群体の。群生の。""],""displayDefinitions"":[""群体の""],""tags"":[],""topics"":[""biology""]},{""pos"":""noun"",""senseOrder"":5,""glosses"":[""植民地の住民。""],""displayDefinitions"":[""植民地の住民""],""tags"":[],""topics"":[]},{""pos"":""noun"",""senseOrder"":6,""glosses"":[""コロニアル風の建築の家。""],""displayDefinitions"":[""コロニアル風の建築の家""],""tags"":[""US""],""topics"":[]}]","[{""pos"":""noun"",""definitions"":[""コロニアル風の建築の家"",""コロニアル""],""sources"":[""japanese-wordnet"",""ja-wiktionary""],""confidence"":""high"",""confidenceReason"":""WordNet and Wiktionary share POS and Japanese wording overlap; Wiktionary sense order 6."",""primaryRank"":1,""synset"":""09937688-n"",""wiktionarySenseId"":""ja-colonial-en-noun-NoP4cEhz""}]","[""ja-wiktionary"",""japanese-wordnet""]","[""high""]",false,[]
adaptation,2,"[""noun: 改作・翻案"",""noun: 順応"",""noun: 即応・同化""]","[{""pos"":""noun"",""senseOrder"":1,""glosses"":[""改作、脚色。""],""displayDefinitions"":[""改作"",""脚色""],""tags"":[],""topics"":[]},{""pos"":""noun"",""senseOrder"":2,""glosses"":[""適応、適合、順応。""],""displayDefinitions"":[""適応"",""適合""],""tags"":[],""topics"":[]}]","[{""pos"":""noun"",""definitions"":[""改作"",""脚色""],""sources"":[""japanese-wordnet"",""ja-wiktionary""],""confidence"":""high"",""confidenceReason"":""WordNet and Wiktionary share POS and Japanese wording overlap; Wiktionary sense order 1."",""primaryRank"":1,""synset"":""06408779-n"",""wiktionarySenseId"":""ja-adaptation-en-noun-Jl83afWx""},{""pos"":""noun"",""definitions"":[""適応"",""適合""],""sources"":[""japanese-wordnet"",""ja-wiktionary""],""confidence"":""high"",""confidenceReason"":""WordNet and Wiktionary share POS and Japanese wording overlap; Wiktionary sense order 2."",""primaryRank"":2,""synset"":""00193406-n"",""wiktionarySenseId"":""ja-adaptation-en-noun-jqjlSAvd""}]","[""ja-wiktionary"",""japanese-wordnet""]","[""high"",""high""]",false,[]
equality,2,"[""noun: 一律・互角"",""noun: 同一・同値""]","[{""pos"":""noun"",""senseOrder"":1,""glosses"":[""同等。同じであること。等しいこと。""],""displayDefinitions"":[""同等""],""tags"":[],""topics"":[]},{""pos"":""noun"",""senseOrder"":2,""glosses"":[""平等。待遇に厚薄の差がないこと。""],""displayDefinitions"":[""平等""],""tags"":[],""topics"":[]},{""pos"":""noun"",""senseOrder"":3,""glosses"":[""匹敵。互角。""],""displayDefinitions"":[""匹敵""],""tags"":[],""topics"":[]},{""pos"":""noun"",""senseOrder"":4,""glosses"":[""均一性。""],""displayDefinitions"":[""均一性""],""tags"":[],""topics"":[]}]","[{""pos"":""noun"",""definitions"":[""匹敵"",""一律""],""sources"":[""japanese-wordnet"",""ja-wiktionary""],""confidence"":""high"",""confidenceReason"":""WordNet and Wiktionary share POS and Japanese wording overlap; Wiktionary sense order 3."",""primaryRank"":1,""synset"":""04747899-n"",""wiktionarySenseId"":""ja-equality-en-noun-dTr1OHac""},{""pos"":""noun"",""definitions"":[""同等"",""同一""],""sources"":[""japanese-wordnet"",""ja-wiktionary""],""confidence"":""medium"",""confidenceReason"":""WordNet and Wiktionary share POS; alignment is heuristic using sense order 1."",""primaryRank"":2,""synset"":""13946760-n"",""wiktionarySenseId"":""ja-equality-en-noun-ZCBjzs4O""}]","[""ja-wiktionary"",""japanese-wordnet""]","[""high"",""medium""]",true,"[""AMBIGUOUS_PRIMARY_SENSE""]"
neutral,2,"[""adjective: 中立的・ニュートラル"",""adjective: 中立の・ニュートラル"",""adjective: 特徴のない""]","[{""pos"":""adjective"",""senseOrder"":1,""glosses"":[""中立の。不偏の。""],""displayDefinitions"":[""中立の""],""tags"":[],""topics"":[]},{""pos"":""adjective"",""senseOrder"":2,""glosses"":[""中性の。無性の。雄でも雌でもない。""],""displayDefinitions"":[""中性の""],""tags"":[],""topics"":[""biology""]},{""pos"":""adjective"",""senseOrder"":3,""glosses"":[""中性の。""],""displayDefinitions"":[""中性の""],""tags"":[],""topics"":[""grammar""]},{""pos"":""adjective"",""senseOrder"":4,""glosses"":[""(影響が) 正でも負でもない。毒にも薬にもならない。""],""displayDefinitions"":[""正でも負でもない""],""tags"":[],""topics"":[]},{""pos"":""adjective"",""senseOrder"":5,""glosses"":[""(電気が) 正でも負でもない。陽極でも陰極でもない。""],""displayDefinitions"":[""正でも負でもない""],""tags"":[],""topics"":[]},{""pos"":""adjective"",""senseOrder"":6,""glosses"":[""中性の。酸性でも塩基性でもない。""],""displayDefinitions"":[""中性の""],""tags"":[],""topics"":[""chemistry""]}]","[{""pos"":""adjective"",""definitions"":[""中立の"",""ニュートラル""],""sources"":[""japanese-wordnet"",""ja-wiktionary""],""confidence"":""high"",""confidenceReason"":""WordNet and Wiktionary share POS and Japanese wording overlap; Wiktionary sense order 1."",""primaryRank"":1,""synset"":""00732160-a"",""wiktionarySenseId"":""ja-neutral-en-adj-IqrXlkCM""}]","[""ja-wiktionary"",""japanese-wordnet""]","[""high""]",false,[]
observer,2,"[""noun: 知覚者・見る者"",""noun: 評者・解説者""]","[{""pos"":""noun"",""senseOrder"":1,""glosses"":[""観察者。観測者。監視者。""],""displayDefinitions"":[""観察者""],""tags"":[],""topics"":[]},{""pos"":""noun"",""senseOrder"":2,""glosses"":[""(会議の)オブザーバー。立会人。傍聴者。""],""displayDefinitions"":[""オブザーバー""],""tags"":[],""topics"":[]}]","[{""pos"":""noun"",""definitions"":[""観察者"",""知覚者""],""sources"":[""japanese-wordnet"",""ja-wiktionary""],""confidence"":""medium"",""confidenceReason"":""WordNet and Wiktionary share POS; alignment is heuristic using sense order 1."",""primaryRank"":1,""synset"":""09626589-n"",""wiktionarySenseId"":""ja-observer-en-noun-gM~e1bCp""}]","[""ja-wiktionary"",""japanese-wordnet""]","[""medium""]",false,[]
inhibition,3,"[""noun: 制御・制禦"",""noun: 禁止"",""noun: 抑制・禁止""]","[{""pos"":""noun"",""senseOrder"":1,""glosses"":[""抑制、制止、阻害。""],""displayDefinitions"":[""抑制"",""制止""],""tags"":[],""topics"":[]},{""pos"":""noun"",""senseOrder"":2,""glosses"":[""抑制、気後れ、ためらい。""],""displayDefinitions"":[""抑制"",""気後れ""],""tags"":[],""topics"":[""psychology""]},{""pos"":""noun"",""senseOrder"":3,""glosses"":[""抑制、阻害。""],""displayDefinitions"":[""抑制"",""阻害""],""tags"":[""化学反応の""],""topics"":[""biochemistry"",""chemistry""]},{""pos"":""noun"",""senseOrder"":4,""glosses"":[""忌避。""],""displayDefinitions"":[""忌避""],""tags"":[""Philippines""],""topics"":[""law""]}]","[{""pos"":""noun"",""definitions"":[""抑制"",""制止""],""sources"":[""japanese-wordnet"",""ja-wiktionary""],""confidence"":""high"",""confidenceReason"":""WordNet and Wiktionary share POS and Japanese wording overlap; Wiktionary sense order 1."",""primaryRank"":1,""synset"":""00201923-n"",""wiktionarySenseId"":""ja-inhibition-en-noun-5-iJdcEh""}]","[""ja-wiktionary"",""japanese-wordnet""]","[""high""]",false,[]
tract,3,"[""noun: 土地"",""noun: 冊子・小冊"",""noun: 神経経路""]","[{""pos"":""noun"",""senseOrder"":1,""glosses"":[""地域。区域。""],""displayDefinitions"":[""地域""],""tags"":[],""topics"":[]},{""pos"":""noun"",""senseOrder"":2,""glosses"":[""管。道。""],""displayDefinitions"":[""管""],""tags"":[],""topics"":[""anatomy""]},{""pos"":""noun"",""senseOrder"":3,""glosses"":[""小冊子。パンフレット。""],""displayDefinitions"":[""小冊子""],""tags"":[],""topics"":[]},{""pos"":""noun"",""senseOrder"":4,""glosses"":[""(時間の)経過。期間。""],""displayDefinitions"":[""経過""],""tags"":[],""topics"":[]},{""pos"":""verb"",""senseOrder"":5,""glosses"":[""追う。追跡する。""],""displayDefinitions"":[""追う""],""tags"":[""obsolete""],""topics"":[]},{""pos"":""verb"",""senseOrder"":6,""glosses"":[""延長する。""],""displayDefinitions"":[""延長する""],""tags"":[""obsolete""],""topics"":[]}]","[{""pos"":""noun"",""definitions"":[""小冊子"",""冊子""],""sources"":[""japanese-wordnet"",""ja-wiktionary""],""confidence"":""high"",""confidenceReason"":""WordNet and Wiktionary share POS and Japanese wording overlap; Wiktionary sense order 3."",""primaryRank"":1,""synset"":""06409290-n"",""wiktionarySenseId"":""ja-tract-en-noun-4hxX8P3z""},{""pos"":""noun"",""definitions"":[""地域"",""土地""],""sources"":[""japanese-wordnet"",""ja-wiktionary""],""confidence"":""medium"",""confidenceReason"":""WordNet and Wiktionary share POS; alignment is heuristic using sense order 1."",""primaryRank"":2,""synset"":""08673395-n"",""wiktionarySenseId"":""ja-tract-en-noun-e6qTcjwR""}]","[""ja-wiktionary"",""japanese-wordnet""]","[""high"",""medium""]",true,"[""AMBIGUOUS_PRIMARY_SENSE""]"
impulse,3,"[""noun: 衝動・衝迫"",""noun: 活動電位・神経衝撃"",""noun: 余勢・衝動""]","[{""pos"":""noun"",""senseOrder"":1,""glosses"":[""衝撃。衝動。推進力。""],""displayDefinitions"":[""衝撃""],""tags"":[],""topics"":[]},{""pos"":""noun"",""senseOrder"":2,""glosses"":[""一時的な感情。""],""displayDefinitions"":[""一時的な感情""],""tags"":[],""topics"":[]},{""pos"":""noun"",""senseOrder"":3,""glosses"":[""(物理学) 力積。""],""displayDefinitions"":[""力積""],""tags"":[],""topics"":[]},{""pos"":""noun"",""senseOrder"":4,""glosses"":[""(生理学) インパルス。神経衝撃。""],""displayDefinitions"":[""インパルス""],""tags"":[],""topics"":[]},{""pos"":""verb"",""senseOrder"":5,""glosses"":[""(廃語) 駆り立てる。刺激する。""],""displayDefinitions"":[""駆り立てる""],""tags"":[],""topics"":[]}]","[{""pos"":""noun"",""definitions"":[""衝撃"",""衝動""],""sources"":[""japanese-wordnet"",""ja-wiktionary""],""confidence"":""high"",""confidenceReason"":""WordNet and Wiktionary share POS and Japanese wording overlap; Wiktionary sense order 1."",""primaryRank"":1,""synset"":""09180431-n"",""wiktionarySenseId"":""ja-impulse-en-noun-DVXgPjcr""}]","[""ja-wiktionary"",""japanese-wordnet""]","[""high""]",false,[]
intervene,3,"[""verb: 割込む・妨げる""]","[{""pos"":""verb"",""senseOrder"":1,""glosses"":[""介入する、干渉する。""],""displayDefinitions"":[""介入する"",""干渉する""],""tags"":[""intransitive""],""topics"":[]},{""pos"":""verb"",""senseOrder"":2,""glosses"":[""(出来事の間に)有る、起こる。""],""displayDefinitions"":[""有る"",""起こる""],""tags"":[""intransitive""],""topics"":[]},{""pos"":""verb"",""senseOrder"":3,""glosses"":[""(進行などを)邪魔する、遅らせる。""],""displayDefinitions"":[""邪魔する"",""遅らせる""],""tags"":[""intransitive""],""topics"":[]},{""pos"":""verb"",""senseOrder"":4,""glosses"":[""口を挟む。""],""displayDefinitions"":[""口を挟む""],""tags"":[""ambitransitive""],""topics"":[]},{""pos"":""verb"",""senseOrder"":5,""glosses"":[""(間に)有る、介在する。""],""displayDefinitions"":[""有る"",""介在する""],""tags"":[""ambitransitive""],""topics"":[]},{""pos"":""verb"",""senseOrder"":6,""glosses"":[""(第三者が)訴訟に参加する。""],""displayDefinitions"":[""訴訟に参加する""],""tags"":[],""topics"":[""law""]}]","[{""pos"":""verb"",""definitions"":[""介入する"",""干渉する""],""sources"":[""japanese-wordnet"",""ja-wiktionary""],""confidence"":""medium"",""confidenceReason"":""WordNet and Wiktionary share POS; alignment is heuristic using sense order 1."",""primaryRank"":1,""synset"":""02538765-v"",""wiktionarySenseId"":""ja-intervene-en-verb-0qogwVSu""}]","[""ja-wiktionary"",""japanese-wordnet""]","[""medium""]",true,"[""AMBIGUOUS_PRIMARY_SENSE""]"
sustainable,3,[],"[{""pos"":""adjective"",""senseOrder"":1,""glosses"":[""維持できる。持続できる。""],""displayDefinitions"":[""維持できる""],""tags"":[],""topics"":[]},{""pos"":""adjective"",""senseOrder"":2,""glosses"":[""環境を破壊せず利用できる。サステナブルな。""],""displayDefinitions"":[""環境を破壊せず利用できる""],""tags"":[],""topics"":[]}]","[{""pos"":""adjective"",""definitions"":[""維持できる""],""sources"":[""ja-wiktionary""],""confidence"":""medium"",""confidenceReason"":""Japanese WordNet had no Japanese lemma; Wiktionary sense order 1 provides the clearest local source."",""primaryRank"":1,""synset"":"""",""wiktionarySenseId"":""ja-sustainable-en-adj-vE~YXfNy""},{""pos"":""adjective"",""definitions"":[""環境を破壊せず利用できる""],""sources"":[""ja-wiktionary""],""confidence"":""medium"",""confidenceReason"":""Japanese WordNet had no Japanese lemma; Wiktionary sense order 2 provides the clearest local source."",""primaryRank"":2,""synset"":"""",""wiktionarySenseId"":""ja-sustainable-en-adj-DSh~eA3f""}]","[""ja-wiktionary""]","[""medium"",""medium""]",false,[]
drain,3,"[""noun: 排水・除水"",""verb: 流出す・流れだす"",""noun: 枯渇・流出""]","[{""pos"":""noun"",""senseOrder"":1,""glosses"":[""排水設備。""],""displayDefinitions"":[""排水設備""],""tags"":[],""topics"":[]},{""pos"":""noun"",""senseOrder"":2,""glosses"":[""資源を消費する割に効用をもたらさないもの。まったくの無駄。""],""displayDefinitions"":[],""tags"":[],""topics"":[]},{""pos"":""noun"",""senseOrder"":3,""glosses"":[""排尿行為、小便をすること。""],""displayDefinitions"":[""排尿行為"",""小便をする""],""tags"":[""vulgar""],""topics"":[]},{""pos"":""verb"",""senseOrder"":4,""glosses"":[""(液体が)排出される。""],""displayDefinitions"":[""排出される""],""tags"":[""intransitive""],""topics"":[]},{""pos"":""verb"",""senseOrder"":5,""glosses"":[""(液体を)排出する。排水する。""],""displayDefinitions"":[""排出する""],""tags"":[""ergative"",""transitive""],""topics"":[]},{""pos"":""verb"",""senseOrder"":6,""glosses"":[""(湿地を)干拓する。""],""displayDefinitions"":[""干拓する""],""tags"":[""ergative"",""transitive""],""topics"":[]},{""pos"":""verb"",""senseOrder"":7,""glosses"":[""元気をなくさせる。""],""displayDefinitions"":[""元気をなくさせる""],""tags"":[""transitive""],""topics"":[]},{""pos"":""verb"",""senseOrder"":8,""glosses"":[""(容器から)のみものをのみほす。飲んで空にする。""],""displayDefinitions"":[""みものをのみほす""],""tags"":[""transitive""],""topics"":[]}]","[{""pos"":""noun"",""definitions"":[""排水設備"",""排水""],""sources"":[""japanese-wordnet"",""ja-wiktionary""],""confidence"":""high"",""confidenceReason"":""WordNet and Wiktionary share POS and Japanese wording overlap; Wiktionary sense order 1."",""primaryRank"":1,""synset"":""00396029-n"",""wiktionarySenseId"":""ja-drain-en-noun-ijtBR4Ry""}]","[""ja-wiktionary"",""japanese-wordnet""]","[""high""]",false,[]
sword,3,"[""noun: 兵刃・刀刃""]","[{""pos"":""noun"",""senseOrder"":1,""glosses"":[""刀剣""],""displayDefinitions"":[""刀剣""],""tags"":[],""topics"":[]},{""pos"":""noun"",""senseOrder"":2,""glosses"":[""刀、剣""],""displayDefinitions"":[""刀"",""剣""],""tags"":[],""topics"":[]}]","[{""pos"":""noun"",""definitions"":[""刀剣"",""兵刃""],""sources"":[""japanese-wordnet"",""ja-wiktionary""],""confidence"":""medium"",""confidenceReason"":""WordNet and Wiktionary share POS; alignment is heuristic using sense order 1."",""primaryRank"":1,""synset"":""04373894-n"",""wiktionarySenseId"":""ja-sword-en-noun-A1mwmPzL""}]","[""ja-wiktionary"",""japanese-wordnet""]","[""medium""]",false,[]
demonstrator,3,"[""noun: 実地教授者・実地授業助手"",""noun: デモンストレータ・デモンストレーター"",""noun: デモンストレーター""]",[],"[{""pos"":""noun"",""definitions"":[""実地教授者"",""実地授業助手""],""sources"":[""japanese-wordnet""],""confidence"":""medium"",""confidenceReason"":""Only Japanese WordNet is available, but the selected lemma is concise enough for review."",""primaryRank"":1,""synset"":""10003120-n"",""wiktionarySenseId"":""""},{""pos"":""noun"",""definitions"":[""デモンストレータ"",""デモンストレーター""],""sources"":[""japanese-wordnet""],""confidence"":""medium"",""confidenceReason"":""Only Japanese WordNet is available, but the selected lemma is concise enough for review."",""primaryRank"":2,""synset"":""10002760-n"",""wiktionarySenseId"":""""},{""pos"":""noun"",""definitions"":[""デモンストレーター""],""sources"":[""japanese-wordnet""],""confidence"":""medium"",""confidenceReason"":""Only Japanese WordNet is available, but the selected lemma is concise enough for review."",""primaryRank"":3,""synset"":""10002982-n"",""wiktionarySenseId"":""""}]","[""japanese-wordnet""]","[""medium"",""medium"",""medium""]",false,[]
say,3,"[""verb: 云う・仰る"",""noun: 意見"",""verb: 主張""]","[{""pos"":""verb"",""senseOrder"":1,""glosses"":[""言う、話す。""],""displayDefinitions"":[""言う"",""話す""],""tags"":[],""topics"":[]},{""pos"":""verb"",""senseOrder"":2,""glosses"":[""指し示す。意味する。書いてある。""],""displayDefinitions"":[""指し示す""],""tags"":[],""topics"":[]},{""pos"":""verb"",""senseOrder"":3,""glosses"":[""(命令形で)仮定する。仮に〜とすれば。""],""displayDefinitions"":[""仮定する""],""tags"":[],""topics"":[]},{""pos"":""verb"",""senseOrder"":4,""glosses"":[""〜が賭けられる。〜を賭けてもいい。""],""displayDefinitions"":[""賭けられる""],""tags"":[],""topics"":[]},{""pos"":""noun"",""senseOrder"":5,""glosses"":[""意見。言い分""],""displayDefinitions"":[""意見""],""tags"":[],""topics"":[]},{""pos"":""noun"",""senseOrder"":6,""glosses"":[""発言の機会""],""displayDefinitions"":[""発言の機会""],""tags"":[],""topics"":[]},{""pos"":""interjection"",""senseOrder"":7,""glosses"":[""質問やお願いを言う前に、注意を引くために言う言葉。なあ。ねえ。ちょっと。あのう。""],""displayDefinitions"":[""質問やお願いを言う前に"",""注意を引くために言う言葉""],""tags"":[],""topics"":[]},{""pos"":""interjection"",""senseOrder"":8,""glosses"":[""たとえば。おおよそ。""],""displayDefinitions"":[""たとえば""],""tags"":[],""topics"":[]}]","[{""pos"":""verb"",""definitions"":[""言う"",""話す""],""sources"":[""japanese-wordnet"",""ja-wiktionary""],""confidence"":""high"",""confidenceReason"":""WordNet and Wiktionary share POS and Japanese wording overlap; Wiktionary sense order 1."",""primaryRank"":1,""synset"":""02730813-v"",""wiktionarySenseId"":""ja-say-en-verb-J~DI7hoe""},{""pos"":""noun"",""definitions"":[""意見""],""sources"":[""japanese-wordnet"",""ja-wiktionary""],""confidence"":""high"",""confidenceReason"":""WordNet and Wiktionary share POS and Japanese wording overlap; Wiktionary sense order 5."",""primaryRank"":2,""synset"":""14485526-n"",""wiktionarySenseId"":""ja-say-en-noun-G~gPfMRG""}]","[""ja-wiktionary"",""japanese-wordnet""]","[""high"",""high""]",true,"[""TOO_MANY_SENSES""]"
may,3,"[""noun: 五月""]","[{""pos"":""noun"",""senseOrder"":1,""glosses"":[""五月、グレゴリオ暦において、第五の月、31日で構成される。""],""displayDefinitions"":[""五月"",""グレゴリオ暦において""],""tags"":[""月名""],""topics"":[]},{""pos"":""noun"",""senseOrder"":2,""glosses"":[""女性の名前。(別綴字Mae)""],""displayDefinitions"":[""女性の名前""],""tags"":[],""topics"":[]},{""pos"":""verb"",""senseOrder"":3,""glosses"":[""(許可) -してもよい。\""can\""に比べ、丁寧な表現。(対義語:mustn't)""],""displayDefinitions"":[],""tags"":[],""topics"":[]},{""pos"":""verb"",""senseOrder"":4,""glosses"":[""(弱い可能性)~かもしれない。(cannot)であるはずがない(対義語:must)""],""displayDefinitions"":[],""tags"":[],""topics"":[]},{""pos"":""noun"",""senseOrder"":5,""glosses"":[""サンザシ。""],""displayDefinitions"":[""サンザシ""],""tags"":[""木""],""topics"":[]}]","[{""pos"":""noun"",""definitions"":[""五月"",""グレゴリオ暦において""],""sources"":[""japanese-wordnet"",""ja-wiktionary""],""confidence"":""high"",""confidenceReason"":""WordNet and Wiktionary share POS and Japanese wording overlap; Wiktionary sense order 1."",""primaryRank"":1,""synset"":""15211484-n"",""wiktionarySenseId"":""ja-May-en-noun-quQ0kJvD""}]","[""ja-wiktionary"",""japanese-wordnet""]","[""high""]",false,[]
course,3,"[""noun: 課程・講座"",""verb: 流れる"",""adverb: 論なく・論無く""]","[{""pos"":""noun"",""senseOrder"":1,""glosses"":[""進行、経過""],""displayDefinitions"":[""進行"",""経過""],""tags"":[],""topics"":[]},{""pos"":""noun"",""senseOrder"":2,""glosses"":[""進路、コース""],""displayDefinitions"":[""進路"",""コース""],""tags"":[],""topics"":[]},{""pos"":""noun"",""senseOrder"":3,""glosses"":[""方針""],""displayDefinitions"":[""方針""],""tags"":[],""topics"":[]},{""pos"":""noun"",""senseOrder"":4,""glosses"":[""課程""],""displayDefinitions"":[""課程""],""tags"":[],""topics"":[]}]","[{""pos"":""noun"",""definitions"":[""進路"",""コース""],""sources"":[""japanese-wordnet"",""ja-wiktionary""],""confidence"":""high"",""confidenceReason"":""WordNet and Wiktionary share POS and Japanese wording overlap; Wiktionary sense order 2."",""primaryRank"":1,""synset"":""03119790-n"",""wiktionarySenseId"":""ja-course-en-noun-KcLS5q4h""},{""pos"":""noun"",""definitions"":[""方針"",""遣方""],""sources"":[""japanese-wordnet"",""ja-wiktionary""],""confidence"":""high"",""confidenceReason"":""WordNet and Wiktionary share POS and Japanese wording overlap; Wiktionary sense order 3."",""primaryRank"":2,""synset"":""00038262-n"",""wiktionarySenseId"":""ja-course-en-noun--sqgNl9H""},{""pos"":""noun"",""definitions"":[""課程"",""講座""],""sources"":[""japanese-wordnet"",""ja-wiktionary""],""confidence"":""high"",""confidenceReason"":""WordNet and Wiktionary share POS and Japanese wording overlap; Wiktionary sense order 4."",""primaryRank"":3,""synset"":""00884466-n"",""wiktionarySenseId"":""ja-course-en-noun-e8q~~bKf""}]","[""ja-wiktionary"",""japanese-wordnet""]","[""high"",""high"",""high""]",true,"[""TOO_MANY_SENSES""]"
increase,3,"[""verb: 益す・増える"",""noun: 加増・加算"",""verb: 増す・益す""]","[{""pos"":""verb"",""senseOrder"":1,""glosses"":[""増える、増加する、増大する。""],""displayDefinitions"":[""増える"",""増加する""],""tags"":[""intransitive""],""topics"":[]},{""pos"":""verb"",""senseOrder"":2,""glosses"":[""増やす、増加する、増強する。""],""displayDefinitions"":[""増やす"",""増加する""],""tags"":[""transitive""],""topics"":[]},{""pos"":""noun"",""senseOrder"":3,""glosses"":[""(自動詞的)増えること、増加、増大。""],""displayDefinitions"":[""増加"",""増大""],""tags"":[],""topics"":[]},{""pos"":""noun"",""senseOrder"":4,""glosses"":[""(他動詞的)増やすこと、増加、増強。""],""displayDefinitions"":[""増加"",""増強""],""tags"":[],""topics"":[]}]","[{""pos"":""verb"",""definitions"":[""増える"",""増加する""],""sources"":[""japanese-wordnet"",""ja-wiktionary""],""confidence"":""high"",""confidenceReason"":""WordNet and Wiktionary share POS and Japanese wording overlap; Wiktionary sense order 1."",""primaryRank"":1,""synset"":""00156601-v"",""wiktionarySenseId"":""ja-increase-en-verb-8R-bI3Rl""},{""pos"":""noun"",""definitions"":[""増加"",""増大""],""sources"":[""japanese-wordnet"",""ja-wiktionary""],""confidence"":""medium"",""confidenceReason"":""WordNet and Wiktionary share POS; alignment is heuristic using sense order 3."",""primaryRank"":2,""synset"":""13754293-n"",""wiktionarySenseId"":""ja-increase-en-noun-aSQ8Em0S""}]","[""ja-wiktionary"",""japanese-wordnet""]","[""high"",""medium""]",false,[]
parent,3,"[""noun: 親者人・親じゃ人"",""verb: 育む・養う""]","[{""pos"":""noun"",""senseOrder"":1,""glosses"":[""親、単数形では父親又は母親のいずれか。""],""displayDefinitions"":[""親"",""単数形では父親""],""tags"":[""家族""],""topics"":[]},{""pos"":""noun"",""senseOrder"":2,""glosses"":[""子を養育する立場にある者。""],""displayDefinitions"":[""子を養育する立場にある者""],""tags"":[],""topics"":[]},{""pos"":""noun"",""senseOrder"":3,""glosses"":[""植物又は動物の直前の発生元。""],""displayDefinitions"":[""植物"",""動物の直前の発生元""],""tags"":[],""topics"":[""biology""]},{""pos"":""noun"",""senseOrder"":4,""glosses"":[""あるものの根元。""],""displayDefinitions"":[""あるものの根元""],""tags"":[],""topics"":[]},{""pos"":""noun"",""senseOrder"":5,""glosses"":[""ある組織を完全に支配できる組織。""],""displayDefinitions"":[""ある組織を完全に支配できる組織""],""tags"":[],""topics"":[]},{""pos"":""noun"",""senseOrder"":6,""glosses"":[""従属するプロセスの呼び元のプロセス。""],""displayDefinitions"":[""従属するプロセスの呼び元のプロセス""],""tags"":[],""topics"":[""computing""]},{""pos"":""adjective"",""senseOrder"":7,""glosses"":[""親の。""],""displayDefinitions"":[""親の""],""tags"":[],""topics"":[]},{""pos"":""adjective"",""senseOrder"":8,""glosses"":[""根元となる。""],""displayDefinitions"":[""根元となる""],""tags"":[],""topics"":[]},{""pos"":""verb"",""senseOrder"":9,""glosses"":[""親として振る舞う、(子を)養育する。""],""displayDefinitions"":[""親として振る舞う"",""養育する""],""tags"":[],""topics"":[]}]","[{""pos"":""noun"",""definitions"":[""親"",""単数形では父親""],""sources"":[""japanese-wordnet"",""ja-wiktionary""],""confidence"":""medium"",""confidenceReason"":""WordNet and Wiktionary share POS; alignment is heuristic using sense order 1."",""primaryRank"":1,""synset"":""10399491-n"",""wiktionarySenseId"":""ja-parent-en-noun-032wObvt""},{""pos"":""verb"",""definitions"":[""親として振る舞う"",""養育する""],""sources"":[""japanese-wordnet"",""ja-wiktionary""],""confidence"":""medium"",""confidenceReason"":""WordNet and Wiktionary share POS; alignment is heuristic using sense order 9."",""primaryRank"":2,""synset"":""02539788-v"",""wiktionarySenseId"":""ja-parent-en-verb-uxDsBvFC""}]","[""ja-wiktionary"",""japanese-wordnet""]","[""medium"",""medium""]",true,"[""AMBIGUOUS_PRIMARY_SENSE""]"
development,3,"[""noun: 発展させること"",""noun: 展開・発展"",""noun: 化生・増殖""]","[{""pos"":""noun"",""senseOrder"":1,""glosses"":[""発展、発達。""],""displayDefinitions"":[""発展"",""発達""],""tags"":[],""topics"":[]},{""pos"":""noun"",""senseOrder"":2,""glosses"":[""開発。""],""displayDefinitions"":[""開発""],""tags"":[],""topics"":[]},{""pos"":""noun"",""senseOrder"":3,""glosses"":[""展開。""],""displayDefinitions"":[""展開""],""tags"":[],""topics"":[]},{""pos"":""noun"",""senseOrder"":4,""glosses"":[""現像。""],""displayDefinitions"":[""現像""],""tags"":[],""topics"":[]}]","[{""pos"":""noun"",""definitions"":[""発展"",""発達""],""sources"":[""japanese-wordnet"",""ja-wiktionary""],""confidence"":""high"",""confidenceReason"":""WordNet and Wiktionary share POS and Japanese wording overlap; Wiktionary sense order 1."",""primaryRank"":1,""synset"":""00250259-n"",""wiktionarySenseId"":""ja-development-en-noun-UZ~yCSxY""},{""pos"":""noun"",""definitions"":[""開発"",""開拓""],""sources"":[""japanese-wordnet"",""ja-wiktionary""],""confidence"":""high"",""confidenceReason"":""WordNet and Wiktionary share POS and Japanese wording overlap; Wiktionary sense order 2."",""primaryRank"":2,""synset"":""00948206-n"",""wiktionarySenseId"":""ja-development-en-noun-w4QRiLTO""},{""pos"":""noun"",""definitions"":[""展開"",""駒の展開""],""sources"":[""japanese-wordnet"",""ja-wiktionary""],""confidence"":""high"",""confidenceReason"":""WordNet and Wiktionary share POS and Japanese wording overlap; Wiktionary sense order 3."",""primaryRank"":3,""synset"":""14422871-n"",""wiktionarySenseId"":""ja-development-en-noun-FiMd2Wzm""}]","[""ja-wiktionary"",""japanese-wordnet""]","[""high"",""high"",""high""]",false,[]
situation,3,"[""noun: 事態・具合"",""noun: 境遇・立場"",""noun: 位地・地位""]","[{""pos"":""noun"",""senseOrder"":1,""glosses"":[""事態、状況。""],""displayDefinitions"":[""事態"",""状況""],""tags"":[],""topics"":[]},{""pos"":""noun"",""senseOrder"":2,""glosses"":[""立場、境遇。""],""displayDefinitions"":[""立場"",""境遇""],""tags"":[],""topics"":[]},{""pos"":""noun"",""senseOrder"":3,""glosses"":[""位置。""],""displayDefinitions"":[""位置""],""tags"":[],""topics"":[]}]","[{""pos"":""noun"",""definitions"":[""事態"",""状況""],""sources"":[""japanese-wordnet"",""ja-wiktionary""],""confidence"":""high"",""confidenceReason"":""WordNet and Wiktionary share POS and Japanese wording overlap; Wiktionary sense order 1."",""primaryRank"":1,""synset"":""13927383-n"",""wiktionarySenseId"":""ja-situation-en-noun-qWNh7dmK""},{""pos"":""noun"",""definitions"":[""立場"",""境遇""],""sources"":[""japanese-wordnet"",""ja-wiktionary""],""confidence"":""high"",""confidenceReason"":""WordNet and Wiktionary share POS and Japanese wording overlap; Wiktionary sense order 2."",""primaryRank"":2,""synset"":""13925752-n"",""wiktionarySenseId"":""ja-situation-en-noun-YRhLoJPp""}]","[""ja-wiktionary"",""japanese-wordnet""]","[""high"",""high""]",false,[]
charge,3,"[""noun: 突撃・突貫"",""verb: 突撃・突貫"",""noun: 告発・告訴""]","[{""pos"":""noun"",""senseOrder"":1,""glosses"":[""任務。担務。""],""displayDefinitions"":[""任務""],""tags"":[],""topics"":[]},{""pos"":""noun"",""senseOrder"":2,""glosses"":[""受託されたもの。受託物。""],""displayDefinitions"":[],""tags"":[],""topics"":[]},{""pos"":""noun"",""senseOrder"":3,""glosses"":[""貨物。荷物。積荷。""],""displayDefinitions"":[""貨物""],""tags"":[],""topics"":[]},{""pos"":""noun"",""senseOrder"":4,""glosses"":[""料金。""],""displayDefinitions"":[""料金""],""tags"":[],""topics"":[]},{""pos"":""noun"",""senseOrder"":5,""glosses"":[""命令。指令。""],""displayDefinitions"":[""命令""],""tags"":[],""topics"":[]},{""pos"":""noun"",""senseOrder"":6,""glosses"":[""(軍事) 突撃。""],""displayDefinitions"":[""突撃""],""tags"":[],""topics"":[]},{""pos"":""noun"",""senseOrder"":7,""glosses"":[""非難。""],""displayDefinitions"":[""非難""],""tags"":[],""topics"":[]},{""pos"":""noun"",""senseOrder"":8,""glosses"":[""充電。""],""displayDefinitions"":[""充電""],""tags"":[],""topics"":[]},{""pos"":""noun"",""senseOrder"":9,""glosses"":[""(バスケットボール) チャージ、チャージング。""],""displayDefinitions"":[""チャージ"",""チャージング""],""tags"":[],""topics"":[]},{""pos"":""noun"",""senseOrder"":10,""glosses"":[""(銃火器)装填。薬包装填。""],""displayDefinitions"":[""装填""],""tags"":[],""topics"":[]},{""pos"":""noun"",""senseOrder"":11,""glosses"":[""紋章として描かれる図形。""],""displayDefinitions"":[""紋章として描かれる図形""],""tags"":[],""topics"":[""heraldry""]},{""pos"":""verb"",""senseOrder"":12,""glosses"":[""荷を積む、荷積みする、負担させる。""],""displayDefinitions"":[""荷を積む"",""荷積みする""],""tags"":[""transitive""],""topics"":[]},{""pos"":""verb"",""senseOrder"":13,""glosses"":[""荷を積む、荷積みする、負担させる。"",""公式に糾問する。""],""displayDefinitions"":[""荷を積む"",""荷積みする""],""tags"":[""transitive""],""topics"":[]},{""pos"":""verb"",""senseOrder"":14,""glosses"":[""荷を積む、荷積みする、負担させる。"",""支払いを請求する。""],""displayDefinitions"":[""荷を積む"",""荷積みする""],""tags"":[""transitive""],""topics"":[]},{""pos"":""verb"",""senseOrder"":15,""glosses"":[""荷を積む、荷積みする、負担させる。"",""(金銭等を)割り当てる。""],""displayDefinitions"":[""荷を積む"",""荷積みする""],""tags"":[""transitive""],""topics"":[]},{""pos"":""verb"",""senseOrder"":16,""glosses"":[""荷を積む、荷積みする、負担させる。"",""クレジットカードで払う。""],""displayDefinitions"":[""荷を積む"",""荷積みする""],""tags"":[""transitive""],""topics"":[]},{""pos"":""verb"",""senseOrder"":17,""glosses"":[""(銃火器に)装填する。""],""displayDefinitions"":[""装填する""],""tags"":[""transitive""],""topics"":[]},{""pos"":""verb"",""senseOrder"":18,""glosses"":[""(銃火器に)装填する。"",""帯電させる。""],""displayDefinitions"":[""装填する"",""帯電させる""],""tags"":[""transitive""],""topics"":[]},{""pos"":""verb"",""senseOrder"":19,""glosses"":[""(銃火器に)装填する。"",""(蓄電池に)充電する。""],""displayDefinitions"":[""装填する"",""充電する""],""tags"":[""transitive""],""topics"":[]},{""pos"":""verb"",""senseOrder"":20,""glosses"":[""(銃火器に)装填する。"",""(蓄電池を使った電気器具に)充電する。""],""displayDefinitions"":[""装填する"",""充電する""],""tags"":[""transitive""],""topics"":[]},{""pos"":""verb"",""senseOrder"":21,""glosses"":[""(銃火器に)装填する。"",""(蓄電池が)充電する。""],""displayDefinitions"":[""装填する"",""充電する""],""tags"":[""intransitive"",""of a"",""battery""],""topics"":[]},{""pos"":""verb"",""senseOrder"":22,""glosses"":[""(銃火器に)装填する。"",""(蓄電池を使った電気器具が)充電する。""],""displayDefinitions"":[""装填する"",""充電する""],""tags"":[""intransitive"",""of a"",""device containing a battery""],""topics"":[]},{""pos"":""verb"",""senseOrder"":23,""glosses"":[""道をかき分けすばやく前進する。""],""displayDefinitions"":[""道をかき分けすばやく前進する""],""tags"":[""intransitive""],""topics"":[]},{""pos"":""verb"",""senseOrder"":24,""glosses"":[""道をかき分けすばやく前進する。"",""(軍事) 突撃する。""],""displayDefinitions"":[""道をかき分けすばやく前進する"",""突撃する""],""tags"":[""intransitive"",""transitive"",""及び""],""topics"":[]},{""pos"":""verb"",""senseOrder"":25,""glosses"":[""道をかき分けすばやく前進する。"",""(バスケットボール) チャージングする。""],""displayDefinitions"":[""道をかき分けすばやく前進する"",""チャージングする""],""tags"":[],""topics"":[]}]","[{""pos"":""noun"",""definitions"":[""突撃"",""突貫""],""sources"":[""japanese-wordnet"",""ja-wiktionary""],""confidence"":""high"",""confidenceReason"":""WordNet and Wiktionary share POS and Japanese wording overlap; Wiktionary sense order 6."",""primaryRank"":1,""synset"":""00974762-n"",""wiktionarySenseId"":""ja-charge-en-noun-4-1PCp4p""},{""pos"":""noun"",""definitions"":[""充電"",""荷電""],""sources"":[""japanese-wordnet"",""ja-wiktionary""],""confidence"":""high"",""confidenceReason"":""WordNet and Wiktionary share POS and Japanese wording overlap; Wiktionary sense order 8."",""primaryRank"":2,""synset"":""09185612-n"",""wiktionarySenseId"":""ja-charge-en-noun-norD4l61""},{""pos"":""verb"",""definitions"":[""荷を積む"",""荷積みする""],""sources"":[""japanese-wordnet"",""ja-wiktionary""],""confidence"":""high"",""confidenceReason"":""WordNet and Wiktionary share POS and Japanese wording overlap; Wiktionary sense order 12."",""primaryRank"":3,""synset"":""01490336-v"",""wiktionarySenseId"":""ja-charge-en-verb-oj2L4yfA""}]","[""ja-wiktionary"",""japanese-wordnet""]","[""high"",""high"",""high""]",true,"[""TOO_MANY_SENSES""]"
