word,level,sources
equity,2,BSL:3
maturity,2,BSL:18
depreciation,2,BSL:30
valuation,2,BSL:43
default,2,BSL:46
subsidiary,2,BSL:49
volatility,2,BSL:53
receivable,2,BSL:56
creditor,2,BSL:59
annuity,2,BSL:64
disclosure,2,BSL:65
risky,2,BSL:67
leverage,2,BSL:68
parliament,2,BSL:72
coalition,2,BSL:73
beta,2,BSL:75
lender,2,BSL:76
liquidity,2,BSL:78
fraud,2,BSL:81
regulator,2,BSL:83
trader,2,BSL:92
stockmarket,2,BSL:95
breach,2,BSL:98
subsidy,2,BSL:99
issuer,2,BSL:103
borrower,2,BSL:104
insurer,2,BSL:105
profitability,2,BSL:107
terrorism,2,BSL:111
regulatory,2,BSL:113
infrastructure,2,BSL:121
disclose,2,BSL:122
offset,2,BSL:123
conversion,2,BSL:128
stakeholder,2,BSL:130
taxpayer,2,BSL:132
debtor,2,BSL:136
scandal,2,BSL:141
defer,2,BSL:143
payoff,2,BSL:146
publicly,2,BSL:148
governance,2,BSL:150
marketer,2,BSL:152
benchmark,2,BSL:153
rebel,2,BSL:154
statute,2,BSL:155
restructure,2,BSL:156
arbitrage,2,BSL:159
deem,2,BSL:166
defendant,2,BSL:168
allowance,2,BSL:172
enforce,2,BSL:175
warrant,2,BSL:180
telecom,2,BSL:182
diversify,2,BSL:184
referendum,2,BSL:189
taxation,2,BSL:200
technological,2,BSL:203
plaintiff,2,BSL:205
tariff,2,BSL:209
shrink,2,BSL:211
foreigner,2,BSL:213
consolidate,2,BSL:217
taxable,2,BSL:218
subordinate,2,BSL:223
inflow,2,BSL:225
pledge,2,BSL:226
collateral,2,BSL:229
modest,2,BSL:230
convertible,2,BSL:231
ledger,2,BSL:233
summit,2,BSL:235
repay,2,BSL:236
ministry,2,BSL:238
presidency,2,BSL:248
con,2,BSL:250
surge,2,BSL:260
predecessor,2,BSL:265
deputy,2,BSL:267
sole,2,BSL:270
outsource,2,BSL:271
chancellor,2,BSL:273
lawsuit,2,BSL:274
notably,2,BSL:275
fluctuation,2,BSL:276
goodwill,2,BSL:281
diversification,2,BSL:282
metric,2,BSL:287
insider,2,BSL:288
constitutional,2,BSL:291
privatization,2,BSL:292
remedy,2,BSL:296
accordance,2,BSL:298
parliamentary,2,BSL:299
activist,2,BSL:304
consultancy,2,BSL:306
charter,2,BSL:312
vulnerable,2,BSL:314
citation,2,BSL:316
lessee,2,BSL:318
bust,2,BSL:321
rally,2,BSL:327
intangible,2,BSL:328
successor,2,BSL:329
exempt,2,BSL:330
weaken,2,BSL:334
accrue,2,BSL:335
interim,2,BSL:340
payout,2,BSL:341
suppress,2,BSL:342
electoral,2,BSL:344
jurisdiction,2,BSL:345
ambition,2,BSL:346
outsider,2,BSL:348
prevail,2,BSL:349
virtual,2,BSL:350
counterpart,2,BSL:362
diminish,2,BSL:363
repayment,2,BSL:367
offshore,2,BSL:368
marketplace,2,BSL:369
proxy,2,BSL:374
municipal,2,BSL:377
hostile,2,BSL:378
tonne,2,BSL:379
mandate,2,BSL:389
gamble,2,BSL:395
tighten,2,BSL:399
amend,2,BSL:400
squeeze,2,BSL:401
scrap,2,BSL:413
petrol,2,BSL:414
uncertain,2,BSL:415
pipeline,2,BSL:417
terror,2,BSL:420
quota,2,BSL:421
trustee,2,BSL:424
frontier,2,BSL:427
seize,2,BSL:428
beneficiary,2,BSL:429
solely,2,BSL:437
capitalization,2,BSL:438
pioneer,2,BSL:440
diplomat,2,BSL:441
endorse,2,BSL:443
cheque,2,BSL:444
intent,2,BSL:447
lessor,2,BSL:449
affiliate,2,BSL:452
statutory,2,BSL:453
exporter,2,BSL:458
prosecutor,2,BSL:460
slump,2,BSL:463
lag,2,BSL:464
volatile,2,BSL:465
sack,2,BSL:467
obstacle,2,BSL:472
coup,2,BSL:474
issuance,2,BSL:478
capitalize,2,BSL:480
contractual,2,BSL:481
amortization,2,BSL:483
unfair,2,BSL:484
nationalist,2,BSL:491
demographic,2,BSL:496
conglomerate,2,BSL:499
senator,2,BSL:506
adoption,2,BSL:507
consolidation,2,BSL:511
headline,2,BSL:514
deploy,2,BSL:516
macroeconomic,2,BSL:517
concession,2,BSL:518
contingent,2,BSL:520
privately,2,BSL:523
guerrilla,2,BSL:524
repurchase,2,BSL:528
plunge,2,BSL:531
legally,2,BSL:538
installment,2,BSL:539
revive,2,BSL:541
inevitable,2,BSL:543
ballot,2,BSL:545
treasury,2,BSL:546
intermediary,2,BSL:547
boast,2,BSL:549
militant,2,BSL:550
discourage,2,BSL:551
fate,2,BSL:554
widen,2,BSL:555
gang,2,BSL:561
curb,2,BSL:565
robust,2,BSL:567
brokerage,2,BSL:568
devise,2,BSL:572
speculation,2,BSL:573
incremental,2,BSL:575
fighter,2,BSL:576
grip,2,BSL:578
underwrite,2,BSL:581
compel,2,BSL:584
multiplier,2,BSL:588
slowdown,2,BSL:589
suspicion,2,BSL:591
flee,2,BSL:593
bureaucracy,2,BSL:594
wholesale,2,BSL:597
privacy,2,BSL:599
tangible,2,BSL:601
dump,2,BSL:602
bail,2,BSL:610
outflow,2,BSL:614
albeit,2,BSL:615
spokesman,2,BSL:617
contingency,2,BSL:619
surrender,2,BSL:623
judicial,2,BSL:624
certainty,2,BSL:625
mainstream,2,BSL:626
rebuild,2,BSL:629
corrupt,2,BSL:630
integrity,2,BSL:631
litigation,2,BSL:633
amid,2,BSL:634
bold,2,BSL:636
handful,2,BSL:640
unchanged,2,BSL:643
queue,2,BSL:644
bidder,2,BSL:645
respective,2,BSL:646
deliverable,2,BSL:647
odds,2,BSL:650
allegation,2,BSL:653
redemption,2,BSL:654
downward,2,BSL:655
depreciate,2,BSL:659
digit,2,BSL:661
hybrid,2,BSL:664
provoke,2,BSL:666
info,2,BSL:671
secular,2,BSL:673
cease,2,BSL:674
distress,2,BSL:675
withhold,2,BSL:676
sterling,2,BSL:677
legacy,2,BSL:678
thrive,2,BSL:679
commander,2,BSL:681
accountability,2,BSL:683
incorporation,2,BSL:684
batch,2,BSL:686
bondholder,2,BSL:692
unveil,2,BSL:693
intrinsic,2,BSL:694
diplomatic,2,BSL:698
formerly,2,BSL:705
optimization,2,BSL:706
tuple,2,BSL:710
halt,2,BSL:720
shed,2,BSL:722
median,2,BSL:725
wholly,2,BSL:726
commissioner,2,BSL:729
legislature,2,BSL:737
predictable,2,BSL:741
liquidation,2,BSL:742
chaos,2,BSL:743
impairment,2,BSL:745
migrant,2,BSL:751
macroeconomics,2,BSL:753
accrual,2,BSL:757
confront,2,BSL:758
passive,2,BSL:760
scrutiny,2,BSL:764
exile,2,BSL:766
inherent,2,BSL:768
payback,2,BSL:772
sacrifice,2,BSL:773
feasible,2,BSL:775
conviction,2,BSL:776
continuously,2,BSL:777
tier,2,BSL:780
inadequate,2,BSL:782
acre,2,BSL:783
levy,2,BSL:784
reliance,2,BSL:786
covenant,2,BSL:787
prosecute,2,BSL:789
materially,2,BSL:790
convict,2,BSL:791
procurement,2,BSL:792
clash,2,BSL:793
deter,2,BSL:794
prosecution,2,BSL:795
condemn,2,BSL:797
operative,2,BSL:799
privatize,2,BSL:800
endure,2,BSL:801
doctrine,2,BSL:802
distort,2,BSL:803
triple,2,BSL:804
textile,2,BSL:805
alpha,2,BSL:809
refine,2,BSL:810
deflation,2,BSL:812
antitrust,2,BSL:813
prosperity,2,BSL:815
riot,2,BSL:816
align,2,BSL:820
reinvest,2,BSL:821
provincial,2,BSL:823
concede,2,BSL:826
fierce,2,BSL:832
veto,2,BSL:833
instant,2,BSL:834
ceasefire,2,BSL:835
handset,2,BSL:836
sentiment,2,BSL:837
vest,2,BSL:838
beef,2,BSL:839
combat,2,BSL:841
parity,2,BSL:842
centralize,2,BSL:844
sovereign,2,BSL:845
lucrative,2,BSL:849
strive,2,BSL:854
bribe,2,BSL:857
militia,2,BSL:861
enact,2,BSL:863
controller,2,BSL:864
shield,2,BSL:866
pact,2,BSL:867
discretion,2,BSL:868
supervision,2,BSL:870
pursuit,2,BSL:875
endowment,2,BSL:881
governmental,2,BSL:884
logistics,2,BSL:891
scarce,2,BSL:892
restraint,2,BSL:894
follower,2,BSL:895
torture,2,BSL:896
crunch,2,BSL:897
receiver,2,BSL:899
encyclopedia,2,BSL:904
aversion,2,BSL:908
reconcile,2,BSL:909
indirectly,2,BSL:910
yuan,2,BSL:912
liberty,2,BSL:914
decent,2,BSL:916
appetite,2,BSL:918
tobacco,2,BSL:919
unpopular,2,BSL:920
