word,oldLevel,sources,reason
auto,1,TSL:361|NGSL-GR:4314,PREFIX
mini,1,TSL:114,PREFIX
mister,1,TSL:1,OTHER
ex,2,NAWL:162|NGSL-GR:3122,PREFIX
mid,2,NAWL:174|NGSL-GR:2889,PREFIX
non,2,NAWL:233|NGSL-GR:4132,PREFIX
pre,2,NAWL:303,PREFIX
salespeople,2,TSL:1080,INFLECTION
a,3,NGSL-GR:56,BASIC_NGSL_WORD
able,3,NGSL-GR:321,BASIC_NGSL_WORD
about,3,NGSL-GR:87,BASIC_NGSL_WORD
above,3,NGSL-GR:490,BASIC_NGSL_WORD
account,3,NGSL-GR:486,BASIC_NGSL_WORD
across,3,NGSL-GR:433,BASIC_NGSL_WORD
action,3,NGSL-GR:524,BASIC_NGSL_WORD
activity,3,NGSL-GR:482,BASIC_NGSL_WORD
actually,3,NGSL-GR:341,BASIC_NGSL_WORD
add,3,NGSL-GR:464,BASIC_NGSL_WORD
after,3,NGSL-GR:134,BASIC_NGSL_WORD
again,3,NGSL-GR:225,BASIC_NGSL_WORD
against,3,NGSL-GR:274,BASIC_NGSL_WORD
age,3,NGSL-GR:332,BASIC_NGSL_WORD
ago,3,NGSL-GR:422,BASIC_NGSL_WORD
agree,3,NGSL-GR:470,BASIC_NGSL_WORD
all,3,NGSL-GR:83,BASIC_NGSL_WORD
allow,3,NGSL-GR:374,BASIC_NGSL_WORD
almost,3,NGSL-GR:357,BASIC_NGSL_WORD
along,3,NGSL-GR:438,BASIC_NGSL_WORD
already,3,NGSL-GR:352,BASIC_NGSL_WORD
also,3,NGSL-GR:122,BASIC_NGSL_WORD
although,3,NGSL-GR:328,BASIC_NGSL_WORD
always,3,NGSL-GR:233,BASIC_NGSL_WORD
among,3,NGSL-GR:426,BASIC_NGSL_WORD
and,3,NGSL-GR:53,BASIC_NGSL_WORD
another,3,NGSL-GR:190,BASIC_NGSL_WORD
answer,3,NGSL-GR:405,BASIC_NGSL_WORD
anti,3,NAWL:732,PREFIX
any,3,NGSL-GR:133,BASIC_NGSL_WORD
anything,3,NGSL-GR:368,BASIC_NGSL_WORD
appear,3,NGSL-GR:455,BASIC_NGSL_WORD
approach,3,NGSL-GR:545,BASIC_NGSL_WORD
area,3,NGSL-GR:254,BASIC_NGSL_WORD
around,3,NGSL-GR:220,BASIC_NGSL_WORD
as,3,NGSL-GR:72,BASIC_NGSL_WORD
ask,3,NGSL-GR:184,BASIC_NGSL_WORD
at,3,NGSL-GR:73,BASIC_NGSL_WORD
available,3,NGSL-GR:509,BASIC_NGSL_WORD
away,3,NGSL-GR:284,BASIC_NGSL_WORD
back,3,NGSL-GR:144,BASIC_NGSL_WORD
bad,3,NGSL-GR:318,BASIC_NGSL_WORD
base,3,NGSL-GR:377,BASIC_NGSL_WORD
be,3,NGSL-GR:52,BASIC_NGSL_WORD
bear,3,NGSL-GR:505,BASIC_NGSL_WORD
because,3,NGSL-GR:112,BASIC_NGSL_WORD
become,3,NGSL-GR:191,BASIC_NGSL_WORD
before,3,NGSL-GR:156,BASIC_NGSL_WORD
begin,3,NGSL-GR:239,BASIC_NGSL_WORD
behind,3,NGSL-GR:542,BASIC_NGSL_WORD
believe,3,NGSL-GR:275,BASIC_NGSL_WORD
between,3,NGSL-GR:166,BASIC_NGSL_WORD
big,3,NGSL-GR:234,BASIC_NGSL_WORD
billion,3,NGSL-GR:48,NUMERAL
bit,3,NGSL-GR:402,BASIC_NGSL_WORD
black,3,NGSL-GR:461,BASIC_NGSL_WORD
body,3,NGSL-GR:451,BASIC_NGSL_WORD
book,3,NGSL-GR:221,BASIC_NGSL_WORD
both,3,NGSL-GR:178,BASIC_NGSL_WORD
break,3,NGSL-GR:418,BASIC_NGSL_WORD
bring,3,NGSL-GR:246,BASIC_NGSL_WORD
build,3,NGSL-GR:271,BASIC_NGSL_WORD
business,3,NGSL-GR:261,BASIC_NGSL_WORD
but,3,NGSL-GR:75,BASIC_NGSL_WORD
buy,3,NGSL-GR:292,BASIC_NGSL_WORD
by,3,NGSL-GR:77,BASIC_NGSL_WORD
call,3,NGSL-GR:155,BASIC_NGSL_WORD
can,3,NGSL-GR:88,BASIC_NGSL_WORD
car,3,NGSL-GR:310,BASIC_NGSL_WORD
care,3,NGSL-GR:363,BASIC_NGSL_WORD
carry,3,NGSL-GR:496,BASIC_NGSL_WORD
case,3,NGSL-GR:218,BASIC_NGSL_WORD
cause,3,NGSL-GR:369,BASIC_NGSL_WORD
center,3,NGSL-GR:384,BASIC_NGSL_WORD
certain,3,NGSL-GR:501,BASIC_NGSL_WORD
change,3,NGSL-GR:163,BASIC_NGSL_WORD
charge,3,NGSL-GR:548,BASIC_NGSL_WORD
child,3,NGSL-GR:152,BASIC_NGSL_WORD
choose,3,NGSL-GR:497,BASIC_NGSL_WORD
city,3,NGSL-GR:319,BASIC_NGSL_WORD
class,3,NGSL-GR:412,BASIC_NGSL_WORD
clear,3,NGSL-GR:419,BASIC_NGSL_WORD
close,3,NGSL-GR:289,BASIC_NGSL_WORD
color,3,NGSL-GR:428,BASIC_NGSL_WORD
come,3,NGSL-GR:115,BASIC_NGSL_WORD
community,3,NGSL-GR:515,BASIC_NGSL_WORD
company,3,NGSL-GR:157,BASIC_NGSL_WORD
computer,3,NGSL-GR:479,BASIC_NGSL_WORD
concern,3,NGSL-GR:353,BASIC_NGSL_WORD
condition,3,NGSL-GR:495,BASIC_NGSL_WORD
consider,3,NGSL-GR:345,BASIC_NGSL_WORD
continue,3,NGSL-GR:358,BASIC_NGSL_WORD
control,3,NGSL-GR:351,BASIC_NGSL_WORD
cost,3,NGSL-GR:302,BASIC_NGSL_WORD
could,3,NGSL-GR:116,BASIC_NGSL_WORD
country,3,NGSL-GR:193,BASIC_NGSL_WORD
course,3,NGSL-GR:214,BASIC_NGSL_WORD
cover,3,NGSL-GR:474,BASIC_NGSL_WORD
create,3,NGSL-GR:436,BASIC_NGSL_WORD
customer,3,NGSL-GR:537,BASIC_NGSL_WORD
cut,3,NGSL-GR:506,BASIC_NGSL_WORD
date,3,NGSL-GR:533,BASIC_NGSL_WORD
day,3,NGSL-GR:135,BASIC_NGSL_WORD
deal,3,NGSL-GR:371,BASIC_NGSL_WORD
decide,3,NGSL-GR:409,BASIC_NGSL_WORD
decision,3,NGSL-GR:499,BASIC_NGSL_WORD
describe,3,NGSL-GR:507,BASIC_NGSL_WORD
design,3,NGSL-GR:491,BASIC_NGSL_WORD
detail,3,NGSL-GR:522,BASIC_NGSL_WORD
develop,3,NGSL-GR:400,BASIC_NGSL_WORD
development,3,NGSL-GR:413,BASIC_NGSL_WORD
die,3,NGSL-GR:504,BASIC_NGSL_WORD
difference,3,NGSL-GR:523,BASIC_NGSL_WORD
different,3,NGSL-GR:199,BASIC_NGSL_WORD
difficult,3,NGSL-GR:520,BASIC_NGSL_WORD
do,3,NGSL-GR:71,BASIC_NGSL_WORD
door,3,NGSL-GR:540,BASIC_NGSL_WORD
down,3,NGSL-GR:159,BASIC_NGSL_WORD
draw,3,NGSL-GR:531,BASIC_NGSL_WORD
drive,3,NGSL-GR:437,BASIC_NGSL_WORD
during,3,NGSL-GR:232,BASIC_NGSL_WORD
each,3,NGSL-GR:195,BASIC_NGSL_WORD
early,3,NGSL-GR:247,BASIC_NGSL_WORD
easy,3,NGSL-GR:458,BASIC_NGSL_WORD
eat,3,NGSL-GR:526,BASIC_NGSL_WORD
economic,3,NGSL-GR:543,BASIC_NGSL_WORD
effect,3,NGSL-GR:365,BASIC_NGSL_WORD
eight,3,NGSL-GR:25,NUMERAL
eighteen,3,NGSL-GR:35,NUMERAL
eighty,3,NGSL-GR:43,NUMERAL
either,3,NGSL-GR:421,BASIC_NGSL_WORD
eleven,3,NGSL-GR:28,NUMERAL
else,3,NGSL-GR:516,BASIC_NGSL_WORD
end,3,NGSL-GR:202,BASIC_NGSL_WORD
enough,3,NGSL-GR:317,BASIC_NGSL_WORD
especially,3,NGSL-GR:510,BASIC_NGSL_WORD
even,3,NGSL-GR:146,BASIC_NGSL_WORD
event,3,NGSL-GR:492,BASIC_NGSL_WORD
ever,3,NGSL-GR:367,BASIC_NGSL_WORD
every,3,NGSL-GR:230,BASIC_NGSL_WORD
everything,3,NGSL-GR:472,BASIC_NGSL_WORD
example,3,NGSL-GR:285,BASIC_NGSL_WORD
expect,3,NGSL-GR:364,BASIC_NGSL_WORD
experience,3,NGSL-GR:314,BASIC_NGSL_WORD
explain,3,NGSL-GR:539,BASIC_NGSL_WORD
eye,3,NGSL-GR:441,BASIC_NGSL_WORD
face,3,NGSL-GR:299,BASIC_NGSL_WORD
fact,3,NGSL-GR:252,BASIC_NGSL_WORD
fall,3,NGSL-GR:370,BASIC_NGSL_WORD
family,3,NGSL-GR:222,BASIC_NGSL_WORD
far,3,NGSL-GR:295,BASIC_NGSL_WORD
father,3,NGSL-GR:498,BASIC_NGSL_WORD
feel,3,NGSL-GR:167,BASIC_NGSL_WORD
few,3,NGSL-GR:245,BASIC_NGSL_WORD
fifteen,3,NGSL-GR:32,NUMERAL
fifty,3,NGSL-GR:40,NUMERAL
figure,3,NGSL-GR:407,BASIC_NGSL_WORD
film,3,NGSL-GR:483,BASIC_NGSL_WORD
find,3,NGSL-GR:131,BASIC_NGSL_WORD
first,3,NGSL-GR:128,BASIC_NGSL_WORD
five,3,NGSL-GR:22,NUMERAL
follow,3,NGSL-GR:238,BASIC_NGSL_WORD
food,3,NGSL-GR:417,BASIC_NGSL_WORD
for,3,NGSL-GR:62,BASIC_NGSL_WORD
force,3,NGSL-GR:396,BASIC_NGSL_WORD
form,3,NGSL-GR:307,BASIC_NGSL_WORD
forty,3,NGSL-GR:39,NUMERAL
forward,3,NGSL-GR:502,BASIC_NGSL_WORD
four,3,NGSL-GR:21,NUMERAL
fourteen,3,NGSL-GR:31,NUMERAL
free,3,NGSL-GR:445,BASIC_NGSL_WORD
friend,3,NGSL-GR:258,BASIC_NGSL_WORD
from,3,NGSL-GR:76,BASIC_NGSL_WORD
front,3,NGSL-GR:538,BASIC_NGSL_WORD
full,3,NGSL-GR:460,BASIC_NGSL_WORD
further,3,NGSL-GR:450,BASIC_NGSL_WORD
future,3,NGSL-GR:420,BASIC_NGSL_WORD
game,3,NGSL-GR:443,BASIC_NGSL_WORD
general,3,NGSL-GR:454,BASIC_NGSL_WORD
get,3,NGSL-GR:93,BASIC_NGSL_WORD
girl,3,NGSL-GR:513,BASIC_NGSL_WORD
give,3,NGSL-GR:127,BASIC_NGSL_WORD
go,3,NGSL-GR:81,BASIC_NGSL_WORD
good,3,NGSL-GR:106,BASIC_NGSL_WORD
government,3,NGSL-GR:266,BASIC_NGSL_WORD
great,3,NGSL-GR:174,BASIC_NGSL_WORD
group,3,NGSL-GR:217,BASIC_NGSL_WORD
grow,3,NGSL-GR:385,BASIC_NGSL_WORD
half,3,NGSL-GR:415,BASIC_NGSL_WORD
hand,3,NGSL-GR:248,BASIC_NGSL_WORD
happen,3,NGSL-GR:286,BASIC_NGSL_WORD
hard,3,NGSL-GR:348,BASIC_NGSL_WORD
have,3,NGSL-GR:58,BASIC_NGSL_WORD
he,3,NGSL-GR:61,BASIC_NGSL_WORD
head,3,NGSL-GR:309,BASIC_NGSL_WORD
health,3,NGSL-GR:525,BASIC_NGSL_WORD
hear,3,NGSL-GR:228,BASIC_NGSL_WORD
help,3,NGSL-GR:183,BASIC_NGSL_WORD
here,3,NGSL-GR:148,BASIC_NGSL_WORD
high,3,NGSL-GR:198,BASIC_NGSL_WORD
himself,3,NGSL-GR:508,BASIC_NGSL_WORD
history,3,NGSL-GR:435,BASIC_NGSL_WORD
hold,3,NGSL-GR:272,BASIC_NGSL_WORD
home,3,NGSL-GR:211,BASIC_NGSL_WORD
hope,3,NGSL-GR:300,BASIC_NGSL_WORD
hour,3,NGSL-GR:297,BASIC_NGSL_WORD
house,3,NGSL-GR:215,BASIC_NGSL_WORD
how,3,NGSL-GR:143,BASIC_NGSL_WORD
however,3,NGSL-GR:253,BASIC_NGSL_WORD
human,3,NGSL-GR:478,BASIC_NGSL_WORD
hundred,3,NGSL-GR:45,NUMERAL
i,3,NGSL-GR:70,BASIC_NGSL_WORD
idea,3,NGSL-GR:301,BASIC_NGSL_WORD
if,3,NGSL-GR:84,BASIC_NGSL_WORD
important,3,NGSL-GR:240,BASIC_NGSL_WORD
in,3,NGSL-GR:57,BASIC_NGSL_WORD
include,3,NGSL-GR:213,BASIC_NGSL_WORD
increase,3,NGSL-GR:280,BASIC_NGSL_WORD
individual,3,NGSL-GR:459,BASIC_NGSL_WORD
information,3,NGSL-GR:263,BASIC_NGSL_WORD
interest,3,NGSL-GR:192,BASIC_NGSL_WORD
into,3,NGSL-GR:123,BASIC_NGSL_WORD
involve,3,NGSL-GR:429,BASIC_NGSL_WORD
issue,3,NGSL-GR:268,BASIC_NGSL_WORD
it,3,NGSL-GR:59,BASIC_NGSL_WORD
job,3,NGSL-GR:281,BASIC_NGSL_WORD
join,3,NGSL-GR:519,BASIC_NGSL_WORD
just,3,NGSL-GR:114,BASIC_NGSL_WORD
keep,3,NGSL-GR:227,BASIC_NGSL_WORD
kind,3,NGSL-GR:226,BASIC_NGSL_WORD
know,3,NGSL-GR:91,BASIC_NGSL_WORD
land,3,NGSL-GR:547,BASIC_NGSL_WORD
language,3,NGSL-GR:410,BASIC_NGSL_WORD
large,3,NGSL-GR:260,BASIC_NGSL_WORD
last,3,NGSL-GR:151,BASIC_NGSL_WORD
late,3,NGSL-GR:197,BASIC_NGSL_WORD
law,3,NGSL-GR:471,BASIC_NGSL_WORD
lead,3,NGSL-GR:291,BASIC_NGSL_WORD
learn,3,NGSL-GR:311,BASIC_NGSL_WORD
least,3,NGSL-GR:331,BASIC_NGSL_WORD
leave,3,NGSL-GR:176,BASIC_NGSL_WORD
less,3,NGSL-GR:303,BASIC_NGSL_WORD
let,3,NGSL-GR:224,BASIC_NGSL_WORD
letter,3,NGSL-GR:408,BASIC_NGSL_WORD
level,3,NGSL-GR:312,BASIC_NGSL_WORD
life,3,NGSL-GR:161,BASIC_NGSL_WORD
light,3,NGSL-GR:399,BASIC_NGSL_WORD
like,3,NGSL-GR:95,BASIC_NGSL_WORD
line,3,NGSL-GR:324,BASIC_NGSL_WORD
little,3,NGSL-GR:182,BASIC_NGSL_WORD
live,3,NGSL-GR:203,BASIC_NGSL_WORD
local,3,NGSL-GR:350,BASIC_NGSL_WORD
long,3,NGSL-GR:165,BASIC_NGSL_WORD
look,3,NGSL-GR:125,BASIC_NGSL_WORD
lose,3,NGSL-GR:355,BASIC_NGSL_WORD
lot,3,NGSL-GR:173,BASIC_NGSL_WORD
love,3,NGSL-GR:279,BASIC_NGSL_WORD
low,3,NGSL-GR:333,BASIC_NGSL_WORD
main,3,NGSL-GR:503,BASIC_NGSL_WORD
major,3,NGSL-GR:488,BASIC_NGSL_WORD
make,3,NGSL-GR:98,BASIC_NGSL_WORD
man,3,NGSL-GR:162,BASIC_NGSL_WORD
many,3,NGSL-GR:149,BASIC_NGSL_WORD
market,3,NGSL-GR:269,BASIC_NGSL_WORD
matter,3,NGSL-GR:390,BASIC_NGSL_WORD
may,3,NGSL-GR:147,BASIC_NGSL_WORD
maybe,3,NGSL-GR:514,BASIC_NGSL_WORD
mean,3,NGSL-GR:145,BASIC_NGSL_WORD
meet,3,NGSL-GR:185,BASIC_NGSL_WORD
member,3,NGSL-GR:316,BASIC_NGSL_WORD
micro,3,NAWL:847,PREFIX
might,3,NGSL-GR:209,BASIC_NGSL_WORD
million,3,NGSL-GR:47,NUMERAL
mind,3,NGSL-GR:391,BASIC_NGSL_WORD
minute,3,NGSL-GR:416,BASIC_NGSL_WORD
model,3,NGSL-GR:535,BASIC_NGSL_WORD
moment,3,NGSL-GR:447,BASIC_NGSL_WORD
money,3,NGSL-GR:251,BASIC_NGSL_WORD
month,3,NGSL-GR:259,BASIC_NGSL_WORD
more,3,NGSL-GR:92,BASIC_NGSL_WORD
morning,3,NGSL-GR:484,BASIC_NGSL_WORD
most,3,NGSL-GR:138,BASIC_NGSL_WORD
mother,3,NGSL-GR:388,BASIC_NGSL_WORD
move,3,NGSL-GR:250,BASIC_NGSL_WORD
much,3,NGSL-GR:141,BASIC_NGSL_WORD
multi,3,NAWL:927,PREFIX
music,3,NGSL-GR:442,BASIC_NGSL_WORD
must,3,NGSL-GR:210,BASIC_NGSL_WORD
name,3,NGSL-GR:256,BASIC_NGSL_WORD
near,3,NGSL-GR:477,BASIC_NGSL_WORD
need,3,NGSL-GR:140,BASIC_NGSL_WORD
neo,3,NAWL:944,PREFIX
never,3,NGSL-GR:212,BASIC_NGSL_WORD
new,3,NGSL-GR:129,BASIC_NGSL_WORD
next,3,NGSL-GR:201,BASIC_NGSL_WORD
night,3,NGSL-GR:320,BASIC_NGSL_WORD
nine,3,NGSL-GR:26,NUMERAL
nineteen,3,NGSL-GR:36,NUMERAL
ninety,3,NGSL-GR:44,NUMERAL
no,3,NGSL-GR:110,BASIC_NGSL_WORD
not,3,NGSL-GR:64,BASIC_NGSL_WORD
note,3,NGSL-GR:434,BASIC_NGSL_WORD
nothing,3,NGSL-GR:386,BASIC_NGSL_WORD
now,3,NGSL-GR:120,BASIC_NGSL_WORD
number,3,NGSL-GR:177,BASIC_NGSL_WORD
of,3,NGSL-GR:54,BASIC_NGSL_WORD
off,3,NGSL-GR:200,BASIC_NGSL_WORD
offer,3,NGSL-GR:287,BASIC_NGSL_WORD
office,3,NGSL-GR:393,BASIC_NGSL_WORD
often,3,NGSL-GR:338,BASIC_NGSL_WORD
old,3,NGSL-GR:194,BASIC_NGSL_WORD
on,3,NGSL-GR:67,BASIC_NGSL_WORD
once,3,NGSL-GR:315,BASIC_NGSL_WORD
one,3,NGSL-GR:85,BASIC_NGSL_WORD
only,3,NGSL-GR:124,BASIC_NGSL_WORD
open,3,NGSL-GR:264,BASIC_NGSL_WORD
or,3,NGSL-GR:79,BASIC_NGSL_WORD
order,3,NGSL-GR:265,BASIC_NGSL_WORD
other,3,NGSL-GR:104,BASIC_NGSL_WORD
out,3,NGSL-GR:105,BASIC_NGSL_WORD
outside,3,NGSL-GR:541,BASIC_NGSL_WORD
over,3,NGSL-GR:132,BASIC_NGSL_WORD
own,3,NGSL-GR:179,BASIC_NGSL_WORD
paper,3,NGSL-GR:475,BASIC_NGSL_WORD
parent,3,NGSL-GR:347,BASIC_NGSL_WORD
part,3,NGSL-GR:180,BASIC_NGSL_WORD
particular,3,NGSL-GR:517,BASIC_NGSL_WORD
party,3,NGSL-GR:349,BASIC_NGSL_WORD
pass,3,NGSL-GR:466,BASIC_NGSL_WORD
past,3,NGSL-GR:380,BASIC_NGSL_WORD
pay,3,NGSL-GR:270,BASIC_NGSL_WORD
people,3,NGSL-GR:107,BASIC_NGSL_WORD
per,3,NGSL-GR:423,BASIC_NGSL_WORD
perhaps,3,NGSL-GR:463,BASIC_NGSL_WORD
period,3,NGSL-GR:432,BASIC_NGSL_WORD
person,3,NGSL-GR:313,BASIC_NGSL_WORD
phone,3,NGSL-GR:529,BASIC_NGSL_WORD
place,3,NGSL-GR:164,BASIC_NGSL_WORD
plan,3,NGSL-GR:282,BASIC_NGSL_WORD
play,3,NGSL-GR:208,BASIC_NGSL_WORD
please,3,NGSL-GR:521,BASIC_NGSL_WORD
point,3,NGSL-GR:181,BASIC_NGSL_WORD
policy,3,NGSL-GR:449,BASIC_NGSL_WORD
political,3,NGSL-GR:444,BASIC_NGSL_WORD
position,3,NGSL-GR:476,BASIC_NGSL_WORD
possible,3,NGSL-GR:340,BASIC_NGSL_WORD
power,3,NGSL-GR:381,BASIC_NGSL_WORD
practice,3,NGSL-GR:534,BASIC_NGSL_WORD
present,3,NGSL-GR:325,BASIC_NGSL_WORD
price,3,NGSL-GR:346,BASIC_NGSL_WORD
probably,3,NGSL-GR:378,BASIC_NGSL_WORD
problem,3,NGSL-GR:170,BASIC_NGSL_WORD
process,3,NGSL-GR:336,BASIC_NGSL_WORD
produce,3,NGSL-GR:467,BASIC_NGSL_WORD
product,3,NGSL-GR:354,BASIC_NGSL_WORD
program,3,NGSL-GR:290,BASIC_NGSL_WORD
provide,3,NGSL-GR:255,BASIC_NGSL_WORD
public,3,NGSL-GR:337,BASIC_NGSL_WORD
put,3,NGSL-GR:189,BASIC_NGSL_WORD
quadrillion,3,NGSL-GR:50,BASIC_NGSL_WORD
question,3,NGSL-GR:231,BASIC_NGSL_WORD
quite,3,NGSL-GR:327,BASIC_NGSL_WORD
raise,3,NGSL-GR:536,BASIC_NGSL_WORD
rate,3,NGSL-GR:362,BASIC_NGSL_WORD
rather,3,NGSL-GR:342,BASIC_NGSL_WORD
reach,3,NGSL-GR:430,BASIC_NGSL_WORD
read,3,NGSL-GR:257,BASIC_NGSL_WORD
real,3,NGSL-GR:404,BASIC_NGSL_WORD
really,3,NGSL-GR:154,BASIC_NGSL_WORD
reason,3,NGSL-GR:306,BASIC_NGSL_WORD
receive,3,NGSL-GR:446,BASIC_NGSL_WORD
record,3,NGSL-GR:394,BASIC_NGSL_WORD
remain,3,NGSL-GR:424,BASIC_NGSL_WORD
remember,3,NGSL-GR:401,BASIC_NGSL_WORD
report,3,NGSL-GR:216,BASIC_NGSL_WORD
require,3,NGSL-GR:452,BASIC_NGSL_WORD
research,3,NGSL-GR:473,BASIC_NGSL_WORD
result,3,NGSL-GR:283,BASIC_NGSL_WORD
return,3,NGSL-GR:387,BASIC_NGSL_WORD
right,3,NGSL-GR:142,BASIC_NGSL_WORD
rise,3,NGSL-GR:512,BASIC_NGSL_WORD
role,3,NGSL-GR:518,BASIC_NGSL_WORD
room,3,NGSL-GR:304,BASIC_NGSL_WORD
rule,3,NGSL-GR:465,BASIC_NGSL_WORD
run,3,NGSL-GR:242,BASIC_NGSL_WORD
sale,3,NGSL-GR:448,BASIC_NGSL_WORD
same,3,NGSL-GR:172,BASIC_NGSL_WORD
say,3,NGSL-GR:80,BASIC_NGSL_WORD
school,3,NGSL-GR:196,BASIC_NGSL_WORD
second,3,NGSL-GR:276,BASIC_NGSL_WORD
see,3,NGSL-GR:100,BASIC_NGSL_WORD
seem,3,NGSL-GR:223,BASIC_NGSL_WORD
sell,3,NGSL-GR:468,BASIC_NGSL_WORD
semi,3,NAWL:924,PREFIX
send,3,NGSL-GR:373,BASIC_NGSL_WORD
sense,3,NGSL-GR:462,BASIC_NGSL_WORD
service,3,NGSL-GR:273,BASIC_NGSL_WORD
set,3,NGSL-GR:235,BASIC_NGSL_WORD
seven,3,NGSL-GR:24,NUMERAL
seventeen,3,NGSL-GR:34,NUMERAL
seventy,3,NGSL-GR:42,NUMERAL
several,3,NGSL-GR:398,BASIC_NGSL_WORD
share,3,NGSL-GR:403,BASIC_NGSL_WORD
she,3,NGSL-GR:74,BASIC_NGSL_WORD
shop,3,NGSL-GR:487,BASIC_NGSL_WORD
short,3,NGSL-GR:469,BASIC_NGSL_WORD
should,3,NGSL-GR:139,BASIC_NGSL_WORD
show,3,NGSL-GR:160,BASIC_NGSL_WORD
side,3,NGSL-GR:326,BASIC_NGSL_WORD
since,3,NGSL-GR:241,BASIC_NGSL_WORD
sit,3,NGSL-GR:406,BASIC_NGSL_WORD
site,3,NGSL-GR:544,BASIC_NGSL_WORD
situation,3,NGSL-GR:480,BASIC_NGSL_WORD
six,3,NGSL-GR:23,NUMERAL
sixteen,3,NGSL-GR:33,NUMERAL
sixty,3,NGSL-GR:41,NUMERAL
small,3,NGSL-GR:236,BASIC_NGSL_WORD
so,3,NGSL-GR:82,BASIC_NGSL_WORD
social,3,NGSL-GR:431,BASIC_NGSL_WORD
some,3,NGSL-GR:103,BASIC_NGSL_WORD
someone,3,NGSL-GR:489,BASIC_NGSL_WORD
something,3,NGSL-GR:188,BASIC_NGSL_WORD
sometimes,3,NGSL-GR:494,BASIC_NGSL_WORD
soon,3,NGSL-GR:375,BASIC_NGSL_WORD
sort,3,NGSL-GR:366,BASIC_NGSL_WORD
sound,3,NGSL-GR:440,BASIC_NGSL_WORD
speak,3,NGSL-GR:334,BASIC_NGSL_WORD
special,3,NGSL-GR:493,BASIC_NGSL_WORD
spend,3,NGSL-GR:308,BASIC_NGSL_WORD
staff,3,NGSL-GR:481,BASIC_NGSL_WORD
stand,3,NGSL-GR:359,BASIC_NGSL_WORD
start,3,NGSL-GR:186,BASIC_NGSL_WORD
state,3,NGSL-GR:249,BASIC_NGSL_WORD
stay,3,NGSL-GR:395,BASIC_NGSL_WORD
step,3,NGSL-GR:527,BASIC_NGSL_WORD
still,3,NGSL-GR:169,BASIC_NGSL_WORD
stop,3,NGSL-GR:397,BASIC_NGSL_WORD
story,3,NGSL-GR:356,BASIC_NGSL_WORD
strong,3,NGSL-GR:511,BASIC_NGSL_WORD
student,3,NGSL-GR:298,BASIC_NGSL_WORD
study,3,NGSL-GR:237,BASIC_NGSL_WORD
sub,3,NAWL:790|NGSL-GR:4700,PREFIX
subject,3,NGSL-GR:411,BASIC_NGSL_WORD
such,3,NGSL-GR:150,BASIC_NGSL_WORD
suggest,3,NGSL-GR:379,BASIC_NGSL_WORD
super,3,NAWL:812|NGSL-GR:4007,PREFIX
support,3,NGSL-GR:322,BASIC_NGSL_WORD
sure,3,NGSL-GR:329,BASIC_NGSL_WORD
system,3,NGSL-GR:229,BASIC_NGSL_WORD
table,3,NGSL-GR:500,BASIC_NGSL_WORD
take,3,NGSL-GR:109,BASIC_NGSL_WORD
talk,3,NGSL-GR:187,BASIC_NGSL_WORD
teacher,3,NGSL-GR:546,BASIC_NGSL_WORD
team,3,NGSL-GR:457,BASIC_NGSL_WORD
tell,3,NGSL-GR:153,BASIC_NGSL_WORD
ten,3,NGSL-GR:27,NUMERAL
term,3,NGSL-GR:330,BASIC_NGSL_WORD
test,3,NGSL-GR:382,BASIC_NGSL_WORD
than,3,NGSL-GR:119,BASIC_NGSL_WORD
thank,3,NGSL-GR:294,BASIC_NGSL_WORD
that,3,NGSL-GR:65,BASIC_NGSL_WORD
the,3,NGSL-GR:51,BASIC_NGSL_WORD
themselves,3,NGSL-GR:530,BASIC_NGSL_WORD
then,3,NGSL-GR:121,BASIC_NGSL_WORD
there,3,NGSL-GR:90,BASIC_NGSL_WORD
they,3,NGSL-GR:63,BASIC_NGSL_WORD
thing,3,NGSL-GR:137,BASIC_NGSL_WORD
think,3,NGSL-GR:97,BASIC_NGSL_WORD
thirteen,3,NGSL-GR:30,NUMERAL
thirty,3,NGSL-GR:38,NUMERAL
this,3,NGSL-GR:69,BASIC_NGSL_WORD
though,3,NGSL-GR:277,BASIC_NGSL_WORD
thousand,3,NGSL-GR:46,NUMERAL
three,3,NGSL-GR:20,NUMERAL
through,3,NGSL-GR:158,BASIC_NGSL_WORD
time,3,NGSL-GR:99,BASIC_NGSL_WORD
to,3,NGSL-GR:55,BASIC_NGSL_WORD
today,3,NGSL-GR:296,BASIC_NGSL_WORD
together,3,NGSL-GR:344,BASIC_NGSL_WORD
too,3,NGSL-GR:168,BASIC_NGSL_WORD
top,3,NGSL-GR:425,BASIC_NGSL_WORD
toward,3,NGSL-GR:456,BASIC_NGSL_WORD
town,3,NGSL-GR:414,BASIC_NGSL_WORD
train,3,NGSL-GR:339,BASIC_NGSL_WORD
trans,3,NAWL:661,PREFIX
trillion,3,NGSL-GR:49,BASIC_NGSL_WORD
try,3,NGSL-GR:175,BASIC_NGSL_WORD
turn,3,NGSL-GR:244,BASIC_NGSL_WORD
twelve,3,NGSL-GR:29,NUMERAL
twenty,3,NGSL-GR:37,NUMERAL
two,3,NGSL-GR:19,NUMERAL
type,3,NGSL-GR:439,BASIC_NGSL_WORD
under,3,NGSL-GR:243,BASIC_NGSL_WORD
understand,3,NGSL-GR:293,BASIC_NGSL_WORD
until,3,NGSL-GR:305,BASIC_NGSL_WORD
up,3,NGSL-GR:102,BASIC_NGSL_WORD
use,3,NGSL-GR:118,BASIC_NGSL_WORD
value,3,NGSL-GR:392,BASIC_NGSL_WORD
very,3,NGSL-GR:113,BASIC_NGSL_WORD
view,3,NGSL-GR:343,BASIC_NGSL_WORD
visit,3,NGSL-GR:383,BASIC_NGSL_WORD
wait,3,NGSL-GR:453,BASIC_NGSL_WORD
walk,3,NGSL-GR:389,BASIC_NGSL_WORD
want,3,NGSL-GR:126,BASIC_NGSL_WORD
war,3,NGSL-GR:485,BASIC_NGSL_WORD
watch,3,NGSL-GR:376,BASIC_NGSL_WORD
water,3,NGSL-GR:372,BASIC_NGSL_WORD
way,3,NGSL-GR:130,BASIC_NGSL_WORD
we,3,NGSL-GR:66,BASIC_NGSL_WORD
week,3,NGSL-GR:207,BASIC_NGSL_WORD
well,3,NGSL-GR:111,BASIC_NGSL_WORD
what,3,NGSL-GR:101,BASIC_NGSL_WORD
when,3,NGSL-GR:96,BASIC_NGSL_WORD
where,3,NGSL-GR:136,BASIC_NGSL_WORD
whether,3,NGSL-GR:323,BASIC_NGSL_WORD
which,3,NGSL-GR:89,BASIC_NGSL_WORD
while,3,NGSL-GR:205,BASIC_NGSL_WORD
white,3,NGSL-GR:532,BASIC_NGSL_WORD
who,3,NGSL-GR:94,BASIC_NGSL_WORD
whole,3,NGSL-GR:360,BASIC_NGSL_WORD
why,3,NGSL-GR:204,BASIC_NGSL_WORD
will,3,NGSL-GR:78,BASIC_NGSL_WORD
win,3,NGSL-GR:427,BASIC_NGSL_WORD
with,3,NGSL-GR:68,BASIC_NGSL_WORD
within,3,NGSL-GR:335,BASIC_NGSL_WORD
without,3,NGSL-GR:262,BASIC_NGSL_WORD
woman,3,NGSL-GR:219,BASIC_NGSL_WORD
word,3,NGSL-GR:267,BASIC_NGSL_WORD
work,3,NGSL-GR:117,BASIC_NGSL_WORD
world,3,NGSL-GR:206,BASIC_NGSL_WORD
would,3,NGSL-GR:86,BASIC_NGSL_WORD
write,3,NGSL-GR:171,BASIC_NGSL_WORD
year,3,NGSL-GR:108,BASIC_NGSL_WORD
yes,3,NGSL-GR:278,BASIC_NGSL_WORD
yet,3,NGSL-GR:361,BASIC_NGSL_WORD
you,3,NGSL-GR:60,BASIC_NGSL_WORD
young,3,NGSL-GR:288,BASIC_NGSL_WORD
zero,3,NGSL-GR:18,NUMERAL
