word,level,primaryMeaning1,primaryMeaning2,primaryMeaning3,wordConfidence,reviewReasons,wordnetCoverage,wiktionaryCoverage,decision,decisionReason
boardroom,1,,,,low,MISSING_JAPANESE,false,false,MISSING_DATA,No primary meanings were generated from the available dictionaries.
culinary,1,,,,low,MISSING_JAPANESE,false,false,MISSING_DATA,No primary meanings were generated from the available dictionaries.
distractor,1,,,,low,MISSING_JAPANESE,false,false,MISSING_DATA,No primary meanings were generated from the available dictionaries.
hotline,1,,,,low,MISSING_JAPANESE,false,false,MISSING_DATA,No primary meanings were generated from the available dictionaries.
indoor,1,,,,low,MISSING_JAPANESE,false,false,MISSING_DATA,No primary meanings were generated from the available dictionaries.
login,1,,,,low,MISSING_JAPANESE,false,false,MISSING_DATA,No primary meanings were generated from the available dictionaries.
outdoor,1,,,,low,MISSING_JAPANESE,false,false,MISSING_DATA,No primary meanings were generated from the available dictionaries.
realtor,1,,,,low,MISSING_JAPANESE,false,false,MISSING_DATA,No primary meanings were generated from the available dictionaries.
salesperson,1,,,,low,MISSING_JAPANESE,false,false,MISSING_DATA,No primary meanings were generated from the available dictionaries.
shopper,1,,,,low,MISSING_JAPANESE,false,false,MISSING_DATA,No primary meanings were generated from the available dictionaries.
taker,1,,,,low,MISSING_JAPANESE,false,false,MISSING_DATA,No primary meanings were generated from the available dictionaries.
carton,2,,,,low,MISSING_JAPANESE,false,false,MISSING_DATA,No primary meanings were generated from the available dictionaries.
cordless,2,,,,low,MISSING_JAPANESE,false,false,MISSING_DATA,No primary meanings were generated from the available dictionaries.
downsize,2,,,,low,MISSING_JAPANESE,false,false,MISSING_DATA,No primary meanings were generated from the available dictionaries.
flextime,2,,,,low,MISSING_JAPANESE,false,true,MISSING_DATA,No primary meanings were generated from the available dictionaries.
fundraise,2,,,,low,MISSING_JAPANESE,false,false,MISSING_DATA,No primary meanings were generated from the available dictionaries.
healthcare,2,,,,low,MISSING_JAPANESE,false,false,MISSING_DATA,No primary meanings were generated from the available dictionaries.
homemade,2,,,,low,MISSING_JAPANESE,false,false,MISSING_DATA,No primary meanings were generated from the available dictionaries.
housekeep,2,,,,low,MISSING_JAPANESE,false,false,MISSING_DATA,No primary meanings were generated from the available dictionaries.
jeans,2,,,,low,MISSING_JAPANESE,false,false,MISSING_DATA,No primary meanings were generated from the available dictionaries.
lateral,2,,,,low,MISSING_JAPANESE,false,false,MISSING_DATA,No primary meanings were generated from the available dictionaries.
lifeguard,2,,,,low,MISSING_JAPANESE,false,false,MISSING_DATA,No primary meanings were generated from the available dictionaries.
longitudinal,2,,,,low,MISSING_JAPANESE,false,false,MISSING_DATA,No primary meanings were generated from the available dictionaries.
non,2,,,,low,MISSING_JAPANESE,false,false,MISSING_DATA,No primary meanings were generated from the available dictionaries.
nonlinear,2,,,,low,MISSING_JAPANESE,false,false,MISSING_DATA,No primary meanings were generated from the available dictionaries.
overcrowd,2,,,,low,MISSING_JAPANESE,false,false,MISSING_DATA,No primary meanings were generated from the available dictionaries.
pre,2,,,,low,MISSING_JAPANESE,false,false,MISSING_DATA,No primary meanings were generated from the available dictionaries.
prestigious,2,,,,low,MISSING_JAPANESE,false,false,MISSING_DATA,No primary meanings were generated from the available dictionaries.
psychiatric,2,,,,low,MISSING_JAPANESE,false,false,MISSING_DATA,No primary meanings were generated from the available dictionaries.
redecorate,2,,,,low,MISSING_JAPANESE,false,false,MISSING_DATA,No primary meanings were generated from the available dictionaries.
redesign,2,,,,low,MISSING_JAPANESE,false,false,MISSING_DATA,No primary meanings were generated from the available dictionaries.
refundable,2,,,,low,MISSING_JAPANESE,false,false,MISSING_DATA,No primary meanings were generated from the available dictionaries.
repairperson,2,,,,low,MISSING_JAPANESE,false,false,MISSING_DATA,No primary meanings were generated from the available dictionaries.
revolutionize,2,,,,low,MISSING_JAPANESE,false,false,MISSING_DATA,No primary meanings were generated from the available dictionaries.
salespeople,2,,,,low,MISSING_JAPANESE,false,false,MISSING_DATA,No primary meanings were generated from the available dictionaries.
steak,2,,,,low,MISSING_JAPANESE,false,false,MISSING_DATA,No primary meanings were generated from the available dictionaries.
syntactic,2,,,,low,MISSING_JAPANESE,false,false,MISSING_DATA,No primary meanings were generated from the available dictionaries.
variability,2,,,,low,MISSING_JAPANESE,false,false,MISSING_DATA,No primary meanings were generated from the available dictionaries.
videoconference,2,,,,low,MISSING_JAPANESE,false,false,MISSING_DATA,No primary meanings were generated from the available dictionaries.
among,3,,,,low,MISSING_JAPANESE,false,true,MISSING_DATA,No primary meanings were generated from the available dictionaries.
amongst,3,,,,low,MISSING_JAPANESE,false,true,MISSING_DATA,No primary meanings were generated from the available dictionaries.
because,3,,,,low,MISSING_JAPANESE,false,true,MISSING_DATA,No primary meanings were generated from the available dictionaries.
circa,3,,,,low,MISSING_JAPANESE,false,true,MISSING_DATA,No primary meanings were generated from the available dictionaries.
communicative,3,,,,low,MISSING_JAPANESE,false,false,MISSING_DATA,No primary meanings were generated from the available dictionaries.
could,3,,,,low,MISSING_JAPANESE,false,true,MISSING_DATA,No primary meanings were generated from the available dictionaries.
during,3,,,,low,MISSING_JAPANESE,false,true,MISSING_DATA,No primary meanings were generated from the available dictionaries.
into,3,,,,low,MISSING_JAPANESE,false,true,MISSING_DATA,No primary meanings were generated from the available dictionaries.
multi,3,,,,low,MISSING_JAPANESE,false,false,MISSING_DATA,No primary meanings were generated from the available dictionaries.
neo,3,,,,low,MISSING_JAPANESE,false,false,MISSING_DATA,No primary meanings were generated from the available dictionaries.
practitioner,3,,,,low,MISSING_JAPANESE,false,false,MISSING_DATA,No primary meanings were generated from the available dictionaries.
sensory,3,,,,low,MISSING_JAPANESE,false,false,MISSING_DATA,No primary meanings were generated from the available dictionaries.
than,3,,,,low,MISSING_JAPANESE,false,true,MISSING_DATA,No primary meanings were generated from the available dictionaries.
toward,3,,,,low,MISSING_JAPANESE,false,true,MISSING_DATA,No primary meanings were generated from the available dictionaries.
trans,3,,,,low,MISSING_JAPANESE,false,false,MISSING_DATA,No primary meanings were generated from the available dictionaries.
until,3,,,,low,MISSING_JAPANESE,false,true,MISSING_DATA,No primary meanings were generated from the available dictionaries.
whereby,3,,,,low,MISSING_JAPANESE,false,false,MISSING_DATA,No primary meanings were generated from the available dictionaries.
whether,3,,,,low,MISSING_JAPANESE,false,true,MISSING_DATA,No primary meanings were generated from the available dictionaries.
