base,size,levels,words
gener,5,1|2|3,general|generalization|generalize|generic|generous
develop,4,1|2|3,develop|developer|development|developmental
econom,4,1|2|3,economic|economical|economically|economize
period,4,1|2|3,period|periodic|periodical|periodically
adapt,3,2|3,adaptation|adapter|adaptive
author,3,1,authority|authorization|authorize
certif,3,1,certificate|certification|certify
condit,3,1|2|3,condition|conditional|conditioner
differenti,3,2,differential|differentiate|differentiation
distract,3,1|2,distract|distraction|distractor
enthusiast,3,1|2,enthusiast|enthusiastic|enthusiastically
graph,3,1|2,graph|graphic|graphics
inspect,3,1,inspect|inspection|inspector
nomin,3,1|2|3,nominal|nominate|nomination
photograph,3,1|3,photographer|photographic|photography
public,3,2|3,public|publicity|publicize
social,3,3,social|socialize|socially
statist,3,1|2|3,statistical|statistically|statistics
termin,3,1|2,terminal|terminate|termination
valid,3,1|2,valid|validate|validity
