word,level,reviewStatus,reviewReasons,currentPrimaryMeaning1,currentPrimaryMeaning2,currentPrimaryMeaning3,wordConfidence,wordnetPOS,wordnetJapaneseLemmas,wordnetEnglishGloss,wiktionaryPOS,wiktionaryJapaneseMeanings,wiktionaryEnglishDefinitions,masterSources,masterRanks,recommendedAction,decision,editedMeaning1,editedMeaning2,editedMeaning3,replacementWord
fax,1,needs_human_review,DICTIONARY_DISAGREEMENT|LOW_CONFIDENCE|POS_MISMATCH,noun: ファクシミリ機・電話ファクシミリ [low],,,low,verb|noun,ファクシミリ|ファクシミリ機|ファクス|ファックス|電話ファクシミリ,"verb:01007676-v: send something via a facsimile machine; ""Can you fax me the report right away?"" || verb:01007676-v: send something via a facsimile machine || noun:03316105-n: duplicator that transmits the copy by wire or radio",abbreviation,facsimileの短縮語。,,TSL|BSL,TSL:9|BSL:534,EDIT_MEANING,,,,,
flu,1,needs_human_review,DICTIONARY_DISAGREEMENT|LOW_CONFIDENCE|POS_MISMATCH,noun: 感冒・流感 [low],,,low,noun,はやり風邪|インフルエンザ|感冒|流感|流行かぜ|流行性感冒|流行風邪,noun:14122497-n: an acute febrile highly contagious viral disease,abbreviation,influenza の略。,,TSL,TSL:225,EDIT_MEANING,,,,,
gym,1,needs_human_review,DICTIONARY_DISAGREEMENT|LOW_CONFIDENCE|POS_MISMATCH,noun: 体操場・体育館 [low],,,low,noun,アスレチッククラブ|ジム|体操場|体育館,noun:03472112-n: athletic facility equipped for sports or physical training,abbreviation,ジム|ジム。|gymnasiumの略。|gymnasticsの略。,,TSL,TSL:160,EDIT_MEANING,,,,,
manual,1,needs_human_review,AMBIGUOUS_PRIMARY_SENSE|DICTIONARY_DISAGREEMENT|LOW_CONFIDENCE|POS_MISMATCH,noun: 便覧・入門 [low],,,low,adjective|noun,ハウツー物|マニュアル|便覧|入門|入門書|取り扱い説明書|取扱説明書|宝典|実用書|必携|手びき|手ほどき|手引|手引き|手引き書|手引書|手解|手解き|提要|撮要|教則本|教本|約説|要覧|解説書|説明書,"adjective:00182843-a: requiring human effort; ""a manual transmission"" || adjective:00182843-a: requiring human effort || noun:00895135-n: (military) a prescribed drill in handling a rifle || noun:00895135-n: a prescribed drill in handling a rifle || adjective:02557023-a: doing or requiring physical work; ""manual labor""; ""manual laborer"" || adjective:02557023-a: doing or requiring physical work || adjective:02759190-a: of or relating to the hands; ""manual dexterity"" || adjective:02759190-a: of or relating to the hands || noun:06421685-n: a small handbook",adjective|noun,手の|手の。|手動の|手動の。|小型の|小型の。|自転車で|ペダルの勢いを利用せず|自転車で、ペダルの勢いを利用せず、前輪を持ち上げる技術。|マニュアル|取扱説明書|マニュアル、取扱説明書、手引き。|手鍵盤|手鍵盤。|手動変速機|手動変速機、マニュアル・トランスミッション、マニュアル。|マニュアル車|マニュアル車。,,TSL|NAWL|BSL,TSL:55|NAWL:455|BSL:418,EDIT_MEANING,,,,,
payable,1,needs_human_review,AMBIGUOUS_PRIMARY_SENSE|DICTIONARY_DISAGREEMENT|LOW_CONFIDENCE|POS_MISMATCH,noun: 買い掛け金 [low],,,low,adjective|noun,買い掛け金,"adjective:00136884-a: subject to or requiring payment especially as specified; ""a collectible bill""; ""a note payable on demand""; ""a check payable to John Doe"" || adjective:00136884-a: subject to or requiring payment especially as specified || noun:14490801-n: a liability account showing how much is owed for goods and services purchased on credit; ""the problem was to match receivables and payables in the same currency"" || noun:14490801-n: a liability account showing how much is owed for goods and services purchased on credit",adjective|noun,支払うべきで|支払い満期の|支払うべきで、支払い満期の。|支払われるべきで|支払われるべきで。|支払い可能な|支払い可能な。支払える。|採算の取れる|採算の取れる。|支払の責務|支払の責務。,,TSL|BSL,TSL:686|BSL:45,EDIT_MEANING,,,,,
sunny,1,needs_human_review,DICTIONARY_DISAGREEMENT|LOW_CONFIDENCE|POS_MISMATCH,adjective: 快活・朗ら [low],,,low,adjective,ご機嫌|上きげん|上機嫌|御機嫌|快活|朗ら|朗らか,"adjective:00363938-a: bright and pleasant; promoting a feeling of cheer; ""a cheery hello""; ""a gay sunny room""; ""a sunny smile"" || adjective:00363938-a: bright and pleasant || adjective:00363938-a: promoting a feeling of cheer",noun,はれ|晴れ|はれ、晴れ、良い天気。,,TSL,TSL:125,EDIT_MEANING,,,,,
bye,2,needs_human_review,DICTIONARY_DISAGREEMENT|LOW_CONFIDENCE|POS_MISMATCH,noun: 左様なら・おさらば [low],,,low,noun,おさらば|オールボアール|左様なら|パス,"noun:06629610-n: a farewell remark; ""they said their good-byes"" || noun:06629610-n: a farewell remark || noun:07176499-n: you advance to the next round in a tournament without playing an opponent; ""he had a bye in the first round"" || noun:07176499-n: you advance to the next round in a tournament without playing an opponent",interjection,さようなら|さようなら。,,TSL,TSL:807,EDIT_MEANING,,,,,
bilingual,3,needs_human_review,AMBIGUOUS_PRIMARY_SENSE|DICTIONARY_DISAGREEMENT|LOW_CONFIDENCE|POS_MISMATCH,noun: バイリンガル [low],,,low,adjective|noun,バイリンガル,"adjective:01545777-a: using or knowing two languages; ""bilingual education"" || adjective:01545777-a: using or knowing two languages || noun:09854290-n: a person who speaks two languages fluently",adjective|noun,二言語を話す|バイリンガルの|二言語を話す、バイリンガルの|二言語による|二言語を話す人,,NAWL,NAWL:68,EDIT_MEANING,,,,,
minus,3,needs_human_review,AMBIGUOUS_PRIMARY_SENSE|DICTIONARY_DISAGREEMENT|LOW_CONFIDENCE|POS_MISMATCH,noun: 減法・マイナス [low],,,low,adjective|noun,否定的|マイナス|減法,"adjective:00065667-a: involving disadvantage or harm; ""minus (or negative) factors"" || adjective:00065667-a: involving disadvantage or harm || noun:00871862-n: an arithmetic operation in which the difference between two numbers is calculated; ""the subtraction of three from four leaves one""; ""four minus three equals one"" || noun:00871862-n: an arithmetic operation in which the difference between two numbers is calculated || adjective:01819821-a: on the negative side or lower end of a scale; ""minus 5 degrees""; ""a grade of B minus"" || adjective:01819821-a: on the negative side or lower end of a scale",preposition|adjective|noun,減じた|~を引いた、減じた。|~無しに。|負の|負の。|零下の|零下の。|順位が多少劣った|順位が多少劣った。|負符号|負符号、マイナス符号 (−).|負の数|負の数。|欠点|失点|欠点、失点、不利。,,NAWL|BSL,NAWL:801|BSL:290,EDIT_MEANING,,,,,
morality,3,needs_human_review,AMBIGUOUS_PRIMARY_SENSE|DICTIONARY_DISAGREEMENT|LOW_CONFIDENCE,noun: 人倫・倫理 [low],,,low,noun,モラリティー|モラル|人倫|倫理|倫理性|善徳|徳義|徳行|義|道徳|道徳性|道義|倫理的動機,noun:04846770-n: concern with the distinction between good and evil or right and wrong; right or good conduct || noun:04846770-n: concern with the distinction between good and evil or right and wrong || noun:04846770-n: right or good conduct || noun:09183693-n: motivation based on ideas of right and wrong,noun,道徳|道徳。|道徳規範|道徳観|道徳規範、道徳観。|徳性|品行方正|徳性、品行方正であること。|説教|訓話|説教、訓話。|倫理学|倫理学、道徳・道徳観を対象とする哲学の一分野。|倫理学の学説|倫理学の学説。,,NAWL,NAWL:570,EDIT_MEANING,,,,,
primitive,3,needs_human_review,AMBIGUOUS_PRIMARY_SENSE|DICTIONARY_DISAGREEMENT|LOW_CONFIDENCE|POS_MISMATCH,adjective: 元始的・原始的 [low],,,low,adjective|noun,プリミチブ|プリミティブ|プリミティヴ|原始的|文明化されていない|未開の|アルカイック|アーケイック|元始的|古い|古風|大時代|ノーグッド,"adjective:00413432-a: used of preliterate or tribal or nonindustrial societies; ""primitive societies"" || adjective:00413432-a: used of preliterate or tribal or nonindustrial societies || adjective:00817731-a: little evolved from or characteristic of an earlier ancestral type; ""archaic forms of life""; ""primitive mammals""; ""the okapi is a short-necked primitive cousin of the giraffe"" || adjective:00817731-a: little evolved from or characteristic of an earlier ancestral type || adjective:00818175-a: belonging to an early stage of technical development; characterized by simplicity and (often) crudeness; ""the crude weapons and rude agricultural implements of early man""; ""primitive movies of the 1890s""; ""primitive living conditions in the Appalachian mountains"" || adjective:00818175-a: belonging to an early stage of technical development || adjective:00818175-a: characterized by simplicity and (often) crudeness || adjective:01912858-a: of or created by one without formal training; simple or naive in style; ""primitive art such as that by Grandma Moses is often colorful and striking"" || adjective:01912858-a: of or created by one without formal training || adjective:01912858-a: simple or naive in style || noun:06294941-n: a word serving as the basis for inflected or derived forms; ""`pick' is the primitive from which `picket' is derived"" || noun:06294941-n: a word serving as the basis for inflected or derived forms || noun:06295113-n: a mathematical expression from which another expression is derived || noun:09627462-n: a person who belongs to an early stage of civilization",noun|adjective,語根|語根。|原始人|原始人。|素朴な人|素朴な人。|基本要素|基本要素。|原始関数|原始関数。|原始の|原始の。初期の。太古の。|旧式の|旧式の。|語根の|語根の。|原始の。原始的な。,,NAWL,NAWL:387,EDIT_MEANING,,,,,
tumor,3,needs_human_review,DICTIONARY_DISAGREEMENT|LOW_CONFIDENCE|POS_MISMATCH,noun: 腫瘍・新生物 [low],,,low,noun,新生物|腫瘍,noun:14235200-n: an abnormal new mass of tissue that serves no purpose,proper noun,腫瘍|腫瘍。,,NAWL,NAWL:212,EDIT_MEANING,,,,,
boardroom,1,missing_data,MISSING_JAPANESE,,,,low,noun,,noun:02857644-n: a room where a committee meets (such as the board of directors of a company),,,,TSL,TSL:437,ADD_MEANING,,,,,
culinary,1,missing_data,MISSING_JAPANESE,,,,low,adjective,,adjective:02707659-a: of or relating to or used in cooking,,,,TSL,TSL:629,ADD_MEANING,,,,,
distractor,1,missing_data,MISSING_JAPANESE,,,,low,,,,,,,TSL,TSL:120,REPLACE_WORD,,,,,
hotline,1,missing_data,MISSING_JAPANESE,,,,low,,,,,,,TSL,TSL:679,REPLACE_WORD,,,,,
indoor,1,missing_data,MISSING_JAPANESE,,,,low,adjective,,"adjective:00953127-a: within doors; ""an indoor setting"" || adjective:00953127-a: within doors || adjective:01692786-a: located, suited for, or taking place within a building; ""indoor activities for a rainy day""; ""an indoor pool"" || adjective:01692786-a: located, suited for, or taking place within a building",,,,TSL,TSL:151,ADD_MEANING,,,,,
login,1,missing_data,MISSING_JAPANESE,,,,low,,,,,,,TSL,TSL:525,REPLACE_WORD,,,,,
outdoor,1,missing_data,MISSING_JAPANESE,,,,low,adjective,,"adjective:01692222-a: located, suited for, or taking place in the open air; ""outdoor clothes""; ""badminton and other outdoor games""; ""a beautiful outdoor setting for the wedding"" || adjective:01692222-a: located, suited for, or taking place in the open air || adjective:03095372-a: pertaining to or concerning the outdoors or outdoor activities; ""outdoor education is the area of teacher training concerned with training for outdoor activities"" || adjective:03095372-a: pertaining to or concerning the outdoors or outdoor activities",,,,TSL,TSL:61,ADD_MEANING,,,,,
realtor,1,missing_data,MISSING_JAPANESE,,,,low,noun,,noun:10510078-n: a real estate agent who is a member of the National Association of Realtors,,,,TSL,TSL:487,ADD_MEANING,,,,,
salesperson,1,missing_data,MISSING_JAPANESE,,,,low,noun,,noun:10548681-n: a person employed to represent a business and to sell its merchandise (as to customers in a store or to customers who are visited),,,,TSL|BSL,TSL:275|BSL:1090,ADD_MEANING,,,,,
shopper,1,missing_data,MISSING_JAPANESE,,,,low,noun,,noun:10592397-n: someone who visits stores in search of articles to buy || noun:10592595-n: a commercial agent who shops at the competitor's store in order to compare their prices and merchandise with those of the store that employs her,,,,TSL|BSL,TSL:183|BSL:668,ADD_MEANING,,,,,
taker,1,missing_data,MISSING_JAPANESE,,,,low,noun,,noun:09852081-n: one who takes a bet or wager || noun:10689784-n: one who accepts an offer,,,,TSL,TSL:313,ADD_MEANING,,,,,
albeit,2,missing_data,MISSING_JAPANESE,,,,low,,,,conjunction,~ではあるが。|縦え~でも。,,BSL,BSL:615,ADD_MEANING,,,,,
amid,2,missing_data,MISSING_JAPANESE,,,,low,,,,preposition,(位置)~の間に、~の真ん中に、~の中に。|(時間)~の最中に。~という状況の中、~を受けて、~に伴い、~を背景に。,,BSL,BSL:634,ADD_MEANING,,,,,
antitrust,2,missing_data,MISSING_JAPANESE,,,,low,adjective,,adjective:00956568-a: of laws and regulations; designed to protect trade and commerce from unfair business practices || adjective:00956568-a: of laws and regulations || adjective:00956568-a: designed to protect trade and commerce from unfair business practices,,,,BSL,BSL:813,ADD_MEANING,,,,,
bondholder,2,missing_data,MISSING_JAPANESE,,,,low,noun,,noun:09864761-n: a holder of bonds issued by a government or corporation,,,,BSL,BSL:692,ADD_MEANING,,,,,
carton,2,missing_data,MISSING_JAPANESE,,,,low,noun,,noun:02971356-n: a box made of cardboard; opens by flaps on top || noun:02971356-n: a box made of cardboard || noun:02971356-n: opens by flaps on top || noun:13766337-n: the quantity contained in a carton,,,,TSL,TSL:755,ADD_MEANING,,,,,
ceasefire,2,missing_data,MISSING_JAPANESE,,,,low,,,,,,,BSL,BSL:835,REPLACE_WORD,,,,,
consultancy,2,missing_data,MISSING_JAPANESE,,,,low,noun,,"noun:00631712-n: the practice of giving expert advice within a particular field; ""a business management consultancy"" || noun:00631712-n: the practice of giving expert advice within a particular field",,,,BSL,BSL:306,ADD_MEANING,,,,,
cordless,2,missing_data,MISSING_JAPANESE,,,,low,adjective,,"adjective:02703911-a: not having a cord; ""cordless telephone"" || adjective:02703911-a: not having a cord",,,,TSL,TSL:967,ADD_MEANING,,,,,
downsize,2,missing_data,MISSING_JAPANESE,,,,low,verb,,"verb:00586682-v: reduce in size or number; ""the company downsized its research staff"" || verb:00586682-v: reduce in size or number || verb:00586816-v: make in a smaller size; ""the car makers downsized the SUVs when fuel became very expensive"" || verb:00586816-v: make in a smaller size || verb:02403773-v: dismiss from work; ""three secretaries were downsized during the financial crisis"" || verb:02403773-v: dismiss from work",,,,TSL,TSL:905,ADD_MEANING,,,,,
flextime,2,missing_data,MISSING_JAPANESE,,,,low,,,,noun,flexitimeの異綴。,,TSL,TSL:911,ADD_MEANING,,,,,
fundraise,2,missing_data,MISSING_JAPANESE,,,,low,verb,,"verb:02217990-v: raise money for a cause or project; ""We are fundraising for AIDS research"" || verb:02217990-v: raise money for a cause or project",,,,TSL,TSL:772,ADD_MEANING,,,,,
governmental,2,missing_data,MISSING_JAPANESE,,,,low,adjective,,"adjective:01814711-a: relating to or dealing with the affairs or structure of government or politics or the state; ""governmental policy""; ""public confidence and governmental morale"" || adjective:01814711-a: relating to or dealing with the affairs or structure of government or politics or the state",,,,BSL,BSL:884,ADD_MEANING,,,,,
handset,2,missing_data,MISSING_JAPANESE,,,,low,noun,,noun:03488438-n: telephone set with the mouthpiece and earpiece mounted on a single handle,,,,BSL,BSL:836,ADD_MEANING,,,,,
healthcare,2,missing_data,MISSING_JAPANESE,,,,low,noun,,noun:01059900-n: the preservation of mental and physical health by preventing or treating illness through services offered by the health profession,,,,TSL|BSL,TSL:776|BSL:1447,ADD_MEANING,,,,,
homemade,2,missing_data,MISSING_JAPANESE,,,,low,adjective,,"adjective:00674270-a: made or produced in the home or by yourself; ""homemade bread"" || adjective:00674270-a: made or produced in the home or by yourself",,,,TSL,TSL:1220,ADD_MEANING,,,,,
housekeep,2,missing_data,MISSING_JAPANESE,,,,low,verb,,verb:02683316-v: maintain a household; take care of all business related to a household || verb:02683316-v: maintain a household || verb:02683316-v: take care of all business related to a household,,,,TSL,TSL:1053,ADD_MEANING,,,,,
issuer,2,missing_data,MISSING_JAPANESE,,,,low,noun,,noun:08055150-n: an institution that issues something (securities or publications or currency etc.),,,,BSL,BSL:103,ADD_MEANING,,,,,
jeans,2,missing_data,MISSING_JAPANESE,,,,low,,,,,,,TSL,TSL:1145,REPLACE_WORD,,,,,
lifeguard,2,missing_data,MISSING_JAPANESE,,,,low,noun,,noun:10260800-n: an attendant employed at a beach or pool to protect swimmers from accidents,,,,TSL,TSL:1148,ADD_MEANING,,,,,
macroeconomic,2,missing_data,MISSING_JAPANESE,,,,low,adjective,,adjective:02758500-a: of or relating to macroeconomics,,,,BSL,BSL:517,ADD_MEANING,,,,,
odds,2,missing_data,MISSING_JAPANESE,,,,low,noun,,"noun:04756504-n: the likelihood of a thing occurring rather than not occurring || noun:13823483-n: the ratio by which one better's wager is greater than that of another; ""he offered odds of two to one"" || noun:13823483-n: the ratio by which one better's wager is greater than that of another",noun,"""odd"" の複数形",,BSL,BSL:650,ADD_MEANING,,,,,
offshore,2,missing_data,MISSING_JAPANESE,,,,low,adverb|adjective,,"adverb:00140049-r: away from shore; away from land; ""cruising three miles offshore"" || adverb:00140049-r: away from shore || adverb:00140049-r: away from land || adjective:00464399-a: (of winds) coming from the land; ""offshore winds"" || adjective:00464399-a: (of winds) coming from the land || adjective:01381340-a: at some distance from the shore; ""offshore oil reserves""; ""an offshore island"" || adjective:01381340-a: at some distance from the shore",,,,BSL,BSL:368,ADD_MEANING,,,,,
overcrowd,2,missing_data,MISSING_JAPANESE,,,,low,verb,,"verb:02027926-v: crowd together too much || verb:02028181-v: cause to crowd together too much; ""The students overcrowded the cafeteria"" || verb:02028181-v: cause to crowd together too much",,,,TSL,TSL:1157,ADD_MEANING,,,,,
payout,2,missing_data,MISSING_JAPANESE,,,,low,,,,,,,BSL,BSL:341,REPLACE_WORD,,,,,
prestigious,2,missing_data,MISSING_JAPANESE,,,,low,adjective,,"adjective:01830703-a: exerting influence by reason of high status or prestige; ""a prestigious professor at a prestigious university"" || adjective:01830703-a: exerting influence by reason of high status or prestige || adjective:01982957-a: having an illustrious reputation; respected; ""our esteemed leader""; ""a prestigious author"" || adjective:01982957-a: having an illustrious reputation || adjective:01982957-a: respected",,,,TSL,TSL:1004,ADD_MEANING,,,,,
receivable,2,missing_data,MISSING_JAPANESE,,,,low,adjective,,"adjective:00137277-a: awaiting payment; ""accounts receivable"" || adjective:00137277-a: awaiting payment",,,,BSL,BSL:56,ADD_MEANING,,,,,
redecorate,2,missing_data,MISSING_JAPANESE,,,,low,verb,,verb:01678407-v: redo the decoration of an apartment or house,,,,TSL,TSL:937,ADD_MEANING,,,,,
redesign,2,missing_data,MISSING_JAPANESE,,,,low,verb,,"verb:01640107-v: design anew, make a new design for",,,,TSL|BSL,TSL:1167|BSL:1637,ADD_MEANING,,,,,
refundable,2,missing_data,MISSING_JAPANESE,,,,low,,,,,,,TSL,TSL:940,REPLACE_WORD,,,,,
regulatory,2,missing_data,MISSING_JAPANESE,,,,low,adjective,,"adjective:02004685-a: restricting according to rules or principles; ""a regulatory gene"" || adjective:02004685-a: restricting according to rules or principles",,,,BSL,BSL:113,ADD_MEANING,,,,,
reinvest,2,missing_data,MISSING_JAPANESE,,,,low,,,,,,,BSL,BSL:821,REPLACE_WORD,,,,,
repairperson,2,missing_data,MISSING_JAPANESE,,,,low,,,,,,,TSL,TSL:786,REPLACE_WORD,,,,,
revolutionize,2,missing_data,MISSING_JAPANESE,,,,low,verb,,"verb:00125633-v: change radically; ""E-mail revolutionized communication in academe"" || verb:00125633-v: change radically || verb:00605310-v: fill with revolutionary ideas || verb:02402695-v: overthrow by a revolution, of governments",,,,TSL,TSL:1009,ADD_MEANING,,,,,
stakeholder,2,missing_data,MISSING_JAPANESE,,,,low,noun,,noun:10646140-n: someone entrusted to hold the stakes for two or more persons betting against one another; must deliver the stakes to the winner || noun:10646140-n: someone entrusted to hold the stakes for two or more persons betting against one another || noun:10646140-n: must deliver the stakes to the winner,,,,BSL,BSL:130,ADD_MEANING,,,,,
steak,2,missing_data,MISSING_JAPANESE,,,,low,noun,,noun:07657903-n: a slice of meat cut from the fleshy part of an animal or large fish,,,,TSL,TSL:840,ADD_MEANING,,,,,
stockmarket,2,missing_data,MISSING_JAPANESE,,,,low,,,,,,,BSL,BSL:95,REPLACE_WORD,,,,,
taxable,2,missing_data,MISSING_JAPANESE,,,,low,adjective,,"adjective:02400218-a: (of goods or funds) subject to taxation; ""taxable income""; ""nonexempt property"" || adjective:02400218-a: (of goods or funds) subject to taxation",,,,BSL,BSL:218,ADD_MEANING,,,,,
tuple,2,missing_data,MISSING_JAPANESE,,,,low,,,,,,,BSL,BSL:710,REPLACE_WORD,,,,,
videoconference,2,missing_data,MISSING_JAPANESE,,,,low,,,,,,,TSL,TSL:1250,REPLACE_WORD,,,,,
amongst,3,missing_data,MISSING_JAPANESE,,,,low,,,,preposition,~の中に(=among)。,,NAWL|BSL,NAWL:431|BSL:1442,ADD_MEANING,,,,,
circa,3,missing_data,MISSING_JAPANESE,,,,low,,,,preposition,約~、およそ~、~位、~頃。,,NAWL,NAWL:938,ADD_MEANING,,,,,
communicative,3,missing_data,MISSING_JAPANESE,,,,low,adjective,,"adjective:00494907-a: able or tending to communicate; ""was a communicative person and quickly told all she knew""- W.M.Thackeray || adjective:00494907-a: able or tending to communicate || adjective:02956371-a: of or relating to communication; ""communicative arts"" || adjective:02956371-a: of or relating to communication",,,,NAWL,NAWL:571,ADD_MEANING,,,,,
lateral,3,missing_data,MISSING_JAPANESE,,,,low,noun|adjective,,"noun:00561707-n: a pass to a receiver upfield from the passer || adjective:00778828-a: lying away from the median and sagittal plane of a body; ""lateral lemniscus"" || adjective:00778828-a: lying away from the median and sagittal plane of a body || adjective:02441469-a: situated at or extending to the side; ""the lateral branches of a tree""; ""shot out sidelong boughs""- Tennyson || adjective:02441469-a: situated at or extending to the side",,,,NAWL,NAWL:256,ADD_MEANING,,,,,
longitudinal,3,missing_data,MISSING_JAPANESE,,,,low,adjective,,"adjective:01440776-a: over an extended time; ""a longitudinal study of twins"" || adjective:01440776-a: over an extended time || adjective:01445558-a: running lengthwise; ""a thin longitudinal strip""; ""longitudinal measurements of the hull"" || adjective:01445558-a: running lengthwise || adjective:02830345-a: of or relating to lines of longitude; ""longitudinal reckoning by the navigator"" || adjective:02830345-a: of or relating to lines of longitude",,,,NAWL,NAWL:263,ADD_MEANING,,,,,
nonlinear,3,missing_data,MISSING_JAPANESE,,,,low,adjective,,adjective:01417790-a: designating or involving an equation whose terms are not of the first degree,,,,NAWL,NAWL:183,ADD_MEANING,,,,,
practitioner,3,missing_data,MISSING_JAPANESE,,,,low,noun,,noun:10462860-n: someone who practices a learned profession,,,,NAWL|BSL,NAWL:356|BSL:814,ADD_MEANING,,,,,
psychiatric,3,missing_data,MISSING_JAPANESE,,,,low,adjective,,"adjective:02913004-a: relating to or used in or engaged in the practice of psychiatry; ""psychiatric disorder""; ""psychiatric hospital"" || adjective:02913004-a: relating to or used in or engaged in the practice of psychiatry",,,,NAWL,NAWL:317,ADD_MEANING,,,,,
sensory,3,missing_data,MISSING_JAPANESE,,,,low,adjective,,"adjective:00333611-a: of a nerve fiber or impulse originating outside and passing toward the central nervous system; ""sensory neurons"" || adjective:00333611-a: of a nerve fiber or impulse originating outside and passing toward the central nervous system || adjective:02108665-a: involving or derived from the senses; ""sensory experience""; ""sensory channels"" || adjective:02108665-a: involving or derived from the senses || adjective:02796425-a: relating to or concerned in sensation; ""the sensory cortex""; ""sensory organs"" || adjective:02796425-a: relating to or concerned in sensation",,,,NAWL,NAWL:397,ADD_MEANING,,,,,
syntactic,3,missing_data,MISSING_JAPANESE,,,,low,adjective,,"adjective:02880557-a: of or relating to or conforming to the rules of syntax; ""the syntactic rules of a language"" || adjective:02880557-a: of or relating to or conforming to the rules of syntax",,,,NAWL,NAWL:86,ADD_MEANING,,,,,
variability,3,missing_data,MISSING_JAPANESE,,,,low,noun,,noun:04735233-n: the quality of being subject to variation || noun:04771890-n: the quality of being uneven and lacking uniformity,,,,NAWL|BSL,NAWL:220|BSL:853,ADD_MEANING,,,,,
whereby,3,missing_data,MISSING_JAPANESE,,,,low,,,,,,,NAWL|BSL,NAWL:606|BSL:724,REPLACE_WORD,,,,,
