word,selectedPrimaryMeanings,allSynsets,allJapaneseLemmas,reviewFlags,whyReviewRequired
mister,"[{""pos"":""noun"",""synset"":""06341340-n"",""display"":""-氏"",""primaryRank"":1,""rankReason"":""sense rank 0 used as a weak lower-is-better signal; tag count/freq 2 used as a weak higher-is-better signal; selected 1 representative lemma(s) from 1 lemma(s) in this synset; lemma choice is heuristic; raw Japanese WordNet lemmas are preserved""}]","[{""synset"":""06341340-n"",""pos"":""noun"",""senseRank"":0,""tagCount"":2,""japaneseLemmas"":[""-氏""],""japaneseGloss"":""男性のための敬称""}]","[""-氏""]",UNNATURAL_JAPANESE,Selected display text may be unnatural for game display: -氏.
inspection,"[{""pos"":""noun"",""synset"":""00879271-n"",""display"":""審査・検査"",""primaryRank"":1,""rankReason"":""sense rank 0 used as a weak lower-is-better signal; tag count/freq 10 used as a weak higher-is-better signal; selected 2 representative lemma(s) from 18 lemma(s) in this synset; lemma choice is heuristic; raw Japanese WordNet lemmas are preserved""}]","[{""synset"":""00879271-n"",""pos"":""noun"",""senseRank"":0,""tagCount"":10,""japaneseLemmas"":[""ご覧"",""インスペクション"",""参観"",""審査"",""御覧"",""査察"",""校閲"",""検問"",""検査"",""検証"",""検閲"",""点検"",""監察"",""監査"",""縦覧"",""視察"",""鑑査"",""閲覧""],""japaneseGloss"":""正式または公式の調査""}]","[""ご覧"",""インスペクション"",""参観"",""審査"",""御覧"",""査察"",""校閲"",""検問"",""検査"",""検証"",""検閲"",""点検"",""監察"",""監査"",""縦覧"",""視察"",""鑑査"",""閲覧""]",TOO_MANY_JAPANESE_LEMMAS,"This word has 18 unique Japanese lemmas. At least one synset has many Japanese lemmas, so representative lemma choice needs review."
advisor,"[{""pos"":""noun"",""synset"":""09774266-n"",""display"":""顧問・相談役"",""primaryRank"":1,""rankReason"":""sense rank 0 used as a weak lower-is-better signal; tag count/freq 1 used as a weak higher-is-better signal; selected 2 representative lemma(s) from 12 lemma(s) in this synset; lemma choice is heuristic; raw Japanese WordNet lemmas are preserved""}]","[{""synset"":""09774266-n"",""pos"":""noun"",""senseRank"":0,""tagCount"":1,""japaneseLemmas"":[""アドバイザー"",""アドヴァイザー"",""カウンセラー"",""コンサルタント"",""助言者"",""参謀"",""相談役"",""補佐人"",""補弼"",""輔弼"",""顧問"",""顧問官""],""japaneseGloss"":""助言を行う専門家""}]","[""アドバイザー"",""アドヴァイザー"",""カウンセラー"",""コンサルタント"",""助言者"",""参謀"",""相談役"",""補佐人"",""補弼"",""輔弼"",""顧問"",""顧問官""]",TOO_MANY_JAPANESE_LEMMAS,"This word has 12 unique Japanese lemmas. At least one synset has many Japanese lemmas, so representative lemma choice needs review."
quit,"[{""pos"":""verb"",""synset"":""02680814-v"",""display"":""止める・廃す"",""primaryRank"":1,""rankReason"":""sense rank 0 used as a weak lower-is-better signal; tag count/freq 13 used as a weak higher-is-better signal; selected 2 representative lemma(s) from 27 lemma(s) in this synset; lemma choice is heuristic; raw Japanese WordNet lemmas are preserved""},{""pos"":""verb"",""synset"":""02008396-v"",""display"":""去る・離れる"",""primaryRank"":2,""rankReason"":""sense rank 0 used as a weak lower-is-better signal; tag count/freq 1 used as a weak higher-is-better signal; selected 2 representative lemma(s) from 18 lemma(s) in this synset; lemma choice is heuristic; raw Japanese WordNet lemmas are preserved""},{""pos"":""verb"",""synset"":""02382367-v"",""display"":""辞める・辞す"",""primaryRank"":3,""rankReason"":""sense rank 0 used as a weak lower-is-better signal; tag count/freq 1 used as a weak higher-is-better signal; selected 2 representative lemma(s) from 10 lemma(s) in this synset; lemma choice is heuristic; raw Japanese WordNet lemmas are preserved""}]","[{""synset"":""01083044-v"",""pos"":""verb"",""senseRank"":0,""tagCount"":0,""japaneseLemmas"":[""ギブアップ"",""万歳"",""参る"",""思断つ"",""断念"",""棄権"",""絶念"",""観念"",""諦める"",""降参""],""japaneseGloss"":""望みを欠いている敗北に直面してあきらめる""},{""synset"":""02008396-v"",""pos"":""verb"",""senseRank"":0,""tagCount"":1,""japaneseLemmas"":[""去る"",""引き上げる"",""引き下がる"",""引き払う"",""引き揚げる"",""引上げる"",""引下がる"",""立ちさる"",""立ち去る"",""立去る"",""辞す"",""辞する"",""退去"",""退散"",""離れさる"",""離れる"",""離れ去る"",""離去る""],""japaneseGloss"":""去るか、去りゆく""},{""synset"":""02227487-v"",""pos"":""verb"",""senseRank"":0,""tagCount"":0,""japaneseLemmas"":[""捨てる"",""断つ"",""絶つ""],""japaneseGloss"":""拒否する""},{""synset"":""02382367-v"",""pos"":""verb"",""senseRank"":0,""tagCount"":1,""japaneseLemmas"":[""下りる"",""罷める"",""辞す"",""辞する"",""辞める"",""辞任"",""辞職"",""退く"",""退陣"",""降りる""],""japaneseGloss"":""身分を放棄するか、または引退する""},{""synset"":""02680814-v"",""pos"":""verb"",""senseRank"":0,""tagCount"":13,""japaneseLemmas"":[""うち切り"",""とり止まる"",""とり止める"",""ほうる"",""ストップ"",""中止"",""停める"",""停止"",""取りやめる"",""取り止める"",""取止める"",""廃す"",""廃する"",""打ち切り"",""打ち切る"",""抛る"",""措く"",""放る"",""断ちきる"",""断つ"",""止す"",""止める"",""止らす"",""留める"",""終える"",""絶つ"",""置く""],""japaneseGloss"":""状態または活動に終止符を打つ""}]","[""ギブアップ"",""万歳"",""参る"",""思断つ"",""断念"",""棄権"",""絶念"",""観念"",""諦める"",""降参"",""去る"",""引き上げる"",""引き下がる"",""引き払う"",""引き揚げる"",""引上げる"",""引下がる"",""立ちさる"",""立ち去る"",""立去る"",""辞す"",""辞する"",""退去"",""退散"",""離れさる"",""離れる"",""離れ去る"",""離去る"",""捨てる"",""断つ"",""絶つ"",""下りる"",""罷める"",""辞める"",""辞任"",""辞職"",""退く"",""退陣"",""降りる"",""うち切り"",""とり止まる"",""とり止める"",""ほうる"",""ストップ"",""中止"",""停める"",""停止"",""取りやめる"",""取り止める"",""取止める"",""廃す"",""廃する"",""打ち切り"",""打ち切る"",""抛る"",""措く"",""放る"",""断ちきる"",""止す"",""止める"",""止らす"",""留める"",""終える"",""置く""]",TOO_MANY_JAPANESE_LEMMAS|AMBIGUOUS_PRIMARY_SENSE,"This word has 64 unique Japanese lemmas. 5 viable synset-level primary candidates existed, but only 3 display rows are allowed. At least one synset has many Japanese lemmas, so representative lemma choice needs review."
lounge,"[{""pos"":""noun"",""synset"":""03691817-n"",""display"":""待合室・待ち合い室"",""primaryRank"":1,""rankReason"":""sense rank 0 used as a weak lower-is-better signal; tag count/freq 0 used as a weak higher-is-better signal; selected 2 representative lemma(s) from 8 lemma(s) in this synset; lemma choice is heuristic; raw Japanese WordNet lemmas are preserved""},{""pos"":""verb"",""synset"":""02639075-v"",""display"":""うろつく・ぶらつく"",""primaryRank"":2,""rankReason"":""sense rank 0 used as a weak lower-is-better signal; tag count/freq 0 used as a weak higher-is-better signal; selected 2 representative lemma(s) from 14 lemma(s) in this synset; lemma choice is heuristic; raw Japanese WordNet lemmas are preserved""},{""pos"":""noun"",""synset"":""04256520-n"",""display"":""ソファ・寝いす"",""primaryRank"":3,""rankReason"":""sense rank 0 used as a weak lower-is-better signal; tag count/freq 0 used as a weak higher-is-better signal; selected 2 representative lemma(s) from 7 lemma(s) in this synset; lemma choice is heuristic; raw Japanese WordNet lemmas are preserved""}]","[{""synset"":""01528339-v"",""pos"":""verb"",""senseRank"":0,""tagCount"":2,""japaneseLemmas"":[],""japaneseGloss"":""ゆったり座る、またはもたれる""},{""synset"":""02639075-v"",""pos"":""verb"",""senseRank"":0,""tagCount"":0,""japaneseLemmas"":[""うろうろ"",""うろつく"",""ごろつく"",""さ迷う"",""ぶらつく"",""ぶらぶらする"",""ほっつく"",""ほつき歩く"",""ほつく"",""低回"",""低徊"",""彷徨う"",""彷徨く"",""徘徊""],""japaneseGloss"":""動き周って""},{""synset"":""03691817-n"",""pos"":""noun"",""senseRank"":0,""tagCount"":0,""japaneseLemmas"":[""ウェイティングルーム"",""ウエイティングルーム"",""ウエーティングルーム"",""ラウンジ"",""ロビー"",""待ち合い室"",""待ち合い所"",""待合室""],""japaneseGloss"":""（ホテルや空港などの）公共の待ち合い室""},{""synset"":""04256520-n"",""pos"":""noun"",""senseRank"":0,""tagCount"":0,""japaneseLemmas"":[""カウチ"",""ソファ"",""ソファー"",""寝いす"",""寝椅子"",""長いす"",""長椅子""],""japaneseGloss"":""二人以上の人のための布張りをした席""}]","[""うろうろ"",""うろつく"",""ごろつく"",""さ迷う"",""ぶらつく"",""ぶらぶらする"",""ほっつく"",""ほつき歩く"",""ほつく"",""低回"",""低徊"",""彷徨う"",""彷徨く"",""徘徊"",""ウェイティングルーム"",""ウエイティングルーム"",""ウエーティングルーム"",""ラウンジ"",""ロビー"",""待ち合い室"",""待ち合い所"",""待合室"",""カウチ"",""ソファ"",""ソファー"",""寝いす"",""寝椅子"",""長いす"",""長椅子""]",TOO_MANY_JAPANESE_LEMMAS,"This word has 29 unique Japanese lemmas. At least one synset has many Japanese lemmas, so representative lemma choice needs review."
expertise,"[{""pos"":""noun"",""synset"":""05640729-n"",""display"":""熟練さ・熟練していること"",""primaryRank"":1,""rankReason"":""sense rank 0 used as a weak lower-is-better signal; tag count/freq 2 used as a weak higher-is-better signal; selected 2 representative lemma(s) from 2 lemma(s) in this synset; lemma choice is heuristic; raw Japanese WordNet lemmas are preserved""}]","[{""synset"":""05640729-n"",""pos"":""noun"",""senseRank"":0,""tagCount"":2,""japaneseLemmas"":[""熟練さ"",""熟練していること""],""japaneseGloss"":""特別な知識を持つことで熟達すること""}]","[""熟練さ"",""熟練していること""]",UNNATURAL_JAPANESE,Selected display text may be unnatural for game display: 熟練さ・熟練していること.
spacious,"[{""pos"":""adjective"",""synset"":""01384212-a"",""display"":""広い・手広い"",""primaryRank"":1,""rankReason"":""sense rank 0 used as a weak lower-is-better signal; tag count/freq 2 used as a weak higher-is-better signal; selected 2 representative lemma(s) from 18 lemma(s) in this synset; lemma choice is heuristic; raw Japanese WordNet lemmas are preserved""}]","[{""synset"":""00476249-a"",""pos"":""adjective"",""senseRank"":0,""tagCount"":0,""japaneseLemmas"":[""広々とした"",""広い"",""広やか"",""広広とした"",""弘い"",""手広い""],""japaneseGloss"":""（建物や部屋について）十分な空間のある""},{""synset"":""01384212-a"",""pos"":""adjective"",""senseRank"":0,""tagCount"":2,""japaneseLemmas"":[""ワイド"",""宏闊"",""広い"",""広やか"",""広漠たる"",""広遠"",""広闊"",""弘い"",""弘遠"",""快豁"",""快闊"",""手広い"",""浩々たる"",""浩浩たる"",""浩渺たる"",""空豁"",""空闊"",""蕩然たる""],""japaneseGloss"":""広がりか規模で非常に大きい""}]","[""広々とした"",""広い"",""広やか"",""広広とした"",""弘い"",""手広い"",""ワイド"",""宏闊"",""広漠たる"",""広遠"",""広闊"",""弘遠"",""快豁"",""快闊"",""浩々たる"",""浩浩たる"",""浩渺たる"",""空豁"",""空闊"",""蕩然たる""]",TOO_MANY_JAPANESE_LEMMAS,"This word has 20 unique Japanese lemmas. At least one synset has many Japanese lemmas, so representative lemma choice needs review."
purse,"[{""pos"":""noun"",""synset"":""02774152-n"",""display"":""ハンドバッグ・ハンドバック"",""primaryRank"":1,""rankReason"":""sense rank 0 used as a weak lower-is-better signal; tag count/freq 5 used as a weak higher-is-better signal; selected 2 representative lemma(s) from 2 lemma(s) in this synset; lemma choice is heuristic; raw Japanese WordNet lemmas are preserved""},{""pos"":""verb"",""synset"":""00145902-v"",""display"":""口をすぼめる"",""primaryRank"":2,""rankReason"":""sense rank 0 used as a weak lower-is-better signal; tag count/freq 2 used as a weak higher-is-better signal; selected 1 representative lemma(s) from 1 lemma(s) in this synset; lemma choice is heuristic; raw Japanese WordNet lemmas are preserved""},{""pos"":""noun"",""synset"":""04026417-n"",""display"":""財布・金入"",""primaryRank"":3,""rankReason"":""sense rank 0 used as a weak lower-is-better signal; tag count/freq 1 used as a weak higher-is-better signal; selected 2 representative lemma(s) from 10 lemma(s) in this synset; lemma choice is heuristic; raw Japanese WordNet lemmas are preserved""}]","[{""synset"":""00145902-v"",""pos"":""verb"",""senseRank"":0,""tagCount"":2,""japaneseLemmas"":[""口をすぼめる""],""japaneseGloss"":""人の唇を丸い形に縮ませる""},{""synset"":""01279305-v"",""pos"":""verb"",""senseRank"":0,""tagCount"":0,""japaneseLemmas"":[""皺む"",""皺める"",""窄める"",""縮らす"",""縮れる""],""japaneseGloss"":""しわまたはひだを寄せる、もしくは、しわまたはひだに縮める""},{""synset"":""02774152-n"",""pos"":""noun"",""senseRank"":0,""tagCount"":5,""japaneseLemmas"":[""ハンドバック"",""ハンドバッグ""],""japaneseGloss"":""（特に女性が用いる）金や個人用小物、アクセサリなどを運ぶためのバッグ""},{""synset"":""04026417-n"",""pos"":""noun"",""senseRank"":0,""tagCount"":1,""japaneseLemmas"":[""がま口"",""パース"",""蝦蟇口"",""蟇口"",""財嚢"",""財布"",""金入"",""金入れ"",""銭入"",""銭入れ""],""japaneseGloss"":""お金を運ぶ小さなバッグ""},{""synset"":""13413159-n"",""pos"":""noun"",""senseRank"":0,""tagCount"":0,""japaneseLemmas"":[],""japaneseGloss"":""報奨として与えられる金額""},{""synset"":""13413294-n"",""pos"":""noun"",""senseRank"":0,""tagCount"":1,""japaneseLemmas"":[""財布""],""japaneseGloss"":""財布の中身という表現で使われる金額""}]","[""口をすぼめる"",""皺む"",""皺める"",""窄める"",""縮らす"",""縮れる"",""ハンドバック"",""ハンドバッグ"",""がま口"",""パース"",""蝦蟇口"",""蟇口"",""財嚢"",""財布"",""金入"",""金入れ"",""銭入"",""銭入れ""]",TOO_MANY_JAPANESE_LEMMAS|AMBIGUOUS_PRIMARY_SENSE,"This word has 18 unique Japanese lemmas. 5 viable synset-level primary candidates existed, but only 3 display rows are allowed. At least one synset has many Japanese lemmas, so representative lemma choice needs review. A lower-scored unselected candidate exists, indicating selection order should be checked."
facilitate,"[{""pos"":""verb"",""synset"":""00518395-v"",""display"":""和らげる・楽にする"",""primaryRank"":1,""rankReason"":""sense rank 0 used as a weak lower-is-better signal; tag count/freq 5 used as a weak higher-is-better signal; selected 2 representative lemma(s) from 4 lemma(s) in this synset; lemma choice is heuristic; raw Japanese WordNet lemmas are preserved""},{""pos"":""verb"",""synset"":""02735897-v"",""display"":""助ける・役立つ"",""primaryRank"":2,""rankReason"":""sense rank 0 used as a weak lower-is-better signal; tag count/freq 0 used as a weak higher-is-better signal; selected 2 representative lemma(s) from 9 lemma(s) in this synset; lemma choice is heuristic; raw Japanese WordNet lemmas are preserved""}]","[{""synset"":""00518395-v"",""pos"":""verb"",""senseRank"":0,""tagCount"":5,""japaneseLemmas"":[""和らげる"",""楽にする"",""緩和"",""軽減""],""japaneseGloss"":""易しくする""},{""synset"":""01757338-v"",""pos"":""verb"",""senseRank"":0,""tagCount"":0,""japaneseLemmas"":[],""japaneseGloss"":""（反応）の可能性を高める""},{""synset"":""02735897-v"",""pos"":""verb"",""senseRank"":0,""tagCount"":0,""japaneseLemmas"":[""助ける"",""役だつ"",""役立つ"",""手だすけ"",""手助"",""手助け"",""扶く"",""扶ける"",""資する""],""japaneseGloss"":""役に立つ""}]","[""和らげる"",""楽にする"",""緩和"",""軽減"",""助ける"",""役だつ"",""役立つ"",""手だすけ"",""手助"",""手助け"",""扶く"",""扶ける"",""資する""]",TOO_MANY_JAPANESE_LEMMAS,This word has 13 unique Japanese lemmas.
authorization,"[{""pos"":""noun"",""synset"":""06556481-n"",""display"":""承認・許可"",""primaryRank"":1,""rankReason"":""sense rank 0 used as a weak lower-is-better signal; tag count/freq 5 used as a weak higher-is-better signal; selected 2 representative lemma(s) from 13 lemma(s) in this synset; lemma choice is heuristic; raw Japanese WordNet lemmas are preserved""},{""pos"":""noun"",""synset"":""01138670-n"",""display"":""認可・免許"",""primaryRank"":2,""rankReason"":""sense rank 0 used as a weak lower-is-better signal; tag count/freq 0 used as a weak higher-is-better signal; selected 2 representative lemma(s) from 5 lemma(s) in this synset; lemma choice is heuristic; raw Japanese WordNet lemmas are preserved""},{""pos"":""noun"",""synset"":""05196582-n"",""display"":""委任・権力"",""primaryRank"":3,""rankReason"":""sense rank 0 used as a weak lower-is-better signal; tag count/freq 0 used as a weak higher-is-better signal; selected 2 representative lemma(s) from 6 lemma(s) in this synset; lemma choice is heuristic; raw Japanese WordNet lemmas are preserved""}]","[{""synset"":""01138670-n"",""pos"":""noun"",""senseRank"":0,""tagCount"":0,""japaneseLemmas"":[""オーソライズ"",""免許"",""公認"",""認可"",""認定""],""japaneseGloss"":""権利を与える行為""},{""synset"":""05176607-n"",""pos"":""noun"",""senseRank"":0,""tagCount"":0,""japaneseLemmas"":[""お墨付き"",""オーソライズ"",""免許"",""公認"",""御墨付き"",""裁可"",""裁許"",""認可"",""認定""],""japaneseGloss"":""公式の許可または承認""},{""synset"":""05196582-n"",""pos"":""noun"",""senseRank"":0,""tagCount"":0,""japaneseLemmas"":[""委任"",""権"",""権力"",""権能"",""権限"",""決定権""],""japaneseGloss"":""命令をするか、決定をする力または権利""},{""synset"":""06556481-n"",""pos"":""noun"",""senseRank"":0,""tagCount"":5,""japaneseLemmas"":[""お墨付き"",""免許"",""公認"",""命"",""命令"",""御墨付き"",""承認"",""指し図"",""指図"",""授権"",""許可"",""認可"",""認定""],""japaneseGloss"":""公式の指令または命令を与える文書""}]","[""オーソライズ"",""免許"",""公認"",""認可"",""認定"",""お墨付き"",""御墨付き"",""裁可"",""裁許"",""委任"",""権"",""権力"",""権能"",""権限"",""決定権"",""命"",""命令"",""承認"",""指し図"",""指図"",""授権"",""許可""]",TOO_MANY_JAPANESE_LEMMAS|DUPLICATE_MEANINGS|AMBIGUOUS_PRIMARY_SENSE,"This word has 22 unique Japanese lemmas. Many Japanese lemmas repeat across synsets or normalize to the same form. 4 viable synset-level primary candidates existed, but only 3 display rows are allowed. At least one synset has many Japanese lemmas, so representative lemma choice needs review. A lower-scored unselected candidate exists, indicating selection order should be checked."
compile,"[{""pos"":""verb"",""synset"":""01626138-v"",""display"":""編む・組み上げる"",""primaryRank"":1,""rankReason"":""sense rank 0 used as a weak lower-is-better signal; tag count/freq 3 used as a weak higher-is-better signal; selected 2 representative lemma(s) from 16 lemma(s) in this synset; lemma choice is heuristic; raw Japanese WordNet lemmas are preserved""},{""pos"":""verb"",""synset"":""02304982-v"",""display"":""纏める・集める"",""primaryRank"":2,""rankReason"":""sense rank 0 used as a weak lower-is-better signal; tag count/freq 3 used as a weak higher-is-better signal; selected 2 representative lemma(s) from 19 lemma(s) in this synset; lemma choice is heuristic; raw Japanese WordNet lemmas are preserved""}]","[{""synset"":""01626138-v"",""pos"":""verb"",""senseRank"":0,""tagCount"":3,""japaneseLemmas"":[""まとめ上げる"",""大成"",""撰する"",""撰ぶ"",""撰む"",""撰修"",""構成"",""組み上げる"",""編む"",""編緝"",""編輯"",""編集"",""纒め上げる"",""纒上げる"",""集大成"",""集成""],""japaneseGloss"":""既存の材料から、まとめられる""},{""synset"":""01627105-v"",""pos"":""verb"",""senseRank"":0,""tagCount"":0,""japaneseLemmas"":[],""japaneseGloss"":""実行されることができるコンピュータで読取り可能な機械語に特定のプログラミング言語で書かれるソースコードを翻訳するために、コンピュータープログラムを使用する""},{""synset"":""02304982-v"",""pos"":""verb"",""senseRank"":0,""tagCount"":3,""japaneseLemmas"":[""ため込む"",""コレクト"",""収集"",""取りあつめる"",""取り集める"",""取集める"",""寄せあつめる"",""寄せ集める"",""寄集める"",""拾集"",""採集"",""積みあげる"",""積み上げる"",""積み重ねる"",""纏める"",""蓄積"",""集める"",""集積"",""集結""],""japaneseGloss"":""集合する、または集まる""}]","[""まとめ上げる"",""大成"",""撰する"",""撰ぶ"",""撰む"",""撰修"",""構成"",""組み上げる"",""編む"",""編緝"",""編輯"",""編集"",""纒め上げる"",""纒上げる"",""集大成"",""集成"",""ため込む"",""コレクト"",""収集"",""取りあつめる"",""取り集める"",""取集める"",""寄せあつめる"",""寄せ集める"",""寄集める"",""拾集"",""採集"",""積みあげる"",""積み上げる"",""積み重ねる"",""纏める"",""蓄積"",""集める"",""集積"",""集結""]",TOO_MANY_JAPANESE_LEMMAS,"This word has 35 unique Japanese lemmas. At least one synset has many Japanese lemmas, so representative lemma choice needs review."
correction,"[{""pos"":""noun"",""synset"":""00258854-n"",""display"":""修正・訂正"",""primaryRank"":1,""rankReason"":""sense rank 0 used as a weak lower-is-better signal; tag count/freq 2 used as a weak higher-is-better signal; selected 2 representative lemma(s) from 24 lemma(s) in this synset; lemma choice is heuristic; raw Japanese WordNet lemmas are preserved""},{""pos"":""noun"",""synset"":""06428537-n"",""display"":""訂正"",""primaryRank"":2,""rankReason"":""sense rank 0 used as a weak lower-is-better signal; tag count/freq 1 used as a weak higher-is-better signal; selected 1 representative lemma(s) from 1 lemma(s) in this synset; lemma choice is heuristic; raw Japanese WordNet lemmas are preserved""},{""pos"":""noun"",""synset"":""13755957-n"",""display"":""補正"",""primaryRank"":3,""rankReason"":""sense rank 0 used as a weak lower-is-better signal; tag count/freq 1 used as a weak higher-is-better signal; selected 1 representative lemma(s) from 1 lemma(s) in this synset; lemma choice is heuristic; raw Japanese WordNet lemmas are preserved""}]","[{""synset"":""00258854-n"",""pos"":""noun"",""senseRank"":0,""tagCount"":2,""japaneseLemmas"":[""修正"",""修繕"",""修訂"",""加筆"",""匡正"",""手直し"",""改削"",""改善"",""改正"",""斧正"",""是正"",""是正措置"",""更正"",""更訂"",""校訂"",""校閲"",""添削"",""直し"",""直し物"",""矯正"",""筆削"",""補正"",""規正"",""訂正""],""japaneseGloss"":""間違いを取り替えるために改善を提供する行為""},{""synset"":""00662527-n"",""pos"":""noun"",""senseRank"":0,""tagCount"":0,""japaneseLemmas"":[""矯正""],""japaneseGloss"":""特定の欠陥の処置""},{""synset"":""01161821-n"",""pos"":""noun"",""senseRank"":0,""tagCount"":0,""japaneseLemmas"":[""懲らしめ"",""懲戒"",""懲罰"",""誅罰""],""japaneseGloss"":""罰する行為""},{""synset"":""05111511-n"",""pos"":""noun"",""senseRank"":0,""tagCount"":0,""japaneseLemmas"":[],""japaneseGloss"":""ある一定の増加の後の株取引または株価の下落""},{""synset"":""06428537-n"",""pos"":""noun"",""senseRank"":0,""tagCount"":1,""japaneseLemmas"":[""訂正""],""japaneseGloss"":""誤りのために取り替えられたもの""},{""synset"":""06714288-n"",""pos"":""noun"",""senseRank"":0,""tagCount"":0,""japaneseLemmas"":[""懲らしめ"",""折檻""],""japaneseGloss"":""誤りを犯したことに対する叱責""},{""synset"":""13755957-n"",""pos"":""noun"",""senseRank"":0,""tagCount"":1,""japaneseLemmas"":[""補正""],""japaneseGloss"":""科学的な測定値の精度を増すために加えたり減らしたりする量""}]","[""修正"",""修繕"",""修訂"",""加筆"",""匡正"",""手直し"",""改削"",""改善"",""改正"",""斧正"",""是正"",""是正措置"",""更正"",""更訂"",""校訂"",""校閲"",""添削"",""直し"",""直し物"",""矯正"",""筆削"",""補正"",""規正"",""訂正"",""懲らしめ"",""懲戒"",""懲罰"",""誅罰"",""折檻""]",TOO_MANY_JAPANESE_LEMMAS|AMBIGUOUS_PRIMARY_SENSE,"This word has 29 unique Japanese lemmas. 6 viable synset-level primary candidates existed, but only 3 display rows are allowed. At least one synset has many Japanese lemmas, so representative lemma choice needs review."
enthusiasm,"[{""pos"":""noun"",""synset"":""04634540-n"",""display"":""情熱・意慾"",""primaryRank"":1,""rankReason"":""sense rank 0 used as a weak lower-is-better signal; tag count/freq 5 used as a weak higher-is-better signal; selected 2 representative lemma(s) from 9 lemma(s) in this synset; lemma choice is heuristic; raw Japanese WordNet lemmas are preserved""},{""pos"":""noun"",""synset"":""07555014-n"",""display"":""忘我・情熱"",""primaryRank"":2,""rankReason"":""sense rank 0 used as a weak lower-is-better signal; tag count/freq 5 used as a weak higher-is-better signal; selected 2 representative lemma(s) from 19 lemma(s) in this synset; lemma choice is heuristic; raw Japanese WordNet lemmas are preserved""},{""pos"":""noun"",""synset"":""05670343-n"",""display"":""熱狂・熱"",""primaryRank"":3,""rankReason"":""sense rank 0 used as a weak lower-is-better signal; tag count/freq 3 used as a weak higher-is-better signal; selected 2 representative lemma(s) from 2 lemma(s) in this synset; lemma choice is heuristic; raw Japanese WordNet lemmas are preserved""}]","[{""synset"":""04634540-n"",""pos"":""noun"",""senseRank"":0,""tagCount"":5,""japaneseLemmas"":[""あふれる元気"",""ほとばしる元気"",""情熱"",""意慾"",""熱"",""熱心"",""熱情"",""熱意"",""熱狂""],""japaneseGloss"":""熱意があふれ出る""},{""synset"":""05670343-n"",""pos"":""noun"",""senseRank"":0,""tagCount"":3,""japaneseLemmas"":[""熱"",""熱狂""],""japaneseGloss"":""強い関心""},{""synset"":""07555014-n"",""pos"":""noun"",""senseRank"":0,""tagCount"":5,""japaneseLemmas"":[""いき込み"",""強い興味"",""忘我"",""情熱"",""意気ごみ"",""意気組み"",""意気込み"",""気勢"",""気組み"",""気込み"",""熱中"",""熱心"",""熱情"",""熱意"",""熱気"",""熱狂"",""熱血"",""狂熱"",""興奮""],""japaneseGloss"":""興奮した気持ち""}]","[""あふれる元気"",""ほとばしる元気"",""情熱"",""意慾"",""熱"",""熱心"",""熱情"",""熱意"",""熱狂"",""いき込み"",""強い興味"",""忘我"",""意気ごみ"",""意気組み"",""意気込み"",""気勢"",""気組み"",""気込み"",""熱中"",""熱気"",""熱血"",""狂熱"",""興奮""]",TOO_MANY_JAPANESE_LEMMAS,"This word has 23 unique Japanese lemmas. At least one synset has many Japanese lemmas, so representative lemma choice needs review."
resume,"[{""pos"":""verb"",""synset"":""00350104-v"",""display"":""仕直す・やり直す"",""primaryRank"":1,""rankReason"":""sense rank 0 used as a weak lower-is-better signal; tag count/freq 17 used as a weak higher-is-better signal; selected 2 representative lemma(s) from 5 lemma(s) in this synset; lemma choice is heuristic; raw Japanese WordNet lemmas are preserved""},{""pos"":""noun"",""synset"":""06469694-n"",""display"":""展望・概観"",""primaryRank"":2,""rankReason"":""sense rank 0 used as a weak lower-is-better signal; tag count/freq 4 used as a weak higher-is-better signal; selected 2 representative lemma(s) from 7 lemma(s) in this synset; lemma choice is heuristic; raw Japanese WordNet lemmas are preserved""},{""pos"":""noun"",""synset"":""06468403-n"",""display"":""履歴書"",""primaryRank"":3,""rankReason"":""sense rank 0 used as a weak lower-is-better signal; tag count/freq 0 used as a weak higher-is-better signal; selected 1 representative lemma(s) from 1 lemma(s) in this synset; lemma choice is heuristic; raw Japanese WordNet lemmas are preserved""}]","[{""synset"":""00350104-v"",""pos"":""verb"",""senseRank"":0,""tagCount"":17,""japaneseLemmas"":[""やり直す"",""仕直す"",""再開"",""続開"",""遣り直す""],""japaneseGloss"":""再開するまたは新しく始める""},{""synset"":""00350283-v"",""pos"":""verb"",""senseRank"":0,""tagCount"":5,""japaneseLemmas"":[""取り戻す"",""取戻す"",""取返す"",""復する""],""japaneseGloss"":""前の場所または状態に戻る""},{""synset"":""01007924-v"",""pos"":""verb"",""senseRank"":0,""tagCount"":0,""japaneseLemmas"":[""かいつまむ"",""かい摘む"",""ダイジェスト"",""抓む"",""掻いつまむ"",""掻い取る"",""掻い摘まむ"",""掻い摘む"",""掻取る"",""掻摘む"",""摘む"",""撮む"",""概括"",""概要を述べる"",""概言"",""略言"",""略説"",""略論"",""略述"",""約言"",""要す"",""要する"",""要略"",""要約""],""japaneseGloss"":""（の）概要を与える""},{""synset"":""02381951-v"",""pos"":""verb"",""senseRank"":0,""tagCount"":4,""japaneseLemmas"":[""再開""],""japaneseGloss"":""新たに担う""},{""synset"":""06468403-n"",""pos"":""noun"",""senseRank"":0,""tagCount"":0,""japaneseLemmas"":[""履歴書""],""japaneseGloss"":""学歴と職歴の要約""},{""synset"":""06469694-n"",""pos"":""noun"",""senseRank"":0,""tagCount"":4,""japaneseLemmas"":[""レジメ"",""レジュメ"",""展望"",""概観"",""約説"",""素描"",""要覧""],""japaneseGloss"":""（出来事の）短い記述的な要約""}]","[""やり直す"",""仕直す"",""再開"",""続開"",""遣り直す"",""取り戻す"",""取戻す"",""取返す"",""復する"",""かいつまむ"",""かい摘む"",""ダイジェスト"",""抓む"",""掻いつまむ"",""掻い取る"",""掻い摘まむ"",""掻い摘む"",""掻取る"",""掻摘む"",""摘む"",""撮む"",""概括"",""概要を述べる"",""概言"",""略言"",""略説"",""略論"",""略述"",""約言"",""要す"",""要する"",""要略"",""要約"",""履歴書"",""レジメ"",""レジュメ"",""展望"",""概観"",""約説"",""素描"",""要覧""]",TOO_MANY_JAPANESE_LEMMAS|AMBIGUOUS_PRIMARY_SENSE,"This word has 41 unique Japanese lemmas. 6 viable synset-level primary candidates existed, but only 3 display rows are allowed. At least one synset has many Japanese lemmas, so representative lemma choice needs review."
bound,"[{""pos"":""noun"",""synset"":""13903079-n"",""display"":""境界・境目"",""primaryRank"":1,""rankReason"":""sense rank 0 used as a weak lower-is-better signal; tag count/freq 1 used as a weak higher-is-better signal; selected 2 representative lemma(s) from 9 lemma(s) in this synset; lemma choice is heuristic; raw Japanese WordNet lemmas are preserved""},{""pos"":""verb"",""synset"":""01963942-v"",""display"":""弾む・跳ぶ"",""primaryRank"":2,""rankReason"":""sense rank 0 used as a weak lower-is-better signal; tag count/freq 4 used as a weak higher-is-better signal; selected 2 representative lemma(s) from 12 lemma(s) in this synset; lemma choice is heuristic; raw Japanese WordNet lemmas are preserved""},{""pos"":""adjective"",""synset"":""00252954-a"",""display"":""縛られた"",""primaryRank"":3,""rankReason"":""sense rank 0 used as a weak lower-is-better signal; tag count/freq 4 used as a weak higher-is-better signal; selected 1 representative lemma(s) from 1 lemma(s) in this synset; lemma choice is heuristic; raw Japanese WordNet lemmas are preserved""}]","[{""synset"":""00120202-n"",""pos"":""noun"",""senseRank"":0,""tagCount"":0,""japaneseLemmas"":[""バウンド"",""勢み"",""弾み""],""japaneseGloss"":""軽い自発的な上昇または前進の動き""},{""synset"":""00233335-v"",""pos"":""verb"",""senseRank"":0,""tagCount"":2,""japaneseLemmas"":[""セーブ"",""セーヴ"",""制約"",""抑える"",""抑制"",""押える"",""押さえる"",""限る"",""限定""],""japaneseGloss"":""（範囲またはアクセスの）限度を設置する""},{""synset"":""00252954-a"",""pos"":""adjective"",""senseRank"":0,""tagCount"":4,""japaneseLemmas"":[""縛られた""],""japaneseGloss"":""債権によって限定する""},{""synset"":""00256636-a"",""pos"":""adjective"",""senseRank"":0,""tagCount"":2,""japaneseLemmas"":[],""japaneseGloss"":""カバーまたは製本で頑丈にされた""},{""synset"":""00340626-a"",""pos"":""adjective"",""senseRank"":0,""tagCount"":2,""japaneseLemmas"":[],""japaneseGloss"":""運命によって統治される""},{""synset"":""00638396-a"",""pos"":""adjective"",""senseRank"":0,""tagCount"":0,""japaneseLemmas"":[],""japaneseGloss"":""腸に閉じ込められている""},{""synset"":""01058854-a"",""pos"":""adjective"",""senseRank"":0,""tagCount"":3,""japaneseLemmas"":[],""japaneseGloss"":""化学、または物理的結合において、別の元素、物質または素材で結ばれている""},{""synset"":""01064806-a"",""pos"":""adjective"",""senseRank"":0,""tagCount"":2,""japaneseLemmas"":[],""japaneseGloss"":""契約により結ばれる""},{""synset"":""01682822-a"",""pos"":""adjective"",""senseRank"":0,""tagCount"":1,""japaneseLemmas"":[""運命的""],""japaneseGloss"":""ある方向へ向かう、または向かうようにする""},{""synset"":""01892104-v"",""pos"":""verb"",""senseRank"":0,""tagCount"":1,""japaneseLemmas"":[""はね上がる"",""バウンド"",""リバウンド"",""刎ね上がる"",""弾む"",""跳ねあがる"",""跳ねかえる"",""跳ねる"",""跳ね上がる"",""跳ね上る"",""跳ね返る"",""跳び上がる"",""跳び出す"",""跳る"",""跳上がる"",""跳上る"",""跳返る""],""japaneseGloss"":""後ろに跳ねる""},{""synset"":""01955494-a"",""pos"":""adjective"",""senseRank"":0,""tagCount"":1,""japaneseLemmas"":[],""japaneseGloss"":""包帯によって覆われるか、または包まれて""},{""synset"":""01963942-v"",""pos"":""verb"",""senseRank"":0,""tagCount"":4,""japaneseLemmas"":[""はね上がる"",""弾む"",""跳ねる"",""跳ぶ"",""跳る"",""跳躍"",""躍る"",""飛びあがる"",""飛び上がる"",""飛び跳ねる"",""飛上がる"",""飛躍""],""japaneseGloss"":""飛躍的に前進する""},{""synset"":""02371495-a"",""pos"":""adjective"",""senseRank"":0,""tagCount"":0,""japaneseLemmas"":[],""japaneseGloss"":""誓いによって結びつけられる""},{""synset"":""02710673-v"",""pos"":""verb"",""senseRank"":0,""tagCount"":2,""japaneseLemmas"":[],""japaneseGloss"":""境界を形成する""},{""synset"":""05124057-n"",""pos"":""noun"",""senseRank"":0,""tagCount"":0,""japaneseLemmas"":[""リミット"",""局限"",""方量"",""極限"",""辺際"",""限り"",""限度"",""限界"",""際涯"",""際限""],""japaneseGloss"":""何かの可能な最大の程度""},{""synset"":""08512259-n"",""pos"":""noun"",""senseRank"":0,""tagCount"":0,""japaneseLemmas"":[""バウンダリ"",""バウンド"",""リミット"",""地境"",""地界"",""境"",""境域"",""境界"",""境界線"",""境目"",""疆域"",""疆界"",""経界"",""限界""],""japaneseGloss"":""ものの限界または範囲を示す線あるいは面""},{""synset"":""13903079-n"",""pos"":""noun"",""senseRank"":0,""tagCount"":1,""japaneseLemmas"":[""へり"",""リミット"",""境界"",""境界線"",""境目"",""疆界"",""端"",""経界"",""縁""],""japaneseGloss"":""領域の範囲を決定づける線""}]","[""バウンド"",""勢み"",""弾み"",""セーブ"",""セーヴ"",""制約"",""抑える"",""抑制"",""押える"",""押さえる"",""限る"",""限定"",""縛られた"",""運命的"",""はね上がる"",""リバウンド"",""刎ね上がる"",""弾む"",""跳ねあがる"",""跳ねかえる"",""跳ねる"",""跳ね上がる"",""跳ね上る"",""跳ね返る"",""跳び上がる"",""跳び出す"",""跳る"",""跳上がる"",""跳上る"",""跳返る"",""跳ぶ"",""跳躍"",""躍る"",""飛びあがる"",""飛び上がる"",""飛び跳ねる"",""飛上がる"",""飛躍"",""リミット"",""局限"",""方量"",""極限"",""辺際"",""限り"",""限度"",""限界"",""際涯"",""際限"",""バウンダリ"",""地境"",""地界"",""境"",""境域"",""境界"",""境界線"",""境目"",""疆域"",""疆界"",""経界"",""へり"",""端"",""縁""]",TOO_MANY_SENSES|TOO_MANY_JAPANESE_LEMMAS|DUPLICATE_MEANINGS|AMBIGUOUS_PRIMARY_SENSE,"This word has 17 synsets, so top-3 selection is likely ambiguous. This word has 62 unique Japanese lemmas. Many Japanese lemmas repeat across synsets or normalize to the same form. 9 viable synset-level primary candidates existed, but only 3 display rows are allowed. At least one synset has many Japanese lemmas, so representative lemma choice needs review. A lower-scored unselected candidate exists, indicating selection order should be checked."
overcrowd,[],"[{""synset"":""02027926-v"",""pos"":""verb"",""senseRank"":0,""tagCount"":0,""japaneseLemmas"":[],""japaneseGloss"":""過度に込み合う""},{""synset"":""02028181-v"",""pos"":""verb"",""senseRank"":0,""tagCount"":0,""japaneseLemmas"":[],""japaneseGloss"":""集まりすぎるようにする""}]",[],MISSING_JAPANESE,Japanese lemma was not found for this word.
decoration,"[{""pos"":""noun"",""synset"":""03169390-n"",""display"":""修飾・化粧"",""primaryRank"":1,""rankReason"":""sense rank 0 used as a weak lower-is-better signal; tag count/freq 4 used as a weak higher-is-better signal; selected 2 representative lemma(s) from 29 lemma(s) in this synset; lemma choice is heuristic; raw Japanese WordNet lemmas are preserved""},{""pos"":""noun"",""synset"":""00262249-n"",""display"":""修飾・勲章"",""primaryRank"":2,""rankReason"":""sense rank 0 used as a weak lower-is-better signal; tag count/freq 0 used as a weak higher-is-better signal; selected 2 representative lemma(s) from 5 lemma(s) in this synset; lemma choice is heuristic; raw Japanese WordNet lemmas are preserved""},{""pos"":""noun"",""synset"":""06706676-n"",""display"":""勲章・栄典"",""primaryRank"":3,""rankReason"":""sense rank 0 used as a weak lower-is-better signal; tag count/freq 0 used as a weak higher-is-better signal; selected 2 representative lemma(s) from 13 lemma(s) in this synset; lemma choice is heuristic; raw Japanese WordNet lemmas are preserved""}]","[{""synset"":""00262249-n"",""pos"":""noun"",""senseRank"":0,""tagCount"":0,""japaneseLemmas"":[""修飾"",""勲章"",""装飾"",""飾り付け"",""飾付""],""japaneseGloss"":""（より魅力的にしようとして）何かを飾る行為""},{""synset"":""03169390-n"",""pos"":""noun"",""senseRank"":0,""tagCount"":4,""japaneseLemmas"":[""オーナメント"",""デコレーション"",""修飾"",""化粧"",""壁掛け"",""外装"",""居え物"",""居物"",""拵え"",""据え物"",""据物"",""模様"",""粉飾"",""粧飾"",""置き物"",""置物"",""装具"",""装飾"",""装飾品"",""装飾物"",""飾"",""飾り"",""飾りつけ"",""飾りもの"",""飾り付け"",""飾り物"",""飾付"",""飾付け"",""飾物""],""japaneseGloss"":""美しくするために用いられるもの""},{""synset"":""06706676-n"",""pos"":""noun"",""senseRank"":0,""tagCount"":0,""japaneseLemmas"":[""シュロの葉"",""メダル"",""リボン"",""勲章"",""大メダル"",""月桂冠"",""栄典"",""桂冠"",""綬"",""胸章"",""褒章"",""褒賞"",""記章""],""japaneseGloss"":""選手権に勝つか、または他のでき事を記念するための賞""}]","[""修飾"",""勲章"",""装飾"",""飾り付け"",""飾付"",""オーナメント"",""デコレーション"",""化粧"",""壁掛け"",""外装"",""居え物"",""居物"",""拵え"",""据え物"",""据物"",""模様"",""粉飾"",""粧飾"",""置き物"",""置物"",""装具"",""装飾品"",""装飾物"",""飾"",""飾り"",""飾りつけ"",""飾りもの"",""飾り物"",""飾付け"",""飾物"",""シュロの葉"",""メダル"",""リボン"",""大メダル"",""月桂冠"",""栄典"",""桂冠"",""綬"",""胸章"",""褒章"",""褒賞"",""記章""]",TOO_MANY_JAPANESE_LEMMAS,"This word has 42 unique Japanese lemmas. At least one synset has many Japanese lemmas, so representative lemma choice needs review."
equality,"[{""pos"":""noun"",""synset"":""04747899-n"",""display"":""一律・互角"",""primaryRank"":1,""rankReason"":""sense rank 0 used as a weak lower-is-better signal; tag count/freq 2 used as a weak higher-is-better signal; selected 2 representative lemma(s) from 10 lemma(s) in this synset; lemma choice is heuristic; raw Japanese WordNet lemmas are preserved""},{""pos"":""noun"",""synset"":""13946760-n"",""display"":""同一・同値"",""primaryRank"":2,""rankReason"":""sense rank 0 used as a weak lower-is-better signal; tag count/freq 1 used as a weak higher-is-better signal; selected 2 representative lemma(s) from 12 lemma(s) in this synset; lemma choice is heuristic; raw Japanese WordNet lemmas are preserved""}]","[{""synset"":""04747899-n"",""pos"":""noun"",""senseRank"":0,""tagCount"":2,""japaneseLemmas"":[""一律"",""互角"",""同一"",""同格"",""同等"",""均一"",""均等"",""平手"",""平等"",""斉一""],""japaneseGloss"":""量、寸法、価値、あるいは地位が同じである性質""},{""synset"":""13946760-n"",""pos"":""noun"",""senseRank"":0,""tagCount"":1,""japaneseLemmas"":[""同一"",""同値"",""同格"",""同等"",""同等性"",""対当"",""平等"",""平等さ"",""等価"",""等価値"",""等値"",""等量""],""japaneseGloss"":""本質的に等しいかまたは同等である状態""}]","[""一律"",""互角"",""同一"",""同格"",""同等"",""均一"",""均等"",""平手"",""平等"",""斉一"",""同値"",""同等性"",""対当"",""平等さ"",""等価"",""等価値"",""等値"",""等量""]",TOO_MANY_JAPANESE_LEMMAS,"This word has 18 unique Japanese lemmas. At least one synset has many Japanese lemmas, so representative lemma choice needs review."
neutral,"[{""pos"":""adjective"",""synset"":""01615625-a"",""display"":""中立的・ニュートラル"",""primaryRank"":1,""rankReason"":""sense rank 0 used as a weak lower-is-better signal; tag count/freq 5 used as a weak higher-is-better signal; selected 2 representative lemma(s) from 2 lemma(s) in this synset; lemma choice is heuristic; raw Japanese WordNet lemmas are preserved""},{""pos"":""adjective"",""synset"":""00732160-a"",""display"":""中立の・ニュートラル"",""primaryRank"":2,""rankReason"":""sense rank 0 used as a weak lower-is-better signal; tag count/freq 3 used as a weak higher-is-better signal; selected 2 representative lemma(s) from 2 lemma(s) in this synset; lemma choice is heuristic; raw Japanese WordNet lemmas are preserved""},{""pos"":""adjective"",""synset"":""00408284-a"",""display"":""特徴のない"",""primaryRank"":3,""rankReason"":""sense rank 0 used as a weak lower-is-better signal; tag count/freq 1 used as a weak higher-is-better signal; selected 1 representative lemma(s) from 1 lemma(s) in this synset; lemma choice is heuristic; raw Japanese WordNet lemmas are preserved""}]","[{""synset"":""00359160-a"",""pos"":""adjective"",""senseRank"":0,""tagCount"":0,""japaneseLemmas"":[],""japaneseGloss"":""正味の電荷を持たないさま""},{""synset"":""00386392-a"",""pos"":""adjective"",""senseRank"":0,""tagCount"":1,""japaneseLemmas"":[],""japaneseGloss"":""色調を持っていないさま""},{""synset"":""00408284-a"",""pos"":""adjective"",""senseRank"":0,""tagCount"":1,""japaneseLemmas"":[""特徴のない""],""japaneseGloss"":""際立った品質または特徴が欠如しているさま""},{""synset"":""00732160-a"",""pos"":""adjective"",""senseRank"":0,""tagCount"":3,""japaneseLemmas"":[""ニュートラル"",""中立の""],""japaneseGloss"":""論争、コンテストまたは戦争でどちらの側の援護もしない、支持しないさま""},{""synset"":""01615625-a"",""pos"":""adjective"",""senseRank"":0,""tagCount"":5,""japaneseLemmas"":[""ニュートラル"",""中立的""],""japaneseGloss"":""個人的な好みがない""},{""synset"":""01818992-a"",""pos"":""adjective"",""senseRank"":0,""tagCount"":2,""japaneseLemmas"":[],""japaneseGloss"":""特殊な質あるいは特性を所有しないさま""},{""synset"":""01930004-a"",""pos"":""adjective"",""senseRank"":0,""tagCount"":4,""japaneseLemmas"":[""不活性""],""japaneseGloss"":""化学的に反応する限られた機能だけ持っている""},{""synset"":""10355142-n"",""pos"":""noun"",""senseRank"":0,""tagCount"":0,""japaneseLemmas"":[],""japaneseGloss"":""戦争や論争でいかなる側にもついていない人""}]","[""特徴のない"",""ニュートラル"",""中立の"",""中立的"",""不活性""]",AMBIGUOUS_PRIMARY_SENSE,"4 viable synset-level primary candidates existed, but only 3 display rows are allowed."
observer,"[{""pos"":""noun"",""synset"":""09626589-n"",""display"":""知覚者・見る者"",""primaryRank"":1,""rankReason"":""sense rank 0 used as a weak lower-is-better signal; tag count/freq 11 used as a weak higher-is-better signal; selected 2 representative lemma(s) from 3 lemma(s) in this synset; lemma choice is heuristic; raw Japanese WordNet lemmas are preserved""},{""pos"":""noun"",""synset"":""10369528-n"",""display"":""評者・解説者"",""primaryRank"":2,""rankReason"":""sense rank 0 used as a weak lower-is-better signal; tag count/freq 9 used as a weak higher-is-better signal; selected 2 representative lemma(s) from 7 lemma(s) in this synset; lemma choice is heuristic; raw Japanese WordNet lemmas are preserved""}]","[{""synset"":""09626589-n"",""pos"":""noun"",""senseRank"":0,""tagCount"":11,""japaneseLemmas"":[""知覚者"",""見る者"",""観察者""],""japaneseGloss"":""五感を通して物事を知覚する人""},{""synset"":""10369528-n"",""pos"":""noun"",""senseRank"":0,""tagCount"":9,""japaneseLemmas"":[""オブザーバ"",""オブザーバー"",""オブザーヴァー"",""コメンテーター"",""解説者"",""評者"",""評論家""],""japaneseGloss"":""何かに対して観察し意見を述べる専門家""}]","[""知覚者"",""見る者"",""観察者"",""オブザーバ"",""オブザーバー"",""オブザーヴァー"",""コメンテーター"",""解説者"",""評者"",""評論家""]",TOO_MANY_JAPANESE_LEMMAS,This word has 10 unique Japanese lemmas.
inhibition,"[{""pos"":""noun"",""synset"":""01070892-n"",""display"":""制御・制禦"",""primaryRank"":1,""rankReason"":""sense rank 0 used as a weak lower-is-better signal; tag count/freq 3 used as a weak higher-is-better signal; selected 2 representative lemma(s) from 8 lemma(s) in this synset; lemma choice is heuristic; raw Japanese WordNet lemmas are preserved""},{""pos"":""noun"",""synset"":""04884072-n"",""display"":""禁止"",""primaryRank"":2,""rankReason"":""sense rank 0 used as a weak lower-is-better signal; tag count/freq 2 used as a weak higher-is-better signal; selected 1 representative lemma(s) from 1 lemma(s) in this synset; lemma choice is heuristic; raw Japanese WordNet lemmas are preserved""},{""pos"":""noun"",""synset"":""00201923-n"",""display"":""抑制・禁止"",""primaryRank"":3,""rankReason"":""sense rank 0 used as a weak lower-is-better signal; tag count/freq 0 used as a weak higher-is-better signal; selected 2 representative lemma(s) from 2 lemma(s) in this synset; lemma choice is heuristic; raw Japanese WordNet lemmas are preserved""}]","[{""synset"":""00201923-n"",""pos"":""noun"",""senseRank"":0,""tagCount"":0,""japaneseLemmas"":[""抑制"",""禁止""],""japaneseGloss"":""禁止する、阻止する、または、禁ずる行為（またはその事例）""},{""synset"":""01070892-n"",""pos"":""noun"",""senseRank"":0,""tagCount"":3,""japaneseLemmas"":[""制御"",""制禦"",""制馭"",""圧殺"",""抑制"",""抑圧"",""抑止"",""押さえ""],""japaneseGloss"":""受け入れがたい考えや欲望を意識的に排除すること""},{""synset"":""04884072-n"",""pos"":""noun"",""senseRank"":0,""tagCount"":2,""japaneseLemmas"":[""禁止""],""japaneseGloss"":""抑制されてる性質""},{""synset"":""13500214-n"",""pos"":""noun"",""senseRank"":0,""tagCount"":0,""japaneseLemmas"":[""抑制""],""japaneseGloss"":""神経が器官か部分の機能を遅らせるか、または防ぐことができる過程""}]","[""抑制"",""禁止"",""制御"",""制禦"",""制馭"",""圧殺"",""抑圧"",""抑止"",""押さえ""]",AMBIGUOUS_PRIMARY_SENSE,"4 viable synset-level primary candidates existed, but only 3 display rows are allowed."
tract,"[{""pos"":""noun"",""synset"":""08673395-n"",""display"":""土地"",""primaryRank"":1,""rankReason"":""sense rank 0 used as a weak lower-is-better signal; tag count/freq 3 used as a weak higher-is-better signal; selected 1 representative lemma(s) from 1 lemma(s) in this synset; lemma choice is heuristic; raw Japanese WordNet lemmas are preserved""},{""pos"":""noun"",""synset"":""06409290-n"",""display"":""冊子・小冊"",""primaryRank"":2,""rankReason"":""sense rank 0 used as a weak lower-is-better signal; tag count/freq 1 used as a weak higher-is-better signal; selected 2 representative lemma(s) from 8 lemma(s) in this synset; lemma choice is heuristic; raw Japanese WordNet lemmas are preserved""},{""pos"":""noun"",""synset"":""05475878-n"",""display"":""神経経路"",""primaryRank"":3,""rankReason"":""sense rank 0 used as a weak lower-is-better signal; tag count/freq 0 used as a weak higher-is-better signal; selected 1 representative lemma(s) from 1 lemma(s) in this synset; lemma choice is heuristic; raw Japanese WordNet lemmas are preserved""}]","[{""synset"":""05475878-n"",""pos"":""noun"",""senseRank"":0,""tagCount"":0,""japaneseLemmas"":[""神経経路""],""japaneseGloss"":""脳を通じてある道筋をたどる有髄神経線維の束""},{""synset"":""05510907-n"",""pos"":""noun"",""senseRank"":0,""tagCount"":3,""japaneseLemmas"":[],""japaneseGloss"":""ある特定の目的のために協働する身体部分の系""},{""synset"":""06409290-n"",""pos"":""noun"",""senseRank"":0,""tagCount"":1,""japaneseLemmas"":[""トラクト"",""パンフ"",""パンフレット"",""ミニコミ"",""冊子"",""小冊"",""小冊子"",""小論文""],""japaneseGloss"":""興味がある問題に関する簡潔な論文""},{""synset"":""08673395-n"",""pos"":""noun"",""senseRank"":0,""tagCount"":3,""japaneseLemmas"":[""土地""],""japaneseGloss"":""土地の延長した区域""}]","[""神経経路"",""トラクト"",""パンフ"",""パンフレット"",""ミニコミ"",""冊子"",""小冊"",""小冊子"",""小論文"",""土地""]",TOO_MANY_JAPANESE_LEMMAS,This word has 10 unique Japanese lemmas.
impulse,"[{""pos"":""noun"",""synset"":""09180431-n"",""display"":""衝動・衝迫"",""primaryRank"":1,""rankReason"":""sense rank 0 used as a weak lower-is-better signal; tag count/freq 10 used as a weak higher-is-better signal; selected 2 representative lemma(s) from 2 lemma(s) in this synset; lemma choice is heuristic; raw Japanese WordNet lemmas are preserved""},{""pos"":""noun"",""synset"":""07308042-n"",""display"":""活動電位・神経衝撃"",""primaryRank"":2,""rankReason"":""sense rank 0 used as a weak lower-is-better signal; tag count/freq 2 used as a weak higher-is-better signal; selected 2 representative lemma(s) from 4 lemma(s) in this synset; lemma choice is heuristic; raw Japanese WordNet lemmas are preserved""},{""pos"":""noun"",""synset"":""00104249-n"",""display"":""余勢・衝動"",""primaryRank"":3,""rankReason"":""sense rank 0 used as a weak lower-is-better signal; tag count/freq 1 used as a weak higher-is-better signal; selected 2 representative lemma(s) from 6 lemma(s) in this synset; lemma choice is heuristic; raw Japanese WordNet lemmas are preserved""}]","[{""synset"":""00104249-n"",""pos"":""noun"",""senseRank"":0,""tagCount"":1,""japaneseLemmas"":[""インパルス"",""余勢"",""衝動"",""衝撃"",""調子"",""運動力""],""japaneseGloss"":""突然力を加える行為""},{""synset"":""05035820-n"",""pos"":""noun"",""senseRank"":0,""tagCount"":0,""japaneseLemmas"":[""余勢"",""勢"",""勢い"",""推進力""],""japaneseGloss"":""推進する力または強さ""},{""synset"":""07308042-n"",""pos"":""noun"",""senseRank"":0,""tagCount"":2,""japaneseLemmas"":[""インパルス"",""活動電位"",""神経インパルス"",""神経衝撃""],""japaneseGloss"":""神経繊維に沿って進む放電""},{""synset"":""07420991-n"",""pos"":""noun"",""senseRank"":0,""tagCount"":1,""japaneseLemmas"":[""インパルス"",""パルス"",""プルス"",""周波"",""活動電位""],""japaneseGloss"":""（電気）通常の電気の状態（あるいはそんな過渡電流の一連）での激しい過渡電流波""},{""synset"":""07490579-n"",""pos"":""noun"",""senseRank"":0,""tagCount"":3,""japaneseLemmas"":[""でき心"",""出来心"",""心のはずみ"",""気まぐれ"",""気紛れ"",""衝動"",""衝迫""],""japaneseGloss"":""突然の欲望""},{""synset"":""09180431-n"",""pos"":""noun"",""senseRank"":0,""tagCount"":10,""japaneseLemmas"":[""衝動"",""衝迫""],""japaneseGloss"":""本能的な動機""}]","[""インパルス"",""余勢"",""衝動"",""衝撃"",""調子"",""運動力"",""勢"",""勢い"",""推進力"",""活動電位"",""神経インパルス"",""神経衝撃"",""パルス"",""プルス"",""周波"",""でき心"",""出来心"",""心のはずみ"",""気まぐれ"",""気紛れ"",""衝迫""]",TOO_MANY_JAPANESE_LEMMAS|AMBIGUOUS_PRIMARY_SENSE,"This word has 21 unique Japanese lemmas. 6 viable synset-level primary candidates existed, but only 3 display rows are allowed. A lower-scored unselected candidate exists, indicating selection order should be checked."
sustainable,[],"[{""synset"":""02806261-a"",""pos"":""adjective"",""senseRank"":0,""tagCount"":0,""japaneseLemmas"":[],""japaneseGloss"":""支えられることができる""}]",[],MISSING_JAPANESE,Japanese lemma was not found for this word.
drain,"[{""pos"":""noun"",""synset"":""00396029-n"",""display"":""排水・除水"",""primaryRank"":1,""rankReason"":""sense rank 0 used as a weak lower-is-better signal; tag count/freq 1 used as a weak higher-is-better signal; selected 2 representative lemma(s) from 4 lemma(s) in this synset; lemma choice is heuristic; raw Japanese WordNet lemmas are preserved""},{""pos"":""verb"",""synset"":""02071457-v"",""display"":""流出す・流れだす"",""primaryRank"":2,""rankReason"":""sense rank 0 used as a weak lower-is-better signal; tag count/freq 2 used as a weak higher-is-better signal; selected 2 representative lemma(s) from 5 lemma(s) in this synset; lemma choice is heuristic; raw Japanese WordNet lemmas are preserved""},{""pos"":""noun"",""synset"":""01062255-n"",""display"":""枯渇・流出"",""primaryRank"":3,""rankReason"":""sense rank 0 used as a weak lower-is-better signal; tag count/freq 0 used as a weak higher-is-better signal; selected 2 representative lemma(s) from 2 lemma(s) in this synset; lemma choice is heuristic; raw Japanese WordNet lemmas are preserved""}]","[{""synset"":""00389638-v"",""pos"":""verb"",""senseRank"":0,""tagCount"":0,""japaneseLemmas"":[""弱める""],""japaneseGloss"":""弱くする""},{""synset"":""00396029-n"",""pos"":""noun"",""senseRank"":0,""tagCount"":1,""japaneseLemmas"":[""排水"",""水抜き"",""除水"",""駆水""],""japaneseGloss"":""液体を流し出すことで何かを空にすること""},{""synset"":""00451648-v"",""pos"":""verb"",""senseRank"":0,""tagCount"":1,""japaneseLemmas"":[""乾す"",""干す"",""排水"",""流す""],""japaneseGloss"":""液体がない""},{""synset"":""01062255-n"",""pos"":""noun"",""senseRank"":0,""tagCount"":0,""japaneseLemmas"":[""枯渇"",""流出""],""japaneseGloss"":""エネルギーまたは資源の段階的な減少""},{""synset"":""01158022-v"",""pos"":""verb"",""senseRank"":0,""tagCount"":1,""japaneseLemmas"":[""枯渇させる"",""涸す"",""涸らす""],""japaneseGloss"":""資源を使い果たす""},{""synset"":""02071457-v"",""pos"":""verb"",""senseRank"":0,""tagCount"":2,""japaneseLemmas"":[""流れだす"",""流れ出す"",""流れ出る"",""流出"",""流出す""],""japaneseGloss"":""徐々に流れ去る""},{""synset"":""03231912-n"",""pos"":""noun"",""senseRank"":0,""tagCount"":0,""japaneseLemmas"":[""ドレイン"",""排水管"",""放水管"",""明渠"",""流出"",""雨樋""],""japaneseGloss"":""液体が運び去られる管""},{""synset"":""03232158-n"",""pos"":""noun"",""senseRank"":0,""tagCount"":0,""japaneseLemmas"":[],""japaneseGloss"":""不要な物を取り除くために（手術中などに）体腔に挿入されるチューブ""}]","[""弱める"",""排水"",""水抜き"",""除水"",""駆水"",""乾す"",""干す"",""流す"",""枯渇"",""流出"",""枯渇させる"",""涸す"",""涸らす"",""流れだす"",""流れ出す"",""流れ出る"",""流出す"",""ドレイン"",""排水管"",""放水管"",""明渠"",""雨樋""]",TOO_MANY_JAPANESE_LEMMAS|AMBIGUOUS_PRIMARY_SENSE,"This word has 22 unique Japanese lemmas. 7 viable synset-level primary candidates existed, but only 3 display rows are allowed. A lower-scored unselected candidate exists, indicating selection order should be checked."
sword,"[{""pos"":""noun"",""synset"":""04373894-n"",""display"":""兵刃・刀刃"",""primaryRank"":1,""rankReason"":""sense rank 0 used as a weak lower-is-better signal; tag count/freq 9 used as a weak higher-is-better signal; selected 2 representative lemma(s) from 21 lemma(s) in this synset; lemma choice is heuristic; raw Japanese WordNet lemmas are preserved""}]","[{""synset"":""04373894-n"",""pos"":""noun"",""senseRank"":0,""tagCount"":9,""japaneseLemmas"":[""どす"",""ソード"",""人切り包丁"",""兵刃"",""刀"",""刀刃"",""刀剣"",""剣"",""剣太刀"",""大刀"",""太刀"",""打ち太刀"",""打太刀"",""新刀"",""段びら"",""段平"",""殺人刀"",""男の魂"",""神剣"",""腰のもの"",""腰の物""],""japaneseGloss"":""切りつけ、または突き刺し用の武器で、長い金属刃と手を保護する柄がついている""}]","[""どす"",""ソード"",""人切り包丁"",""兵刃"",""刀"",""刀刃"",""刀剣"",""剣"",""剣太刀"",""大刀"",""太刀"",""打ち太刀"",""打太刀"",""新刀"",""段びら"",""段平"",""殺人刀"",""男の魂"",""神剣"",""腰のもの"",""腰の物""]",TOO_MANY_JAPANESE_LEMMAS,"This word has 21 unique Japanese lemmas. At least one synset has many Japanese lemmas, so representative lemma choice needs review."
demonstrator,"[{""pos"":""noun"",""synset"":""10003120-n"",""display"":""実地教授者・実地授業助手"",""primaryRank"":1,""rankReason"":""sense rank 0 used as a weak lower-is-better signal; tag count/freq 1 used as a weak higher-is-better signal; selected 2 representative lemma(s) from 4 lemma(s) in this synset; lemma choice is heuristic; raw Japanese WordNet lemmas are preserved""},{""pos"":""noun"",""synset"":""10002760-n"",""display"":""デモンストレータ・デモンストレーター"",""primaryRank"":2,""rankReason"":""sense rank 0 used as a weak lower-is-better signal; tag count/freq 0 used as a weak higher-is-better signal; selected 2 representative lemma(s) from 2 lemma(s) in this synset; lemma choice is heuristic; raw Japanese WordNet lemmas are preserved""},{""pos"":""noun"",""synset"":""10002982-n"",""display"":""デモンストレーター"",""primaryRank"":3,""rankReason"":""sense rank 0 used as a weak lower-is-better signal; tag count/freq 0 used as a weak higher-is-better signal; selected 1 representative lemma(s) from 1 lemma(s) in this synset; lemma choice is heuristic; raw Japanese WordNet lemmas are preserved""}]","[{""synset"":""10002760-n"",""pos"":""noun"",""senseRank"":0,""tagCount"":0,""japaneseLemmas"":[""デモンストレータ"",""デモンストレーター""],""japaneseGloss"":""グループの意見を公表する場にかかわる人""},{""synset"":""10002982-n"",""pos"":""noun"",""senseRank"":0,""tagCount"":0,""japaneseLemmas"":[""デモンストレーター""],""japaneseGloss"":""見込み客に商品の実地説明を行う人""},{""synset"":""10003120-n"",""pos"":""noun"",""senseRank"":0,""tagCount"":1,""japaneseLemmas"":[""デモンストレータ"",""デモンストレーター"",""実地授業助手"",""実地教授者""],""japaneseGloss"":""教えられた原理を示す先生またはそのアシスタント""}]","[""デモンストレータ"",""デモンストレーター"",""実地授業助手"",""実地教授者""]",UNNATURAL_JAPANESE,Selected display text may be unnatural for game display: デモンストレータ・デモンストレーター.
say,"[{""pos"":""verb"",""synset"":""01009240-v"",""display"":""云う・仰る"",""primaryRank"":1,""rankReason"":""sense rank 0 used as a weak lower-is-better signal; tag count/freq 1861 used as a weak higher-is-better signal; selected 2 representative lemma(s) from 39 lemma(s) in this synset; lemma choice is heuristic; raw Japanese WordNet lemmas are preserved""},{""pos"":""noun"",""synset"":""14485526-n"",""display"":""意見"",""primaryRank"":2,""rankReason"":""sense rank 0 used as a weak lower-is-better signal; tag count/freq 0 used as a weak higher-is-better signal; selected 1 representative lemma(s) from 1 lemma(s) in this synset; lemma choice is heuristic; raw Japanese WordNet lemmas are preserved""},{""pos"":""verb"",""synset"":""01016002-v"",""display"":""主張"",""primaryRank"":3,""rankReason"":""sense rank 0 used as a weak lower-is-better signal; tag count/freq 254 used as a weak higher-is-better signal; selected 1 representative lemma(s) from 1 lemma(s) in this synset; lemma choice is heuristic; raw Japanese WordNet lemmas are preserved""}]","[{""synset"":""00746718-v"",""pos"":""verb"",""senseRank"":0,""tagCount"":8,""japaneseLemmas"":[""下命"",""下知"",""令する"",""仰せつける"",""仰せ付ける"",""仰付ける"",""命じる"",""命ずる"",""命令"",""指令"",""指揮"",""指示"",""指顧"",""申しつける"",""申し付ける"",""申付ける"",""言いつける"",""言い付ける"",""言っつける"",""言っ付ける"",""言付ける""],""japaneseGloss"":""権威を持って誰かに何かをさせるための指示を与える、または指示する""},{""synset"":""00917300-v"",""pos"":""verb"",""senseRank"":0,""tagCount"":29,""japaneseLemmas"":[""仮定"",""仮想"",""想定"",""看做す"",""見なす"",""見做す""],""japaneseGloss"":""推測を表現する""},{""synset"":""00923197-v"",""pos"":""verb"",""senseRank"":0,""tagCount"":0,""japaneseLemmas"":[],""japaneseGloss"":""示す""},{""synset"":""00928959-v"",""pos"":""verb"",""senseRank"":0,""tagCount"":2,""japaneseLemmas"":[""語る""],""japaneseGloss"":""非言語的に交信する、または表す""},{""synset"":""00945499-v"",""pos"":""verb"",""senseRank"":0,""tagCount"":0,""japaneseLemmas"":[""申し上げる"",""言う""],""japaneseGloss"":""固定されたテキストを暗唱するか、繰り返す""},{""synset"":""00978549-v"",""pos"":""verb"",""senseRank"":0,""tagCount"":4,""japaneseLemmas"":[""いう"",""云う"",""発する"",""発音"",""言う"",""謂う""],""japaneseGloss"":""ある方法で話すか、発音するか、発する""},{""synset"":""00979870-v"",""pos"":""verb"",""senseRank"":0,""tagCount"":1,""japaneseLemmas"":[""いう"",""おっしゃる"",""もうし上げる"",""云う"",""仰しゃる"",""仰せられる"",""仰っしゃる"",""仰る"",""仰有る"",""喋る"",""宣う"",""物申す"",""申しあげる"",""申し上げる"",""申す"",""申上げる"",""発語"",""言う"",""話す"",""謂う""],""japaneseGloss"":""声を出して言う""},{""synset"":""01009240-v"",""pos"":""verb"",""senseRank"":0,""tagCount"":1861,""japaneseLemmas"":[""いう"",""おっしゃる"",""もうし上げる"",""もの申す"",""云う"",""仰しゃる"",""仰せられる"",""仰っしゃる"",""仰る"",""仰有る"",""啓する"",""啓上"",""喋る"",""宣う"",""曰う"",""物申す"",""物語る"",""申しあげる"",""申し上げる"",""申し述べる"",""申す"",""申上げる"",""申述べる"",""発する"",""発言"",""発語"",""言い表す"",""言い表わす"",""言う"",""言上"",""言表す"",""話す"",""語る"",""謂う"",""述べる"",""陳じる"",""陳ずる"",""陳べる"",""陳述""],""japaneseGloss"":""言葉で表現する""},{""synset"":""01009821-v"",""pos"":""verb"",""senseRank"":0,""tagCount"":0,""japaneseLemmas"":[""言う""],""japaneseGloss"":""その人の意見または判断として述べる""},{""synset"":""01016002-v"",""pos"":""verb"",""senseRank"":0,""tagCount"":254,""japaneseLemmas"":[""主張""],""japaneseGloss"":""報告する、または支持する""},{""synset"":""02730813-v"",""pos"":""verb"",""senseRank"":0,""tagCount"":8,""japaneseLemmas"":[""いう"",""云う"",""言う"",""読み取れる"",""謂う"",""述べる""],""japaneseGloss"":""特定の言い回しまたは型を持つ、あるいは含む""},{""synset"":""14485526-n"",""pos"":""noun"",""senseRank"":0,""tagCount"":0,""japaneseLemmas"":[""意見""],""japaneseGloss"":""話す機会""}]","[""下命"",""下知"",""令する"",""仰せつける"",""仰せ付ける"",""仰付ける"",""命じる"",""命ずる"",""命令"",""指令"",""指揮"",""指示"",""指顧"",""申しつける"",""申し付ける"",""申付ける"",""言いつける"",""言い付ける"",""言っつける"",""言っ付ける"",""言付ける"",""仮定"",""仮想"",""想定"",""看做す"",""見なす"",""見做す"",""語る"",""申し上げる"",""言う"",""いう"",""云う"",""発する"",""発音"",""謂う"",""おっしゃる"",""もうし上げる"",""仰しゃる"",""仰せられる"",""仰っしゃる"",""仰る"",""仰有る"",""喋る"",""宣う"",""物申す"",""申しあげる"",""申す"",""申上げる"",""発語"",""話す"",""もの申す"",""啓する"",""啓上"",""曰う"",""物語る"",""申し述べる"",""申述べる"",""発言"",""言い表す"",""言い表わす"",""言上"",""言表す"",""述べる"",""陳じる"",""陳ずる"",""陳べる"",""陳述"",""主張"",""読み取れる"",""意見""]",TOO_MANY_SENSES|TOO_MANY_JAPANESE_LEMMAS|DUPLICATE_MEANINGS|AMBIGUOUS_PRIMARY_SENSE,"This word has 12 synsets, so top-3 selection is likely ambiguous. This word has 70 unique Japanese lemmas. Many Japanese lemmas repeat across synsets or normalize to the same form. 11 viable synset-level primary candidates existed, but only 3 display rows are allowed. At least one synset has many Japanese lemmas, so representative lemma choice needs review. A lower-scored unselected candidate exists, indicating selection order should be checked."
course,"[{""pos"":""noun"",""synset"":""00884466-n"",""display"":""課程・講座"",""primaryRank"":1,""rankReason"":""sense rank 0 used as a weak lower-is-better signal; tag count/freq 61 used as a weak higher-is-better signal; selected 2 representative lemma(s) from 5 lemma(s) in this synset; lemma choice is heuristic; raw Japanese WordNet lemmas are preserved""},{""pos"":""verb"",""synset"":""02066939-v"",""display"":""流れる"",""primaryRank"":2,""rankReason"":""sense rank 0 used as a weak lower-is-better signal; tag count/freq 0 used as a weak higher-is-better signal; selected 1 representative lemma(s) from 1 lemma(s) in this synset; lemma choice is heuristic; raw Japanese WordNet lemmas are preserved""},{""pos"":""adverb"",""synset"":""00038625-r"",""display"":""論なく・論無く"",""primaryRank"":3,""rankReason"":""sense rank 0 used as a weak lower-is-better signal; tag count/freq 1 used as a weak higher-is-better signal; selected 2 representative lemma(s) from 6 lemma(s) in this synset; lemma choice is heuristic; raw Japanese WordNet lemmas are preserved""}]","[{""synset"":""00038262-n"",""pos"":""noun"",""senseRank"":0,""tagCount"":9,""japaneseLemmas"":[""やり方"",""方針"",""行動様式"",""遣り方"",""遣方""],""japaneseGloss"":""行為の様式""},{""synset"":""00038625-r"",""pos"":""adverb"",""senseRank"":0,""tagCount"":1,""japaneseLemmas"":[""もち"",""勿論"",""当然"",""無論"",""論なく"",""論無く""],""japaneseGloss"":""予想どおりであるさま""},{""synset"":""00884466-n"",""pos"":""noun"",""senseRank"":0,""tagCount"":61,""japaneseLemmas"":[""コース"",""教科課程"",""教育課程"",""課程"",""講座""],""japaneseGloss"":""一連のレッスンまたは会議で授けられる教育""},{""synset"":""01144873-v"",""pos"":""verb"",""senseRank"":0,""tagCount"":0,""japaneseLemmas"":[],""japaneseGloss"":""猟犬で狩りをする""},{""synset"":""02066939-v"",""pos"":""verb"",""senseRank"":0,""tagCount"":0,""japaneseLemmas"":[""流れる""],""japaneseGloss"":""移動する、液体の""},{""synset"":""02067540-v"",""pos"":""verb"",""senseRank"":0,""tagCount"":0,""japaneseLemmas"":[],""japaneseGloss"":""迅速に移動する、あるいは突き抜ける""},{""synset"":""03119790-n"",""pos"":""noun"",""senseRank"":0,""tagCount"":0,""japaneseLemmas"":[""コース""],""japaneseGloss"":""スポーツ用の区切られた陸または水中の領域""},{""synset"":""03120029-n"",""pos"":""noun"",""senseRank"":0,""tagCount"":0,""japaneseLemmas"":[""並び""],""japaneseGloss"":""石積みの層""},{""synset"":""07556970-n"",""pos"":""noun"",""senseRank"":0,""tagCount"":0,""japaneseLemmas"":[""お皿"",""皿""],""japaneseGloss"":""1回の食事のうちの1部""},{""synset"":""08238463-n"",""pos"":""noun"",""senseRank"":0,""tagCount"":0,""japaneseLemmas"":[""クラス"",""コース"",""学年"",""学級"",""年級"",""教室""],""japaneseGloss"":""一緒に教えられる学生の集まり""},{""synset"":""08377085-n"",""pos"":""noun"",""senseRank"":0,""tagCount"":14,""japaneseLemmas"":[""コース"",""方向"",""方角"",""方針"",""路線"",""過程""],""japaneseGloss"":""相互に結びついた出来事や活動や発展の連続""},{""synset"":""08681222-n"",""pos"":""noun"",""senseRank"":0,""tagCount"":11,""japaneseLemmas"":[""コース"",""水先"",""流れ"",""行路"",""進路"",""針路""],""japaneseGloss"":""全体的な方向性""},{""synset"":""09387222-n"",""pos"":""noun"",""senseRank"":0,""tagCount"":5,""japaneseLemmas"":[""コース"",""ルート"",""径路"",""水路"",""経絡"",""経路"",""路"",""路線"",""軌跡"",""軌道"",""迹"",""逕路"",""通い路"",""通った跡"",""通り路"",""通り道"",""通路"",""通道"",""進路"",""道"",""道筋"",""雲路""],""japaneseGloss"":""物がそれに沿って移動したり動いたりした線あるいは道""}]","[""やり方"",""方針"",""行動様式"",""遣り方"",""遣方"",""もち"",""勿論"",""当然"",""無論"",""論なく"",""論無く"",""コース"",""教科課程"",""教育課程"",""課程"",""講座"",""流れる"",""並び"",""お皿"",""皿"",""クラス"",""学年"",""学級"",""年級"",""教室"",""方向"",""方角"",""路線"",""過程"",""水先"",""流れ"",""行路"",""進路"",""針路"",""ルート"",""径路"",""水路"",""経絡"",""経路"",""路"",""軌跡"",""軌道"",""迹"",""逕路"",""通い路"",""通った跡"",""通り路"",""通り道"",""通路"",""通道"",""道"",""道筋"",""雲路""]",TOO_MANY_SENSES|TOO_MANY_JAPANESE_LEMMAS|AMBIGUOUS_PRIMARY_SENSE,"This word has 13 synsets, so top-3 selection is likely ambiguous. This word has 53 unique Japanese lemmas. 11 viable synset-level primary candidates existed, but only 3 display rows are allowed. At least one synset has many Japanese lemmas, so representative lemma choice needs review. A lower-scored unselected candidate exists, indicating selection order should be checked."
increase,"[{""pos"":""verb"",""synset"":""00156601-v"",""display"":""益す・増える"",""primaryRank"":1,""rankReason"":""sense rank 0 used as a weak lower-is-better signal; tag count/freq 86 used as a weak higher-is-better signal; selected 2 representative lemma(s) from 8 lemma(s) in this synset; lemma choice is heuristic; raw Japanese WordNet lemmas are preserved""},{""pos"":""noun"",""synset"":""13754293-n"",""display"":""加増・加算"",""primaryRank"":2,""rankReason"":""sense rank 0 used as a weak lower-is-better signal; tag count/freq 49 used as a weak higher-is-better signal; selected 2 representative lemma(s) from 9 lemma(s) in this synset; lemma choice is heuristic; raw Japanese WordNet lemmas are preserved""},{""pos"":""verb"",""synset"":""00153263-v"",""display"":""増す・益す"",""primaryRank"":3,""rankReason"":""sense rank 0 used as a weak lower-is-better signal; tag count/freq 61 used as a weak higher-is-better signal; selected 2 representative lemma(s) from 10 lemma(s) in this synset; lemma choice is heuristic; raw Japanese WordNet lemmas are preserved""}]","[{""synset"":""00153263-v"",""pos"":""verb"",""senseRank"":0,""tagCount"":61,""japaneseLemmas"":[""加える"",""加増"",""増す"",""増やす"",""増加"",""増大"",""増益"",""大きくする"",""殖やす"",""益す""],""japaneseGloss"":""より大きいかより多くする""},{""synset"":""00156601-v"",""pos"":""verb"",""senseRank"":0,""tagCount"":86,""japaneseLemmas"":[""増える"",""増さる"",""増加"",""増大"",""増殖"",""殖える"",""益す"",""繁殖""],""japaneseGloss"":""量がより大きくなる""},{""synset"":""00363260-n"",""pos"":""noun"",""senseRank"":0,""tagCount"":3,""japaneseLemmas"":[""加"",""加増"",""増"",""増し"",""増やし"",""増加"",""増量"",""引き上げ"",""引き揚げ"",""引上"",""引上げ"",""引揚"",""引揚げ"",""累加""],""japaneseGloss"":""何かを増やす行為""},{""synset"":""05108947-n"",""pos"":""noun"",""senseRank"":0,""tagCount"":3,""japaneseLemmas"":[""伸び"",""加増"",""増"",""増し"",""増分"",""増加"",""増加分"",""増大"",""増進"",""増量""],""japaneseGloss"":""何かがその分増える量""},{""synset"":""07356676-n"",""pos"":""noun"",""senseRank"":0,""tagCount"":21,""japaneseLemmas"":[""上昇"",""加増"",""増加"",""増量"",""増額"",""引き上げ"",""引き揚げ"",""引上"",""引上げ"",""引揚"",""引揚げ""],""japaneseGloss"":""増加を生じている変化""},{""synset"":""13497135-n"",""pos"":""noun"",""senseRank"":0,""tagCount"":7,""japaneseLemmas"":[""上昇"",""伸び"",""伸張"",""伸暢"",""伸長"",""加増"",""加重"",""増"",""増し"",""増加"",""増大"",""増嵩"",""増殖"",""増進"",""延び"",""拡張"",""累加"",""膨脹""],""japaneseGloss"":""より大きいか、より長いか多数であるか、より重要である過程""},{""synset"":""13754293-n"",""pos"":""noun"",""senseRank"":0,""tagCount"":49,""japaneseLemmas"":[""加増"",""加算"",""増"",""増し"",""増分"",""増加"",""増加数"",""増大"",""追加""],""japaneseGloss"":""加えられた量""}]","[""加える"",""加増"",""増す"",""増やす"",""増加"",""増大"",""増益"",""大きくする"",""殖やす"",""益す"",""増える"",""増さる"",""増殖"",""殖える"",""繁殖"",""加"",""増"",""増し"",""増やし"",""増量"",""引き上げ"",""引き揚げ"",""引上"",""引上げ"",""引揚"",""引揚げ"",""累加"",""伸び"",""増分"",""増加分"",""増進"",""上昇"",""増額"",""伸張"",""伸暢"",""伸長"",""加重"",""増嵩"",""延び"",""拡張"",""膨脹"",""加算"",""増加数"",""追加""]",TOO_MANY_JAPANESE_LEMMAS|DUPLICATE_MEANINGS|AMBIGUOUS_PRIMARY_SENSE,"This word has 44 unique Japanese lemmas. Many Japanese lemmas repeat across synsets or normalize to the same form. 7 viable synset-level primary candidates existed, but only 3 display rows are allowed. At least one synset has many Japanese lemmas, so representative lemma choice needs review."
parent,"[{""pos"":""noun"",""synset"":""10399491-n"",""display"":""親者人・親じゃ人"",""primaryRank"":1,""rankReason"":""sense rank 0 used as a weak lower-is-better signal; tag count/freq 35 used as a weak higher-is-better signal; selected 2 representative lemma(s) from 4 lemma(s) in this synset; lemma choice is heuristic; raw Japanese WordNet lemmas are preserved""},{""pos"":""verb"",""synset"":""02539788-v"",""display"":""育む・養う"",""primaryRank"":2,""rankReason"":""sense rank 0 used as a weak lower-is-better signal; tag count/freq 0 used as a weak higher-is-better signal; selected 2 representative lemma(s) from 17 lemma(s) in this synset; lemma choice is heuristic; raw Japanese WordNet lemmas are preserved""}]","[{""synset"":""00006150-n"",""pos"":""noun"",""senseRank"":0,""tagCount"":0,""japaneseLemmas"":[],""japaneseGloss"":""より若いものが得られる有機体（植物か動物）""},{""synset"":""02539788-v"",""pos"":""verb"",""senseRank"":0,""tagCount"":0,""japaneseLemmas"":[""はぐくみ育てる"",""やしない育てる"",""扶育"",""扶養"",""育くむ"",""育てる"",""育て上げる"",""育みそだてる"",""育み育てる"",""育む"",""育成"",""育生"",""鞠育"",""養い育てる"",""養う"",""養育"",""養育てる""],""japaneseGloss"":""育てる""},{""synset"":""10399491-n"",""pos"":""noun"",""senseRank"":0,""tagCount"":35,""japaneseLemmas"":[""ペアレント"",""親"",""親じゃ人"",""親者人""],""japaneseGloss"":""父親か母親""}]","[""はぐくみ育てる"",""やしない育てる"",""扶育"",""扶養"",""育くむ"",""育てる"",""育て上げる"",""育みそだてる"",""育み育てる"",""育む"",""育成"",""育生"",""鞠育"",""養い育てる"",""養う"",""養育"",""養育てる"",""ペアレント"",""親"",""親じゃ人"",""親者人""]",TOO_MANY_JAPANESE_LEMMAS,"This word has 21 unique Japanese lemmas. At least one synset has many Japanese lemmas, so representative lemma choice needs review."
development,"[{""pos"":""noun"",""synset"":""00250259-n"",""display"":""発展させること"",""primaryRank"":1,""rankReason"":""sense rank 0 used as a weak lower-is-better signal; tag count/freq 52 used as a weak higher-is-better signal; selected 1 representative lemma(s) from 1 lemma(s) in this synset; lemma choice is heuristic; raw Japanese WordNet lemmas are preserved""},{""pos"":""noun"",""synset"":""13464820-n"",""display"":""展開・発展"",""primaryRank"":2,""rankReason"":""sense rank 0 used as a weak lower-is-better signal; tag count/freq 46 used as a weak higher-is-better signal; selected 2 representative lemma(s) from 8 lemma(s) in this synset; lemma choice is heuristic; raw Japanese WordNet lemmas are preserved""},{""pos"":""noun"",""synset"":""13489037-n"",""display"":""化生・増殖"",""primaryRank"":3,""rankReason"":""sense rank 0 used as a weak lower-is-better signal; tag count/freq 11 used as a weak higher-is-better signal; selected 2 representative lemma(s) from 11 lemma(s) in this synset; lemma choice is heuristic; raw Japanese WordNet lemmas are preserved""}]","[{""synset"":""00250259-n"",""pos"":""noun"",""senseRank"":0,""tagCount"":52,""japaneseLemmas"":[""発展させること""],""japaneseGloss"":""拡大したり大きくしたり洗練させたりして改善する行為""},{""synset"":""00948206-n"",""pos"":""noun"",""senseRank"":0,""tagCount"":7,""japaneseLemmas"":[""開拓"",""開発""],""japaneseGloss"":""ある地域や水域の収益を増やしたり、生産性や利用価値を高める行為""},{""synset"":""07068631-n"",""pos"":""noun"",""senseRank"":0,""tagCount"":0,""japaneseLemmas"":[],""japaneseGloss"":""主要な音楽のテーマが開発され、念入りに作られた構成または主題（特にソナタ形式の中で）の部分""},{""synset"":""07423560-n"",""pos"":""noun"",""senseRank"":0,""tagCount"":9,""japaneseLemmas"":[],""japaneseGloss"":""現在の状況に何か関連のある最近の出来事""},{""synset"":""08549070-n"",""pos"":""noun"",""senseRank"":0,""tagCount"":6,""japaneseLemmas"":[""造成地""],""japaneseGloss"":""ある目的のために開発された場所""},{""synset"":""13464557-n"",""pos"":""noun"",""senseRank"":0,""tagCount"":0,""japaneseLemmas"":[""デベロップメント"",""啓発"",""展開"",""成長"",""現像"",""生育"",""発展"",""発育"",""発達"",""経過"",""進歩"",""開発"",""養成""],""japaneseGloss"":""像を見えるものにするための感光性物質の加工処理""},{""synset"":""13464820-n"",""pos"":""noun"",""senseRank"":0,""tagCount"":46,""japaneseLemmas"":[""エボリューション"",""エヴォリューション"",""展開"",""発展"",""発達"",""進化"",""進展"",""進歩""],""japaneseGloss"":""ある物が異なる段階（特により発達した、または成熟した段階）に次第に移行する過程""},{""synset"":""13489037-n"",""pos"":""noun"",""senseRank"":0,""tagCount"":11,""japaneseLemmas"":[""個体発生"",""化生"",""増殖"",""成熟"",""成育"",""成長"",""生育"",""生長"",""発育"",""発達"",""育ち""],""japaneseGloss"":""個々の生物が有機的に成長する過程""},{""synset"":""14422871-n"",""pos"":""noun"",""senseRank"":0,""tagCount"":4,""japaneseLemmas"":[""駒の展開""],""japaneseGloss"":""ものごとが改善しつつある状態""}]","[""発展させること"",""開拓"",""開発"",""造成地"",""デベロップメント"",""啓発"",""展開"",""成長"",""現像"",""生育"",""発展"",""発育"",""発達"",""経過"",""進歩"",""養成"",""エボリューション"",""エヴォリューション"",""進化"",""進展"",""個体発生"",""化生"",""増殖"",""成熟"",""成育"",""生長"",""育ち"",""駒の展開""]",TOO_MANY_JAPANESE_LEMMAS|AMBIGUOUS_PRIMARY_SENSE|UNNATURAL_JAPANESE,"This word has 28 unique Japanese lemmas. 7 viable synset-level primary candidates existed, but only 3 display rows are allowed. At least one synset has many Japanese lemmas, so representative lemma choice needs review. Selected display text may be unnatural for game display: 発展させること."
situation,"[{""pos"":""noun"",""synset"":""13927383-n"",""display"":""事態・具合"",""primaryRank"":1,""rankReason"":""sense rank 0 used as a weak lower-is-better signal; tag count/freq 66 used as a weak higher-is-better signal; selected 2 representative lemma(s) from 19 lemma(s) in this synset; lemma choice is heuristic; raw Japanese WordNet lemmas are preserved""},{""pos"":""noun"",""synset"":""13925752-n"",""display"":""境遇・立場"",""primaryRank"":2,""rankReason"":""sense rank 0 used as a weak lower-is-better signal; tag count/freq 18 used as a weak higher-is-better signal; selected 2 representative lemma(s) from 7 lemma(s) in this synset; lemma choice is heuristic; raw Japanese WordNet lemmas are preserved""},{""pos"":""noun"",""synset"":""00586262-n"",""display"":""位地・地位"",""primaryRank"":3,""rankReason"":""sense rank 0 used as a weak lower-is-better signal; tag count/freq 0 used as a weak higher-is-better signal; selected 2 representative lemma(s) from 7 lemma(s) in this synset; lemma choice is heuristic; raw Japanese WordNet lemmas are preserved""}]","[{""synset"":""00586262-n"",""pos"":""noun"",""senseRank"":0,""tagCount"":0,""japaneseLemmas"":[""ポジション"",""ポスト"",""位地"",""地位"",""役職"",""立場"",""身分""],""japaneseGloss"":""組織での仕事""},{""synset"":""08622950-n"",""pos"":""noun"",""senseRank"":0,""tagCount"":0,""japaneseLemmas"":[],""japaneseGloss"":""周囲との関わりにおける物理的な場所""},{""synset"":""13925752-n"",""pos"":""noun"",""senseRank"":0,""tagCount"":18,""japaneseLemmas"":[""シチュエイション"",""シチュエーション"",""シテュエーション"",""境遇"",""立場"",""身の上"",""身分""],""japaneseGloss"":""あなたがあなた自身を見つける状態または位置""},{""synset"":""13927383-n"",""pos"":""noun"",""senseRank"":0,""tagCount"":66,""japaneseLemmas"":[""シチュエイション"",""シチュエーション"",""事態"",""具合"",""境遇"",""局勢"",""形勢"",""情勢"",""情態"",""情況"",""時局"",""景況"",""様子"",""様態"",""状勢"",""状態"",""状況"",""状相"",""相貌""],""japaneseGloss"":""一般的な状態""},{""synset"":""14411243-n"",""pos"":""noun"",""senseRank"":0,""tagCount"":0,""japaneseLemmas"":[""状況""],""japaneseGloss"":""複雑で、危機的でまたは普通でない困難さ""}]","[""ポジション"",""ポスト"",""位地"",""地位"",""役職"",""立場"",""身分"",""シチュエイション"",""シチュエーション"",""シテュエーション"",""境遇"",""身の上"",""事態"",""具合"",""局勢"",""形勢"",""情勢"",""情態"",""情況"",""時局"",""景況"",""様子"",""様態"",""状勢"",""状態"",""状況"",""状相"",""相貌""]",TOO_MANY_JAPANESE_LEMMAS|AMBIGUOUS_PRIMARY_SENSE,"This word has 28 unique Japanese lemmas. 4 viable synset-level primary candidates existed, but only 3 display rows are allowed. At least one synset has many Japanese lemmas, so representative lemma choice needs review."
charge,"[{""pos"":""noun"",""synset"":""00974762-n"",""display"":""突撃・突貫"",""primaryRank"":1,""rankReason"":""sense rank 0 used as a weak lower-is-better signal; tag count/freq 16 used as a weak higher-is-better signal; selected 2 representative lemma(s) from 4 lemma(s) in this synset; lemma choice is heuristic; raw Japanese WordNet lemmas are preserved""},{""pos"":""verb"",""synset"":""01121719-v"",""display"":""突撃・突貫"",""primaryRank"":2,""rankReason"":""sense rank 0 used as a weak lower-is-better signal; tag count/freq 16 used as a weak higher-is-better signal; selected 2 representative lemma(s) from 5 lemma(s) in this synset; lemma choice is heuristic; raw Japanese WordNet lemmas are preserved""},{""pos"":""noun"",""synset"":""06561942-n"",""display"":""告発・告訴"",""primaryRank"":3,""rankReason"":""sense rank 0 used as a weak lower-is-better signal; tag count/freq 13 used as a weak higher-is-better signal; selected 2 representative lemma(s) from 2 lemma(s) in this synset; lemma choice is heuristic; raw Japanese WordNet lemmas are preserved""}]","[{""synset"":""00498016-v"",""pos"":""verb"",""senseRank"":0,""tagCount"":0,""japaneseLemmas"":[],""japaneseGloss"":""飽和させる""},{""synset"":""00517847-v"",""pos"":""verb"",""senseRank"":0,""tagCount"":0,""japaneseLemmas"":[""チャージ"",""充電""],""japaneseGloss"":""放電するために反対方向に電流を通すことにより、バッテリーに加圧する""},{""synset"":""00518115-v"",""pos"":""verb"",""senseRank"":0,""tagCount"":0,""japaneseLemmas"":[""充電""],""japaneseGloss"":""正味電荷の形成を引き起こす""},{""synset"":""00700517-v"",""pos"":""verb"",""senseRank"":0,""tagCount"":0,""japaneseLemmas"":[""請求""],""japaneseGloss"":""特定の価格を設定するあるいは求める""},{""synset"":""00727991-v"",""pos"":""verb"",""senseRank"":0,""tagCount"":0,""japaneseLemmas"":[""被せる""],""japaneseGloss"":""責任を帰属させる""},{""synset"":""00731222-n"",""pos"":""noun"",""senseRank"":0,""tagCount"":2,""japaneseLemmas"":[""特務""],""japaneseGloss"":""個人またはグループに与えられる特別な任務""},{""synset"":""00750172-v"",""pos"":""verb"",""senseRank"":0,""tagCount"":0,""japaneseLemmas"":[],""japaneseGloss"":""権威をもって指導するまたは命令する""},{""synset"":""00750345-v"",""pos"":""verb"",""senseRank"":0,""tagCount"":0,""japaneseLemmas"":[],""japaneseGloss"":""法律、その適用そして証拠の重要性について（陪審員）を指導する""},{""synset"":""00750532-v"",""pos"":""verb"",""senseRank"":0,""tagCount"":0,""japaneseLemmas"":[""嘱託"",""委任"",""属託"",""担当させる"",""託する"",""負わせる""],""japaneseGloss"":""仕事を課して、責任を割り当てる""},{""synset"":""00829378-n"",""pos"":""noun"",""senseRank"":0,""tagCount"":2,""japaneseLemmas"":[""後見""],""japaneseGloss"":""安全に対する責任を暗示する配慮と経営""},{""synset"":""00843468-v"",""pos"":""verb"",""senseRank"":0,""tagCount"":10,""japaneseLemmas"":[""指弾"",""責める"",""難じる""],""japaneseGloss"":""咎める、不行状または悪事についての主張を行う""},{""synset"":""00843959-v"",""pos"":""verb"",""senseRank"":0,""tagCount"":3,""japaneseLemmas"":[""告発"",""問う"",""攻撃"",""突く"",""責める"",""難じる""],""japaneseGloss"":""非難するような主張をする""},{""synset"":""00869931-v"",""pos"":""verb"",""senseRank"":0,""tagCount"":3,""japaneseLemmas"":[""告発"",""訴追""],""japaneseGloss"":""に対して正式な告訴を起こす""},{""synset"":""00974762-n"",""pos"":""noun"",""senseRank"":0,""tagCount"":16,""japaneseLemmas"":[""突っ込み"",""突撃"",""突貫"",""突進""],""japaneseGloss"":""誰かや何かに向かっての猛烈な突進""},{""synset"":""01121719-v"",""pos"":""verb"",""senseRank"":0,""tagCount"":16,""japaneseLemmas"":[""突撃"",""突貫"",""突進"",""襲撃"",""進撃""],""japaneseGloss"":""戦闘などにおいて、襲撃すること、あるいは急襲する""},{""synset"":""01152214-v"",""pos"":""verb"",""senseRank"":0,""tagCount"":0,""japaneseLemmas"":[""向ける"",""差し付ける""],""japaneseGloss"":""使用のためにある位置に直接なる""},{""synset"":""01488956-v"",""pos"":""verb"",""senseRank"":0,""tagCount"":2,""japaneseLemmas"":[""充電"",""申し受ける"",""被せる""],""japaneseGloss"":""能力を満たすあるいはを取り入れる""},{""synset"":""01490336-v"",""pos"":""verb"",""senseRank"":0,""tagCount"":0,""japaneseLemmas"":[""充電"",""搭載"",""申し受ける"",""積む"",""被せる"",""載積""],""japaneseGloss"":""何か必要なものを（装置）に備え付ける""},{""synset"":""01685960-v"",""pos"":""verb"",""senseRank"":0,""tagCount"":0,""japaneseLemmas"":[""充電"",""申し受ける"",""被せる""],""japaneseGloss"":""紋章の関係を認識する""},{""synset"":""01762528-v"",""pos"":""verb"",""senseRank"":0,""tagCount"":0,""japaneseLemmas"":[""刺激""],""japaneseGloss"":""煽動させる、興奮させる、または目覚めさせる""},{""synset"":""01985424-v"",""pos"":""verb"",""senseRank"":0,""tagCount"":0,""japaneseLemmas"":[],""japaneseGloss"":""猟犬に対する命令で横たわらせる""},{""synset"":""02055267-v"",""pos"":""verb"",""senseRank"":0,""tagCount"":6,""japaneseLemmas"":[""突撃"",""突貫"",""突進""],""japaneseGloss"":""素早くかつ激しく動く""},{""synset"":""02317289-v"",""pos"":""verb"",""senseRank"":0,""tagCount"":0,""japaneseLemmas"":[],""japaneseGloss"":""クレジットカードで支払う""},{""synset"":""02320374-v"",""pos"":""verb"",""senseRank"":0,""tagCount"":7,""japaneseLemmas"":[""チャージ"",""請求""],""japaneseGloss"":""支払いを要求する""},{""synset"":""02321046-v"",""pos"":""verb"",""senseRank"":0,""tagCount"":1,""japaneseLemmas"":[""請求""],""japaneseGloss"":""料金として特定の額を勘定に入れる""},{""synset"":""02347637-v"",""pos"":""verb"",""senseRank"":0,""tagCount"":0,""japaneseLemmas"":[""預ける""],""japaneseGloss"":""手入れや保管のために別の人に任せる""},{""synset"":""02348568-v"",""pos"":""verb"",""senseRank"":0,""tagCount"":0,""japaneseLemmas"":[""入れる"",""送る"",""送込む""],""japaneseGloss"":""認められる理由""},{""synset"":""02475922-v"",""pos"":""verb"",""senseRank"":0,""tagCount"":4,""japaneseLemmas"":[""仰せつける"",""仰せ付ける"",""任じる"",""任ずる"",""任命"",""叙任"",""命じる"",""命ずる"",""嘱託"",""委任"",""封ずる"",""就ける"",""属託"",""指名"",""言いつける"",""言い付ける"",""言付ける"",""託する"",""選任""],""japaneseGloss"":""義務、責任または義務を割り当てる""},{""synset"":""03008275-n"",""pos"":""noun"",""senseRank"":0,""tagCount"":0,""japaneseLemmas"":[""チャージ"",""代価"",""受け持ち"",""受持ち"",""容疑"",""突貫"",""装填"",""負担""],""japaneseGloss"":""一度に点火される爆発物の量""},{""synset"":""03008565-n"",""pos"":""noun"",""senseRank"":0,""tagCount"":0,""japaneseLemmas"":[],""japaneseGloss"":""盾に写されたデザインまたは絵で成る紋章""},{""synset"":""06561942-n"",""pos"":""noun"",""senseRank"":0,""tagCount"":13,""japaneseLemmas"":[""告発"",""告訴""],""japaneseGloss"":""不法行為または違法行為について説明する弁論""},{""synset"":""06730780-n"",""pos"":""noun"",""senseRank"":0,""tagCount"":0,""japaneseLemmas"":[""告発""],""japaneseGloss"":""誰かが過失または違反の罪があるという主張""},{""synset"":""07169480-n"",""pos"":""noun"",""senseRank"":0,""tagCount"":0,""japaneseLemmas"":[""コミッション"",""上前"",""作為"",""取り次ぎ"",""取次"",""周旋料"",""命"",""命令"",""職権""],""japaneseGloss"":""何かをするように正式な命令または指示を出すこと""},{""synset"":""07190941-n"",""pos"":""noun"",""senseRank"":0,""tagCount"":0,""japaneseLemmas"":[""清算書"",""請求"",""請求書""],""japaneseGloss"":""借金を支払うように求める要望""},{""synset"":""07528470-n"",""pos"":""noun"",""senseRank"":0,""tagCount"":0,""japaneseLemmas"":[""あわただしさ"",""スリル"",""快哉"",""快感"",""活気"",""興奮""],""japaneseGloss"":""蓄積した感情の力の素早い発散""},{""synset"":""09185612-n"",""pos"":""noun"",""senseRank"":0,""tagCount"":0,""japaneseLemmas"":[""充電"",""荷電""],""japaneseGloss"":""何らかの考えや人や物に注がれるリビドーエネルギー""},{""synset"":""09909760-n"",""pos"":""noun"",""senseRank"":0,""tagCount"":1,""japaneseLemmas"":[],""japaneseGloss"":""あなたの世話を委任された人""},{""synset"":""11435028-n"",""pos"":""noun"",""senseRank"":0,""tagCount"":3,""japaneseLemmas"":[""荷電"",""電荷""],""japaneseGloss"":""物体が帯びた不平衡の電気量（正または負）で、電子の過剰または欠乏と解釈される""},{""synset"":""13306870-n"",""pos"":""noun"",""senseRank"":0,""tagCount"":4,""japaneseLemmas"":[""チャージ"",""プライス"",""代"",""代価"",""代金"",""価"",""価格"",""値"",""値段"",""料"",""料金"",""課金""],""japaneseGloss"":""物やサービスについて請求される金額""},{""synset"":""13400798-n"",""pos"":""noun"",""senseRank"":0,""tagCount"":0,""japaneseLemmas"":[""チャージ"",""代価"",""受け持ち"",""受持ち"",""容疑"",""突貫"",""負担""],""japaneseGloss"":""（税金などの）財政上の負債""}]","[""チャージ"",""充電"",""請求"",""被せる"",""特務"",""嘱託"",""委任"",""属託"",""担当させる"",""託する"",""負わせる"",""後見"",""指弾"",""責める"",""難じる"",""告発"",""問う"",""攻撃"",""突く"",""訴追"",""突っ込み"",""突撃"",""突貫"",""突進"",""襲撃"",""進撃"",""向ける"",""差し付ける"",""申し受ける"",""搭載"",""積む"",""載積"",""刺激"",""預ける"",""入れる"",""送る"",""送込む"",""仰せつける"",""仰せ付ける"",""任じる"",""任ずる"",""任命"",""叙任"",""命じる"",""命ずる"",""封ずる"",""就ける"",""指名"",""言いつける"",""言い付ける"",""言付ける"",""選任"",""代価"",""受け持ち"",""受持ち"",""容疑"",""装填"",""負担"",""告訴"",""コミッション"",""上前"",""作為"",""取り次ぎ"",""取次"",""周旋料"",""命"",""命令"",""職権"",""清算書"",""請求書"",""あわただしさ"",""スリル"",""快哉"",""快感"",""活気"",""興奮"",""荷電"",""電荷"",""プライス"",""代"",""代金"",""価"",""価格"",""値"",""値段"",""料"",""料金"",""課金""]",TOO_MANY_SENSES|TOO_MANY_JAPANESE_LEMMAS|DUPLICATE_MEANINGS|AMBIGUOUS_PRIMARY_SENSE,"This word has 40 synsets, so top-3 selection is likely ambiguous. This word has 88 unique Japanese lemmas. Many Japanese lemmas repeat across synsets or normalize to the same form. 33 viable synset-level primary candidates existed, but only 3 display rows are allowed. At least one synset has many Japanese lemmas, so representative lemma choice needs review. Two or more selected display rows are effectively identical after safe normalization."
