word,level,pos,synset,allJapaneseLemmas,selectedJapaneseLemmas,senseRank,tagCount,primaryRank,rankReason,reviewFlags
mister,1,noun,06341340-n,-氏,-氏,0,2,1,sense rank 0 used as a weak lower-is-better signal; tag count/freq 2 used as a weak higher-is-better signal; selected 1 representative lemma(s) from 1 lemma(s) in this synset; lemma choice is heuristic; raw Japanese WordNet lemmas are preserved,
correctly,1,adverb,00203922-r,しゃんと|ちょうど|将に|正しく|正に|正確,正しく|正確,0,6,1,sense rank 0 used as a weak lower-is-better signal; tag count/freq 6 used as a weak higher-is-better signal; selected 2 representative lemma(s) from 6 lemma(s) in this synset; lemma choice is heuristic; raw Japanese WordNet lemmas are preserved,
keyboard,1,noun,03614007-n,キーボード|鍵盤,鍵盤|キーボード,0,2,1,sense rank 0 used as a weak lower-is-better signal; tag count/freq 2 used as a weak higher-is-better signal; selected 2 representative lemma(s) from 2 lemma(s) in this synset; lemma choice is heuristic; raw Japanese WordNet lemmas are preserved,
keyboard,1,noun,03613873-n,キーボード|鍵盤,鍵盤|キーボード,0,0,,sense rank 0 used as a weak lower-is-better signal; tag count/freq 0 used as a weak higher-is-better signal; selected 2 representative lemma(s) from 2 lemma(s) in this synset; lemma choice is heuristic; raw Japanese WordNet lemmas are preserved,
inspection,1,noun,00879271-n,ご覧|インスペクション|参観|審査|御覧|査察|校閲|検問|検査|検証|検閲|点検|監察|監査|縦覧|視察|鑑査|閲覧,審査|検査,0,10,1,sense rank 0 used as a weak lower-is-better signal; tag count/freq 10 used as a weak higher-is-better signal; selected 2 representative lemma(s) from 18 lemma(s) in this synset; lemma choice is heuristic; raw Japanese WordNet lemmas are preserved,many-lemmas-in-synset
advisor,1,noun,09774266-n,アドバイザー|アドヴァイザー|カウンセラー|コンサルタント|助言者|参謀|相談役|補佐人|補弼|輔弼|顧問|顧問官,顧問|相談役,0,1,1,sense rank 0 used as a weak lower-is-better signal; tag count/freq 1 used as a weak higher-is-better signal; selected 2 representative lemma(s) from 12 lemma(s) in this synset; lemma choice is heuristic; raw Japanese WordNet lemmas are preserved,many-lemmas-in-synset
quit,1,verb,02680814-v,うち切り|とり止まる|とり止める|ほうる|ストップ|中止|停める|停止|取りやめる|取り止める|取止める|廃す|廃する|打ち切り|打ち切る|抛る|措く|放る|断ちきる|断つ|止す|止める|止らす|留める|終える|絶つ|置く,止める|廃す,0,13,1,sense rank 0 used as a weak lower-is-better signal; tag count/freq 13 used as a weak higher-is-better signal; selected 2 representative lemma(s) from 27 lemma(s) in this synset; lemma choice is heuristic; raw Japanese WordNet lemmas are preserved,many-lemmas-in-synset
quit,1,verb,02008396-v,去る|引き上げる|引き下がる|引き払う|引き揚げる|引上げる|引下がる|立ちさる|立ち去る|立去る|辞す|辞する|退去|退散|離れさる|離れる|離れ去る|離去る,去る|離れる,0,1,2,sense rank 0 used as a weak lower-is-better signal; tag count/freq 1 used as a weak higher-is-better signal; selected 2 representative lemma(s) from 18 lemma(s) in this synset; lemma choice is heuristic; raw Japanese WordNet lemmas are preserved,many-lemmas-in-synset
quit,1,verb,02382367-v,下りる|罷める|辞す|辞する|辞める|辞任|辞職|退く|退陣|降りる,辞める|辞す,0,1,3,sense rank 0 used as a weak lower-is-better signal; tag count/freq 1 used as a weak higher-is-better signal; selected 2 representative lemma(s) from 10 lemma(s) in this synset; lemma choice is heuristic; raw Japanese WordNet lemmas are preserved,many-lemmas-in-synset
quit,1,verb,01083044-v,ギブアップ|万歳|参る|思断つ|断念|棄権|絶念|観念|諦める|降参,諦める|参る,0,0,,sense rank 0 used as a weak lower-is-better signal; tag count/freq 0 used as a weak higher-is-better signal; selected 2 representative lemma(s) from 10 lemma(s) in this synset; lemma choice is heuristic; raw Japanese WordNet lemmas are preserved,many-lemmas-in-synset
quit,1,verb,02227487-v,捨てる|断つ|絶つ,断つ|絶つ,0,0,,sense rank 0 used as a weak lower-is-better signal; tag count/freq 0 used as a weak higher-is-better signal; selected 2 representative lemma(s) from 3 lemma(s) in this synset; lemma choice is heuristic; raw Japanese WordNet lemmas are preserved,
lounge,1,noun,03691817-n,ウェイティングルーム|ウエイティングルーム|ウエーティングルーム|ラウンジ|ロビー|待ち合い室|待ち合い所|待合室,待合室|待ち合い室,0,0,1,sense rank 0 used as a weak lower-is-better signal; tag count/freq 0 used as a weak higher-is-better signal; selected 2 representative lemma(s) from 8 lemma(s) in this synset; lemma choice is heuristic; raw Japanese WordNet lemmas are preserved,
lounge,1,noun,04256520-n,カウチ|ソファ|ソファー|寝いす|寝椅子|長いす|長椅子,ソファ|寝いす,0,0,3,sense rank 0 used as a weak lower-is-better signal; tag count/freq 0 used as a weak higher-is-better signal; selected 2 representative lemma(s) from 7 lemma(s) in this synset; lemma choice is heuristic; raw Japanese WordNet lemmas are preserved,
lounge,1,verb,02639075-v,うろうろ|うろつく|ごろつく|さ迷う|ぶらつく|ぶらぶらする|ほっつく|ほつき歩く|ほつく|低回|低徊|彷徨う|彷徨く|徘徊,うろつく|ぶらつく,0,0,2,sense rank 0 used as a weak lower-is-better signal; tag count/freq 0 used as a weak higher-is-better signal; selected 2 representative lemma(s) from 14 lemma(s) in this synset; lemma choice is heuristic; raw Japanese WordNet lemmas are preserved,many-lemmas-in-synset
expertise,1,noun,05640729-n,熟練さ|熟練していること,熟練さ|熟練していること,0,2,1,sense rank 0 used as a weak lower-is-better signal; tag count/freq 2 used as a weak higher-is-better signal; selected 2 representative lemma(s) from 2 lemma(s) in this synset; lemma choice is heuristic; raw Japanese WordNet lemmas are preserved,
garment,1,noun,03419014-n,お召し物|御召し物,お召し物|御召し物,0,4,1,sense rank 0 used as a weak lower-is-better signal; tag count/freq 4 used as a weak higher-is-better signal; selected 2 representative lemma(s) from 2 lemma(s) in this synset; lemma choice is heuristic; raw Japanese WordNet lemmas are preserved,
garment,1,verb,00047945-v,衣服を着せる,衣服を着せる,0,0,2,sense rank 0 used as a weak lower-is-better signal; tag count/freq 0 used as a weak higher-is-better signal; selected 1 representative lemma(s) from 1 lemma(s) in this synset; lemma choice is heuristic; raw Japanese WordNet lemmas are preserved,
spacious,1,adjective,01384212-a,ワイド|宏闊|広い|広やか|広漠たる|広遠|広闊|弘い|弘遠|快豁|快闊|手広い|浩々たる|浩浩たる|浩渺たる|空豁|空闊|蕩然たる,広い|手広い,0,2,1,sense rank 0 used as a weak lower-is-better signal; tag count/freq 2 used as a weak higher-is-better signal; selected 2 representative lemma(s) from 18 lemma(s) in this synset; lemma choice is heuristic; raw Japanese WordNet lemmas are preserved,many-lemmas-in-synset
spacious,1,adjective,00476249-a,広々とした|広い|広やか|広広とした|弘い|手広い,広い|手広い,0,0,,sense rank 0 used as a weak lower-is-better signal; tag count/freq 0 used as a weak higher-is-better signal; selected 2 representative lemma(s) from 6 lemma(s) in this synset; lemma choice is heuristic; raw Japanese WordNet lemmas are preserved,
durable,1,adjective,01439496-a,丈夫|永続的,丈夫|永続的,0,1,1,sense rank 0 used as a weak lower-is-better signal; tag count/freq 1 used as a weak higher-is-better signal; selected 2 representative lemma(s) from 2 lemma(s) in this synset; lemma choice is heuristic; raw Japanese WordNet lemmas are preserved,
durable,1,adjective,02124096-a,長持ちする,長持ちする,0,0,2,sense rank 0 used as a weak lower-is-better signal; tag count/freq 0 used as a weak higher-is-better signal; selected 1 representative lemma(s) from 1 lemma(s) in this synset; lemma choice is heuristic; raw Japanese WordNet lemmas are preserved,
purse,1,noun,02774152-n,ハンドバック|ハンドバッグ,ハンドバッグ|ハンドバック,0,5,1,sense rank 0 used as a weak lower-is-better signal; tag count/freq 5 used as a weak higher-is-better signal; selected 2 representative lemma(s) from 2 lemma(s) in this synset; lemma choice is heuristic; raw Japanese WordNet lemmas are preserved,
purse,1,noun,04026417-n,がま口|パース|蝦蟇口|蟇口|財嚢|財布|金入|金入れ|銭入|銭入れ,財布|金入,0,1,3,sense rank 0 used as a weak lower-is-better signal; tag count/freq 1 used as a weak higher-is-better signal; selected 2 representative lemma(s) from 10 lemma(s) in this synset; lemma choice is heuristic; raw Japanese WordNet lemmas are preserved,many-lemmas-in-synset
purse,1,noun,13413294-n,財布,財布,0,1,,sense rank 0 used as a weak lower-is-better signal; tag count/freq 1 used as a weak higher-is-better signal; selected 1 representative lemma(s) from 1 lemma(s) in this synset; lemma choice is heuristic; raw Japanese WordNet lemmas are preserved,
purse,1,verb,00145902-v,口をすぼめる,口をすぼめる,0,2,2,sense rank 0 used as a weak lower-is-better signal; tag count/freq 2 used as a weak higher-is-better signal; selected 1 representative lemma(s) from 1 lemma(s) in this synset; lemma choice is heuristic; raw Japanese WordNet lemmas are preserved,
purse,1,verb,01279305-v,皺む|皺める|窄める|縮らす|縮れる,皺む|皺める,0,0,,sense rank 0 used as a weak lower-is-better signal; tag count/freq 0 used as a weak higher-is-better signal; selected 2 representative lemma(s) from 5 lemma(s) in this synset; lemma choice is heuristic; raw Japanese WordNet lemmas are preserved,
planner,1,noun,10438172-n,プランナー|立案者|計画者,立案者|計画者,0,4,1,sense rank 0 used as a weak lower-is-better signal; tag count/freq 4 used as a weak higher-is-better signal; selected 2 representative lemma(s) from 3 lemma(s) in this synset; lemma choice is heuristic; raw Japanese WordNet lemmas are preserved,
facilitate,1,verb,00518395-v,和らげる|楽にする|緩和|軽減,和らげる|楽にする,0,5,1,sense rank 0 used as a weak lower-is-better signal; tag count/freq 5 used as a weak higher-is-better signal; selected 2 representative lemma(s) from 4 lemma(s) in this synset; lemma choice is heuristic; raw Japanese WordNet lemmas are preserved,
facilitate,1,verb,02735897-v,助ける|役だつ|役立つ|手だすけ|手助|手助け|扶く|扶ける|資する,助ける|役立つ,0,0,2,sense rank 0 used as a weak lower-is-better signal; tag count/freq 0 used as a weak higher-is-better signal; selected 2 representative lemma(s) from 9 lemma(s) in this synset; lemma choice is heuristic; raw Japanese WordNet lemmas are preserved,
satisfactory,1,adjective,02080577-a,優良|充分|十分|宜しい|思わしい|満足|結構|良い|良好,良い|宜しい,0,14,1,sense rank 0 used as a weak lower-is-better signal; tag count/freq 14 used as a weak higher-is-better signal; selected 2 representative lemma(s) from 9 lemma(s) in this synset; lemma choice is heuristic; raw Japanese WordNet lemmas are preserved,
satisfactory,1,adjective,01124768-a,充分|十分|満足,充分|十分,0,7,2,sense rank 0 used as a weak lower-is-better signal; tag count/freq 7 used as a weak higher-is-better signal; selected 2 representative lemma(s) from 3 lemma(s) in this synset; lemma choice is heuristic; raw Japanese WordNet lemmas are preserved,
authorization,1,noun,06556481-n,お墨付き|免許|公認|命|命令|御墨付き|承認|指し図|指図|授権|許可|認可|認定,承認|許可,0,5,1,sense rank 0 used as a weak lower-is-better signal; tag count/freq 5 used as a weak higher-is-better signal; selected 2 representative lemma(s) from 13 lemma(s) in this synset; lemma choice is heuristic; raw Japanese WordNet lemmas are preserved,many-lemmas-in-synset
authorization,1,noun,01138670-n,オーソライズ|免許|公認|認可|認定,認可|免許,0,0,2,sense rank 0 used as a weak lower-is-better signal; tag count/freq 0 used as a weak higher-is-better signal; selected 2 representative lemma(s) from 5 lemma(s) in this synset; lemma choice is heuristic; raw Japanese WordNet lemmas are preserved,
authorization,1,noun,05176607-n,お墨付き|オーソライズ|免許|公認|御墨付き|裁可|裁許|認可|認定,認可|免許,0,0,,sense rank 0 used as a weak lower-is-better signal; tag count/freq 0 used as a weak higher-is-better signal; selected 2 representative lemma(s) from 9 lemma(s) in this synset; lemma choice is heuristic; raw Japanese WordNet lemmas are preserved,
authorization,1,noun,05196582-n,委任|権|権力|権能|権限|決定権,委任|権力,0,0,3,sense rank 0 used as a weak lower-is-better signal; tag count/freq 0 used as a weak higher-is-better signal; selected 2 representative lemma(s) from 6 lemma(s) in this synset; lemma choice is heuristic; raw Japanese WordNet lemmas are preserved,
compile,1,verb,01626138-v,まとめ上げる|大成|撰する|撰ぶ|撰む|撰修|構成|組み上げる|編む|編緝|編輯|編集|纒め上げる|纒上げる|集大成|集成,編む|組み上げる,0,3,1,sense rank 0 used as a weak lower-is-better signal; tag count/freq 3 used as a weak higher-is-better signal; selected 2 representative lemma(s) from 16 lemma(s) in this synset; lemma choice is heuristic; raw Japanese WordNet lemmas are preserved,many-lemmas-in-synset
compile,1,verb,02304982-v,ため込む|コレクト|収集|取りあつめる|取り集める|取集める|寄せあつめる|寄せ集める|寄集める|拾集|採集|積みあげる|積み上げる|積み重ねる|纏める|蓄積|集める|集積|集結,纏める|集める,0,3,2,sense rank 0 used as a weak lower-is-better signal; tag count/freq 3 used as a weak higher-is-better signal; selected 2 representative lemma(s) from 19 lemma(s) in this synset; lemma choice is heuristic; raw Japanese WordNet lemmas are preserved,many-lemmas-in-synset
correction,2,noun,00258854-n,修正|修繕|修訂|加筆|匡正|手直し|改削|改善|改正|斧正|是正|是正措置|更正|更訂|校訂|校閲|添削|直し|直し物|矯正|筆削|補正|規正|訂正,修正|訂正,0,2,1,sense rank 0 used as a weak lower-is-better signal; tag count/freq 2 used as a weak higher-is-better signal; selected 2 representative lemma(s) from 24 lemma(s) in this synset; lemma choice is heuristic; raw Japanese WordNet lemmas are preserved,many-lemmas-in-synset
correction,2,noun,06428537-n,訂正,訂正,0,1,2,sense rank 0 used as a weak lower-is-better signal; tag count/freq 1 used as a weak higher-is-better signal; selected 1 representative lemma(s) from 1 lemma(s) in this synset; lemma choice is heuristic; raw Japanese WordNet lemmas are preserved,
correction,2,noun,13755957-n,補正,補正,0,1,3,sense rank 0 used as a weak lower-is-better signal; tag count/freq 1 used as a weak higher-is-better signal; selected 1 representative lemma(s) from 1 lemma(s) in this synset; lemma choice is heuristic; raw Japanese WordNet lemmas are preserved,
correction,2,noun,00662527-n,矯正,矯正,0,0,,sense rank 0 used as a weak lower-is-better signal; tag count/freq 0 used as a weak higher-is-better signal; selected 1 representative lemma(s) from 1 lemma(s) in this synset; lemma choice is heuristic; raw Japanese WordNet lemmas are preserved,
correction,2,noun,01161821-n,懲らしめ|懲戒|懲罰|誅罰,懲戒|懲罰,0,0,,sense rank 0 used as a weak lower-is-better signal; tag count/freq 0 used as a weak higher-is-better signal; selected 2 representative lemma(s) from 4 lemma(s) in this synset; lemma choice is heuristic; raw Japanese WordNet lemmas are preserved,
correction,2,noun,06714288-n,懲らしめ|折檻,折檻|懲らしめ,0,0,,sense rank 0 used as a weak lower-is-better signal; tag count/freq 0 used as a weak higher-is-better signal; selected 2 representative lemma(s) from 2 lemma(s) in this synset; lemma choice is heuristic; raw Japanese WordNet lemmas are preserved,
compatible,2,adjective,00509039-a,コンパチ|コンパチブル|互換の|互換性のある|互換性のない|互換的|非互換の|非互換的,互換的|互換の,0,1,1,sense rank 0 used as a weak lower-is-better signal; tag count/freq 1 used as a weak higher-is-better signal; selected 2 representative lemma(s) from 8 lemma(s) in this synset; lemma choice is heuristic; raw Japanese WordNet lemmas are preserved,
bye,2,noun,06629610-n,おさらば|オールボアール|左様なら,左様なら|おさらば,0,0,1,sense rank 0 used as a weak lower-is-better signal; tag count/freq 0 used as a weak higher-is-better signal; selected 2 representative lemma(s) from 3 lemma(s) in this synset; lemma choice is heuristic; raw Japanese WordNet lemmas are preserved,
bye,2,noun,07176499-n,パス,パス,0,0,2,sense rank 0 used as a weak lower-is-better signal; tag count/freq 0 used as a weak higher-is-better signal; selected 1 representative lemma(s) from 1 lemma(s) in this synset; lemma choice is heuristic; raw Japanese WordNet lemmas are preserved,
dealership,2,noun,08060193-n,フランチャイズ,フランチャイズ,0,0,1,sense rank 0 used as a weak lower-is-better signal; tag count/freq 0 used as a weak higher-is-better signal; selected 1 representative lemma(s) from 1 lemma(s) in this synset; lemma choice is heuristic; raw Japanese WordNet lemmas are preserved,
enthusiasm,2,noun,04634540-n,あふれる元気|ほとばしる元気|情熱|意慾|熱|熱心|熱情|熱意|熱狂,情熱|意慾,0,5,1,sense rank 0 used as a weak lower-is-better signal; tag count/freq 5 used as a weak higher-is-better signal; selected 2 representative lemma(s) from 9 lemma(s) in this synset; lemma choice is heuristic; raw Japanese WordNet lemmas are preserved,
enthusiasm,2,noun,07555014-n,いき込み|強い興味|忘我|情熱|意気ごみ|意気組み|意気込み|気勢|気組み|気込み|熱中|熱心|熱情|熱意|熱気|熱狂|熱血|狂熱|興奮,忘我|情熱,0,5,2,sense rank 0 used as a weak lower-is-better signal; tag count/freq 5 used as a weak higher-is-better signal; selected 2 representative lemma(s) from 19 lemma(s) in this synset; lemma choice is heuristic; raw Japanese WordNet lemmas are preserved,many-lemmas-in-synset
enthusiasm,2,noun,05670343-n,熱|熱狂,熱狂|熱,0,3,3,sense rank 0 used as a weak lower-is-better signal; tag count/freq 3 used as a weak higher-is-better signal; selected 2 representative lemma(s) from 2 lemma(s) in this synset; lemma choice is heuristic; raw Japanese WordNet lemmas are preserved,
activate,2,verb,01643657-v,触発|誘発,触発|誘発,0,3,1,sense rank 0 used as a weak lower-is-better signal; tag count/freq 3 used as a weak higher-is-better signal; selected 2 representative lemma(s) from 2 lemma(s) in this synset; lemma choice is heuristic; raw Japanese WordNet lemmas are preserved,
activate,2,verb,00190682-v,活性化|賦活,賦活|活性化,0,2,2,sense rank 0 used as a weak lower-is-better signal; tag count/freq 2 used as a weak higher-is-better signal; selected 2 representative lemma(s) from 2 lemma(s) in this synset; lemma choice is heuristic; raw Japanese WordNet lemmas are preserved,
activate,2,verb,00191385-v,活性化,活性化,0,0,3,sense rank 0 used as a weak lower-is-better signal; tag count/freq 0 used as a weak higher-is-better signal; selected 1 representative lemma(s) from 1 lemma(s) in this synset; lemma choice is heuristic; raw Japanese WordNet lemmas are preserved,
resume,2,verb,00350104-v,やり直す|仕直す|再開|続開|遣り直す,仕直す|やり直す,0,17,1,sense rank 0 used as a weak lower-is-better signal; tag count/freq 17 used as a weak higher-is-better signal; selected 2 representative lemma(s) from 5 lemma(s) in this synset; lemma choice is heuristic; raw Japanese WordNet lemmas are preserved,
resume,2,noun,06469694-n,レジメ|レジュメ|展望|概観|約説|素描|要覧,展望|概観,0,4,2,sense rank 0 used as a weak lower-is-better signal; tag count/freq 4 used as a weak higher-is-better signal; selected 2 representative lemma(s) from 7 lemma(s) in this synset; lemma choice is heuristic; raw Japanese WordNet lemmas are preserved,
resume,2,noun,06468403-n,履歴書,履歴書,0,0,3,sense rank 0 used as a weak lower-is-better signal; tag count/freq 0 used as a weak higher-is-better signal; selected 1 representative lemma(s) from 1 lemma(s) in this synset; lemma choice is heuristic; raw Japanese WordNet lemmas are preserved,
resume,2,verb,00350283-v,取り戻す|取戻す|取返す|復する,取戻す|取返す,0,5,,sense rank 0 used as a weak lower-is-better signal; tag count/freq 5 used as a weak higher-is-better signal; selected 2 representative lemma(s) from 4 lemma(s) in this synset; lemma choice is heuristic; raw Japanese WordNet lemmas are preserved,
resume,2,verb,02381951-v,再開,再開,0,4,,sense rank 0 used as a weak lower-is-better signal; tag count/freq 4 used as a weak higher-is-better signal; selected 1 representative lemma(s) from 1 lemma(s) in this synset; lemma choice is heuristic; raw Japanese WordNet lemmas are preserved,
resume,2,verb,01007924-v,かいつまむ|かい摘む|ダイジェスト|抓む|掻いつまむ|掻い取る|掻い摘まむ|掻い摘む|掻取る|掻摘む|摘む|撮む|概括|概要を述べる|概言|略言|略説|略論|略述|約言|要す|要する|要略|要約,抓む|摘む,0,0,,sense rank 0 used as a weak lower-is-better signal; tag count/freq 0 used as a weak higher-is-better signal; selected 2 representative lemma(s) from 24 lemma(s) in this synset; lemma choice is heuristic; raw Japanese WordNet lemmas are preserved,many-lemmas-in-synset
interactive,2,adjective,00623356-a,相乗的,相乗的,0,0,1,sense rank 0 used as a weak lower-is-better signal; tag count/freq 0 used as a weak higher-is-better signal; selected 1 representative lemma(s) from 1 lemma(s) in this synset; lemma choice is heuristic; raw Japanese WordNet lemmas are preserved,
interactive,2,adjective,01946439-a,相互作用的,相互作用的,0,0,2,sense rank 0 used as a weak lower-is-better signal; tag count/freq 0 used as a weak higher-is-better signal; selected 1 representative lemma(s) from 1 lemma(s) in this synset; lemma choice is heuristic; raw Japanese WordNet lemmas are preserved,
bound,2,noun,13903079-n,へり|リミット|境界|境界線|境目|疆界|端|経界|縁,境界|境目,0,1,1,sense rank 0 used as a weak lower-is-better signal; tag count/freq 1 used as a weak higher-is-better signal; selected 2 representative lemma(s) from 9 lemma(s) in this synset; lemma choice is heuristic; raw Japanese WordNet lemmas are preserved,
bound,2,noun,00120202-n,バウンド|勢み|弾み,勢み|弾み,0,0,,sense rank 0 used as a weak lower-is-better signal; tag count/freq 0 used as a weak higher-is-better signal; selected 2 representative lemma(s) from 3 lemma(s) in this synset; lemma choice is heuristic; raw Japanese WordNet lemmas are preserved,
bound,2,noun,05124057-n,リミット|局限|方量|極限|辺際|限り|限度|限界|際涯|際限,局限|方量,0,0,,sense rank 0 used as a weak lower-is-better signal; tag count/freq 0 used as a weak higher-is-better signal; selected 2 representative lemma(s) from 10 lemma(s) in this synset; lemma choice is heuristic; raw Japanese WordNet lemmas are preserved,many-lemmas-in-synset
bound,2,noun,08512259-n,バウンダリ|バウンド|リミット|地境|地界|境|境域|境界|境界線|境目|疆域|疆界|経界|限界,地境|地界,0,0,,sense rank 0 used as a weak lower-is-better signal; tag count/freq 0 used as a weak higher-is-better signal; selected 2 representative lemma(s) from 14 lemma(s) in this synset; lemma choice is heuristic; raw Japanese WordNet lemmas are preserved,many-lemmas-in-synset
bound,2,verb,01963942-v,はね上がる|弾む|跳ねる|跳ぶ|跳る|跳躍|躍る|飛びあがる|飛び上がる|飛び跳ねる|飛上がる|飛躍,弾む|跳ぶ,0,4,2,sense rank 0 used as a weak lower-is-better signal; tag count/freq 4 used as a weak higher-is-better signal; selected 2 representative lemma(s) from 12 lemma(s) in this synset; lemma choice is heuristic; raw Japanese WordNet lemmas are preserved,many-lemmas-in-synset
bound,2,verb,00233335-v,セーブ|セーヴ|制約|抑える|抑制|押える|押さえる|限る|限定,限る|抑える,0,2,,sense rank 0 used as a weak lower-is-better signal; tag count/freq 2 used as a weak higher-is-better signal; selected 2 representative lemma(s) from 9 lemma(s) in this synset; lemma choice is heuristic; raw Japanese WordNet lemmas are preserved,
bound,2,verb,01892104-v,はね上がる|バウンド|リバウンド|刎ね上がる|弾む|跳ねあがる|跳ねかえる|跳ねる|跳ね上がる|跳ね上る|跳ね返る|跳び上がる|跳び出す|跳る|跳上がる|跳上る|跳返る,弾む|跳る,0,1,,sense rank 0 used as a weak lower-is-better signal; tag count/freq 1 used as a weak higher-is-better signal; selected 2 representative lemma(s) from 17 lemma(s) in this synset; lemma choice is heuristic; raw Japanese WordNet lemmas are preserved,many-lemmas-in-synset
bound,2,adjective,00252954-a,縛られた,縛られた,0,4,3,sense rank 0 used as a weak lower-is-better signal; tag count/freq 4 used as a weak higher-is-better signal; selected 1 representative lemma(s) from 1 lemma(s) in this synset; lemma choice is heuristic; raw Japanese WordNet lemmas are preserved,
bound,2,adjective,01682822-a,運命的,運命的,0,1,,sense rank 0 used as a weak lower-is-better signal; tag count/freq 1 used as a weak higher-is-better signal; selected 1 representative lemma(s) from 1 lemma(s) in this synset; lemma choice is heuristic; raw Japanese WordNet lemmas are preserved,
decoration,2,noun,03169390-n,オーナメント|デコレーション|修飾|化粧|壁掛け|外装|居え物|居物|拵え|据え物|据物|模様|粉飾|粧飾|置き物|置物|装具|装飾|装飾品|装飾物|飾|飾り|飾りつけ|飾りもの|飾り付け|飾り物|飾付|飾付け|飾物,修飾|化粧,0,4,1,sense rank 0 used as a weak lower-is-better signal; tag count/freq 4 used as a weak higher-is-better signal; selected 2 representative lemma(s) from 29 lemma(s) in this synset; lemma choice is heuristic; raw Japanese WordNet lemmas are preserved,many-lemmas-in-synset
decoration,2,noun,00262249-n,修飾|勲章|装飾|飾り付け|飾付,修飾|勲章,0,0,2,sense rank 0 used as a weak lower-is-better signal; tag count/freq 0 used as a weak higher-is-better signal; selected 2 representative lemma(s) from 5 lemma(s) in this synset; lemma choice is heuristic; raw Japanese WordNet lemmas are preserved,
decoration,2,noun,06706676-n,シュロの葉|メダル|リボン|勲章|大メダル|月桂冠|栄典|桂冠|綬|胸章|褒章|褒賞|記章,勲章|栄典,0,0,3,sense rank 0 used as a weak lower-is-better signal; tag count/freq 0 used as a weak higher-is-better signal; selected 2 representative lemma(s) from 13 lemma(s) in this synset; lemma choice is heuristic; raw Japanese WordNet lemmas are preserved,many-lemmas-in-synset
matrix,2,noun,08267640-n,マトリクス|マトリックス|行列,行列|マトリクス,0,1,1,sense rank 0 used as a weak lower-is-better signal; tag count/freq 1 used as a weak higher-is-better signal; selected 2 representative lemma(s) from 3 lemma(s) in this synset; lemma choice is heuristic; raw Japanese WordNet lemmas are preserved,
matrix,2,noun,05582305-n,基質|細胞間物質,基質|細胞間物質,0,0,2,sense rank 0 used as a weak lower-is-better signal; tag count/freq 0 used as a weak higher-is-better signal; selected 2 representative lemma(s) from 2 lemma(s) in this synset; lemma choice is heuristic; raw Japanese WordNet lemmas are preserved,
colonial,2,noun,09937688-n,コロニアル,コロニアル,0,1,1,sense rank 0 used as a weak lower-is-better signal; tag count/freq 1 used as a weak higher-is-better signal; selected 1 representative lemma(s) from 1 lemma(s) in this synset; lemma choice is heuristic; raw Japanese WordNet lemmas are preserved,
adaptation,2,noun,06408779-n,アダプテーション|改作|翻案,改作|翻案,0,1,1,sense rank 0 used as a weak lower-is-better signal; tag count/freq 1 used as a weak higher-is-better signal; selected 2 representative lemma(s) from 3 lemma(s) in this synset; lemma choice is heuristic; raw Japanese WordNet lemmas are preserved,
adaptation,2,noun,00193406-n,順応,順応,0,0,2,sense rank 0 used as a weak lower-is-better signal; tag count/freq 0 used as a weak higher-is-better signal; selected 1 representative lemma(s) from 1 lemma(s) in this synset; lemma choice is heuristic; raw Japanese WordNet lemmas are preserved,
adaptation,2,noun,13427078-n,即応|同化|改作|演義|翻案|適応|順応,即応|同化,0,0,3,sense rank 0 used as a weak lower-is-better signal; tag count/freq 0 used as a weak higher-is-better signal; selected 2 representative lemma(s) from 7 lemma(s) in this synset; lemma choice is heuristic; raw Japanese WordNet lemmas are preserved,
equality,2,noun,04747899-n,一律|互角|同一|同格|同等|均一|均等|平手|平等|斉一,一律|互角,0,2,1,sense rank 0 used as a weak lower-is-better signal; tag count/freq 2 used as a weak higher-is-better signal; selected 2 representative lemma(s) from 10 lemma(s) in this synset; lemma choice is heuristic; raw Japanese WordNet lemmas are preserved,many-lemmas-in-synset
equality,2,noun,13946760-n,同一|同値|同格|同等|同等性|対当|平等|平等さ|等価|等価値|等値|等量,同一|同値,0,1,2,sense rank 0 used as a weak lower-is-better signal; tag count/freq 1 used as a weak higher-is-better signal; selected 2 representative lemma(s) from 12 lemma(s) in this synset; lemma choice is heuristic; raw Japanese WordNet lemmas are preserved,many-lemmas-in-synset
neutral,2,adjective,01615625-a,ニュートラル|中立的,中立的|ニュートラル,0,5,1,sense rank 0 used as a weak lower-is-better signal; tag count/freq 5 used as a weak higher-is-better signal; selected 2 representative lemma(s) from 2 lemma(s) in this synset; lemma choice is heuristic; raw Japanese WordNet lemmas are preserved,
neutral,2,adjective,00732160-a,ニュートラル|中立の,中立の|ニュートラル,0,3,2,sense rank 0 used as a weak lower-is-better signal; tag count/freq 3 used as a weak higher-is-better signal; selected 2 representative lemma(s) from 2 lemma(s) in this synset; lemma choice is heuristic; raw Japanese WordNet lemmas are preserved,
neutral,2,adjective,00408284-a,特徴のない,特徴のない,0,1,3,sense rank 0 used as a weak lower-is-better signal; tag count/freq 1 used as a weak higher-is-better signal; selected 1 representative lemma(s) from 1 lemma(s) in this synset; lemma choice is heuristic; raw Japanese WordNet lemmas are preserved,
neutral,2,adjective,01930004-a,不活性,不活性,0,4,,sense rank 0 used as a weak lower-is-better signal; tag count/freq 4 used as a weak higher-is-better signal; selected 1 representative lemma(s) from 1 lemma(s) in this synset; lemma choice is heuristic; raw Japanese WordNet lemmas are preserved,
observer,2,noun,09626589-n,知覚者|見る者|観察者,知覚者|見る者,0,11,1,sense rank 0 used as a weak lower-is-better signal; tag count/freq 11 used as a weak higher-is-better signal; selected 2 representative lemma(s) from 3 lemma(s) in this synset; lemma choice is heuristic; raw Japanese WordNet lemmas are preserved,
observer,2,noun,10369528-n,オブザーバ|オブザーバー|オブザーヴァー|コメンテーター|解説者|評者|評論家,評者|解説者,0,9,2,sense rank 0 used as a weak lower-is-better signal; tag count/freq 9 used as a weak higher-is-better signal; selected 2 representative lemma(s) from 7 lemma(s) in this synset; lemma choice is heuristic; raw Japanese WordNet lemmas are preserved,
inhibition,3,noun,01070892-n,制御|制禦|制馭|圧殺|抑制|抑圧|抑止|押さえ,制御|制禦,0,3,1,sense rank 0 used as a weak lower-is-better signal; tag count/freq 3 used as a weak higher-is-better signal; selected 2 representative lemma(s) from 8 lemma(s) in this synset; lemma choice is heuristic; raw Japanese WordNet lemmas are preserved,
inhibition,3,noun,04884072-n,禁止,禁止,0,2,2,sense rank 0 used as a weak lower-is-better signal; tag count/freq 2 used as a weak higher-is-better signal; selected 1 representative lemma(s) from 1 lemma(s) in this synset; lemma choice is heuristic; raw Japanese WordNet lemmas are preserved,
inhibition,3,noun,00201923-n,抑制|禁止,抑制|禁止,0,0,3,sense rank 0 used as a weak lower-is-better signal; tag count/freq 0 used as a weak higher-is-better signal; selected 2 representative lemma(s) from 2 lemma(s) in this synset; lemma choice is heuristic; raw Japanese WordNet lemmas are preserved,
inhibition,3,noun,13500214-n,抑制,抑制,0,0,,sense rank 0 used as a weak lower-is-better signal; tag count/freq 0 used as a weak higher-is-better signal; selected 1 representative lemma(s) from 1 lemma(s) in this synset; lemma choice is heuristic; raw Japanese WordNet lemmas are preserved,
tract,3,noun,08673395-n,土地,土地,0,3,1,sense rank 0 used as a weak lower-is-better signal; tag count/freq 3 used as a weak higher-is-better signal; selected 1 representative lemma(s) from 1 lemma(s) in this synset; lemma choice is heuristic; raw Japanese WordNet lemmas are preserved,
tract,3,noun,06409290-n,トラクト|パンフ|パンフレット|ミニコミ|冊子|小冊|小冊子|小論文,冊子|小冊,0,1,2,sense rank 0 used as a weak lower-is-better signal; tag count/freq 1 used as a weak higher-is-better signal; selected 2 representative lemma(s) from 8 lemma(s) in this synset; lemma choice is heuristic; raw Japanese WordNet lemmas are preserved,
tract,3,noun,05475878-n,神経経路,神経経路,0,0,3,sense rank 0 used as a weak lower-is-better signal; tag count/freq 0 used as a weak higher-is-better signal; selected 1 representative lemma(s) from 1 lemma(s) in this synset; lemma choice is heuristic; raw Japanese WordNet lemmas are preserved,
impulse,3,noun,09180431-n,衝動|衝迫,衝動|衝迫,0,10,1,sense rank 0 used as a weak lower-is-better signal; tag count/freq 10 used as a weak higher-is-better signal; selected 2 representative lemma(s) from 2 lemma(s) in this synset; lemma choice is heuristic; raw Japanese WordNet lemmas are preserved,
impulse,3,noun,07490579-n,でき心|出来心|心のはずみ|気まぐれ|気紛れ|衝動|衝迫,衝動|衝迫,0,3,,sense rank 0 used as a weak lower-is-better signal; tag count/freq 3 used as a weak higher-is-better signal; selected 2 representative lemma(s) from 7 lemma(s) in this synset; lemma choice is heuristic; raw Japanese WordNet lemmas are preserved,
impulse,3,noun,07308042-n,インパルス|活動電位|神経インパルス|神経衝撃,活動電位|神経衝撃,0,2,2,sense rank 0 used as a weak lower-is-better signal; tag count/freq 2 used as a weak higher-is-better signal; selected 2 representative lemma(s) from 4 lemma(s) in this synset; lemma choice is heuristic; raw Japanese WordNet lemmas are preserved,
impulse,3,noun,00104249-n,インパルス|余勢|衝動|衝撃|調子|運動力,余勢|衝動,0,1,3,sense rank 0 used as a weak lower-is-better signal; tag count/freq 1 used as a weak higher-is-better signal; selected 2 representative lemma(s) from 6 lemma(s) in this synset; lemma choice is heuristic; raw Japanese WordNet lemmas are preserved,
impulse,3,noun,07420991-n,インパルス|パルス|プルス|周波|活動電位,周波|活動電位,0,1,,sense rank 0 used as a weak lower-is-better signal; tag count/freq 1 used as a weak higher-is-better signal; selected 2 representative lemma(s) from 5 lemma(s) in this synset; lemma choice is heuristic; raw Japanese WordNet lemmas are preserved,
impulse,3,noun,05035820-n,余勢|勢|勢い|推進力,余勢|勢い,0,0,,sense rank 0 used as a weak lower-is-better signal; tag count/freq 0 used as a weak higher-is-better signal; selected 2 representative lemma(s) from 4 lemma(s) in this synset; lemma choice is heuristic; raw Japanese WordNet lemmas are preserved,
intervene,3,verb,02538765-v,介入|割り込む|割込む|妨げる|妨害|干渉|邪魔,割込む|妨げる,0,4,1,sense rank 0 used as a weak lower-is-better signal; tag count/freq 4 used as a weak higher-is-better signal; selected 2 representative lemma(s) from 7 lemma(s) in this synset; lemma choice is heuristic; raw Japanese WordNet lemmas are preserved,
drain,3,noun,00396029-n,排水|水抜き|除水|駆水,排水|除水,0,1,1,sense rank 0 used as a weak lower-is-better signal; tag count/freq 1 used as a weak higher-is-better signal; selected 2 representative lemma(s) from 4 lemma(s) in this synset; lemma choice is heuristic; raw Japanese WordNet lemmas are preserved,
drain,3,noun,01062255-n,枯渇|流出,枯渇|流出,0,0,3,sense rank 0 used as a weak lower-is-better signal; tag count/freq 0 used as a weak higher-is-better signal; selected 2 representative lemma(s) from 2 lemma(s) in this synset; lemma choice is heuristic; raw Japanese WordNet lemmas are preserved,
drain,3,noun,03231912-n,ドレイン|排水管|放水管|明渠|流出|雨樋,明渠|流出,0,0,,sense rank 0 used as a weak lower-is-better signal; tag count/freq 0 used as a weak higher-is-better signal; selected 2 representative lemma(s) from 6 lemma(s) in this synset; lemma choice is heuristic; raw Japanese WordNet lemmas are preserved,
drain,3,verb,02071457-v,流れだす|流れ出す|流れ出る|流出|流出す,流出す|流れだす,0,2,2,sense rank 0 used as a weak lower-is-better signal; tag count/freq 2 used as a weak higher-is-better signal; selected 2 representative lemma(s) from 5 lemma(s) in this synset; lemma choice is heuristic; raw Japanese WordNet lemmas are preserved,
drain,3,verb,00451648-v,乾す|干す|排水|流す,乾す|干す,0,1,,sense rank 0 used as a weak lower-is-better signal; tag count/freq 1 used as a weak higher-is-better signal; selected 2 representative lemma(s) from 4 lemma(s) in this synset; lemma choice is heuristic; raw Japanese WordNet lemmas are preserved,
drain,3,verb,01158022-v,枯渇させる|涸す|涸らす,涸す|涸らす,0,1,,sense rank 0 used as a weak lower-is-better signal; tag count/freq 1 used as a weak higher-is-better signal; selected 2 representative lemma(s) from 3 lemma(s) in this synset; lemma choice is heuristic; raw Japanese WordNet lemmas are preserved,
drain,3,verb,00389638-v,弱める,弱める,0,0,,sense rank 0 used as a weak lower-is-better signal; tag count/freq 0 used as a weak higher-is-better signal; selected 1 representative lemma(s) from 1 lemma(s) in this synset; lemma choice is heuristic; raw Japanese WordNet lemmas are preserved,
sword,3,noun,04373894-n,どす|ソード|人切り包丁|兵刃|刀|刀刃|刀剣|剣|剣太刀|大刀|太刀|打ち太刀|打太刀|新刀|段びら|段平|殺人刀|男の魂|神剣|腰のもの|腰の物,兵刃|刀刃,0,9,1,sense rank 0 used as a weak lower-is-better signal; tag count/freq 9 used as a weak higher-is-better signal; selected 2 representative lemma(s) from 21 lemma(s) in this synset; lemma choice is heuristic; raw Japanese WordNet lemmas are preserved,many-lemmas-in-synset
demonstrator,3,noun,10003120-n,デモンストレータ|デモンストレーター|実地授業助手|実地教授者,実地教授者|実地授業助手,0,1,1,sense rank 0 used as a weak lower-is-better signal; tag count/freq 1 used as a weak higher-is-better signal; selected 2 representative lemma(s) from 4 lemma(s) in this synset; lemma choice is heuristic; raw Japanese WordNet lemmas are preserved,
demonstrator,3,noun,10002760-n,デモンストレータ|デモンストレーター,デモンストレータ|デモンストレーター,0,0,2,sense rank 0 used as a weak lower-is-better signal; tag count/freq 0 used as a weak higher-is-better signal; selected 2 representative lemma(s) from 2 lemma(s) in this synset; lemma choice is heuristic; raw Japanese WordNet lemmas are preserved,
demonstrator,3,noun,10002982-n,デモンストレーター,デモンストレーター,0,0,3,sense rank 0 used as a weak lower-is-better signal; tag count/freq 0 used as a weak higher-is-better signal; selected 1 representative lemma(s) from 1 lemma(s) in this synset; lemma choice is heuristic; raw Japanese WordNet lemmas are preserved,
say,3,verb,01009240-v,いう|おっしゃる|もうし上げる|もの申す|云う|仰しゃる|仰せられる|仰っしゃる|仰る|仰有る|啓する|啓上|喋る|宣う|曰う|物申す|物語る|申しあげる|申し上げる|申し述べる|申す|申上げる|申述べる|発する|発言|発語|言い表す|言い表わす|言う|言上|言表す|話す|語る|謂う|述べる|陳じる|陳ずる|陳べる|陳述,云う|仰る,0,1861,1,sense rank 0 used as a weak lower-is-better signal; tag count/freq 1861 used as a weak higher-is-better signal; selected 2 representative lemma(s) from 39 lemma(s) in this synset; lemma choice is heuristic; raw Japanese WordNet lemmas are preserved,many-lemmas-in-synset
say,3,verb,01016002-v,主張,主張,0,254,3,sense rank 0 used as a weak lower-is-better signal; tag count/freq 254 used as a weak higher-is-better signal; selected 1 representative lemma(s) from 1 lemma(s) in this synset; lemma choice is heuristic; raw Japanese WordNet lemmas are preserved,
say,3,verb,00917300-v,仮定|仮想|想定|看做す|見なす|見做す,看做す|見なす,0,29,,sense rank 0 used as a weak lower-is-better signal; tag count/freq 29 used as a weak higher-is-better signal; selected 2 representative lemma(s) from 6 lemma(s) in this synset; lemma choice is heuristic; raw Japanese WordNet lemmas are preserved,
say,3,verb,00746718-v,下命|下知|令する|仰せつける|仰せ付ける|仰付ける|命じる|命ずる|命令|指令|指揮|指示|指顧|申しつける|申し付ける|申付ける|言いつける|言い付ける|言っつける|言っ付ける|言付ける,命じる|命ずる,0,8,,sense rank 0 used as a weak lower-is-better signal; tag count/freq 8 used as a weak higher-is-better signal; selected 2 representative lemma(s) from 21 lemma(s) in this synset; lemma choice is heuristic; raw Japanese WordNet lemmas are preserved,many-lemmas-in-synset
say,3,verb,02730813-v,いう|云う|言う|読み取れる|謂う|述べる,云う|言う,0,8,,sense rank 0 used as a weak lower-is-better signal; tag count/freq 8 used as a weak higher-is-better signal; selected 2 representative lemma(s) from 6 lemma(s) in this synset; lemma choice is heuristic; raw Japanese WordNet lemmas are preserved,
say,3,noun,14485526-n,意見,意見,0,0,2,sense rank 0 used as a weak lower-is-better signal; tag count/freq 0 used as a weak higher-is-better signal; selected 1 representative lemma(s) from 1 lemma(s) in this synset; lemma choice is heuristic; raw Japanese WordNet lemmas are preserved,
say,3,verb,00978549-v,いう|云う|発する|発音|言う|謂う,云う|言う,0,4,,sense rank 0 used as a weak lower-is-better signal; tag count/freq 4 used as a weak higher-is-better signal; selected 2 representative lemma(s) from 6 lemma(s) in this synset; lemma choice is heuristic; raw Japanese WordNet lemmas are preserved,
say,3,verb,00928959-v,語る,語る,0,2,,sense rank 0 used as a weak lower-is-better signal; tag count/freq 2 used as a weak higher-is-better signal; selected 1 representative lemma(s) from 1 lemma(s) in this synset; lemma choice is heuristic; raw Japanese WordNet lemmas are preserved,
say,3,verb,00979870-v,いう|おっしゃる|もうし上げる|云う|仰しゃる|仰せられる|仰っしゃる|仰る|仰有る|喋る|宣う|物申す|申しあげる|申し上げる|申す|申上げる|発語|言う|話す|謂う,云う|仰る,0,1,,sense rank 0 used as a weak lower-is-better signal; tag count/freq 1 used as a weak higher-is-better signal; selected 2 representative lemma(s) from 20 lemma(s) in this synset; lemma choice is heuristic; raw Japanese WordNet lemmas are preserved,many-lemmas-in-synset
say,3,verb,00945499-v,申し上げる|言う,言う|申し上げる,0,0,,sense rank 0 used as a weak lower-is-better signal; tag count/freq 0 used as a weak higher-is-better signal; selected 2 representative lemma(s) from 2 lemma(s) in this synset; lemma choice is heuristic; raw Japanese WordNet lemmas are preserved,
say,3,verb,01009821-v,言う,言う,0,0,,sense rank 0 used as a weak lower-is-better signal; tag count/freq 0 used as a weak higher-is-better signal; selected 1 representative lemma(s) from 1 lemma(s) in this synset; lemma choice is heuristic; raw Japanese WordNet lemmas are preserved,
may,3,noun,15211484-n,五月,五月,0,29,1,sense rank 0 used as a weak lower-is-better signal; tag count/freq 29 used as a weak higher-is-better signal; selected 1 representative lemma(s) from 1 lemma(s) in this synset; lemma choice is heuristic; raw Japanese WordNet lemmas are preserved,
course,3,noun,00884466-n,コース|教科課程|教育課程|課程|講座,課程|講座,0,61,1,sense rank 0 used as a weak lower-is-better signal; tag count/freq 61 used as a weak higher-is-better signal; selected 2 representative lemma(s) from 5 lemma(s) in this synset; lemma choice is heuristic; raw Japanese WordNet lemmas are preserved,
course,3,noun,08377085-n,コース|方向|方角|方針|路線|過程,方向|方角,0,14,,sense rank 0 used as a weak lower-is-better signal; tag count/freq 14 used as a weak higher-is-better signal; selected 2 representative lemma(s) from 6 lemma(s) in this synset; lemma choice is heuristic; raw Japanese WordNet lemmas are preserved,
course,3,noun,08681222-n,コース|水先|流れ|行路|進路|針路,水先|流れ,0,11,,sense rank 0 used as a weak lower-is-better signal; tag count/freq 11 used as a weak higher-is-better signal; selected 2 representative lemma(s) from 6 lemma(s) in this synset; lemma choice is heuristic; raw Japanese WordNet lemmas are preserved,
course,3,noun,00038262-n,やり方|方針|行動様式|遣り方|遣方,方針|遣方,0,9,,sense rank 0 used as a weak lower-is-better signal; tag count/freq 9 used as a weak higher-is-better signal; selected 2 representative lemma(s) from 5 lemma(s) in this synset; lemma choice is heuristic; raw Japanese WordNet lemmas are preserved,
course,3,noun,09387222-n,コース|ルート|径路|水路|経絡|経路|路|路線|軌跡|軌道|迹|逕路|通い路|通った跡|通り路|通り道|通路|通道|進路|道|道筋|雲路,径路|水路,0,5,,sense rank 0 used as a weak lower-is-better signal; tag count/freq 5 used as a weak higher-is-better signal; selected 2 representative lemma(s) from 22 lemma(s) in this synset; lemma choice is heuristic; raw Japanese WordNet lemmas are preserved,many-lemmas-in-synset
course,3,noun,03120029-n,並び,並び,0,0,,sense rank 0 used as a weak lower-is-better signal; tag count/freq 0 used as a weak higher-is-better signal; selected 1 representative lemma(s) from 1 lemma(s) in this synset; lemma choice is heuristic; raw Japanese WordNet lemmas are preserved,
course,3,noun,08238463-n,クラス|コース|学年|学級|年級|教室,学年|学級,0,0,,sense rank 0 used as a weak lower-is-better signal; tag count/freq 0 used as a weak higher-is-better signal; selected 2 representative lemma(s) from 6 lemma(s) in this synset; lemma choice is heuristic; raw Japanese WordNet lemmas are preserved,
course,3,noun,03119790-n,コース,コース,0,0,,sense rank 0 used as a weak lower-is-better signal; tag count/freq 0 used as a weak higher-is-better signal; selected 1 representative lemma(s) from 1 lemma(s) in this synset; lemma choice is heuristic; raw Japanese WordNet lemmas are preserved,
course,3,noun,07556970-n,お皿|皿,お皿|皿,0,0,,sense rank 0 used as a weak lower-is-better signal; tag count/freq 0 used as a weak higher-is-better signal; selected 2 representative lemma(s) from 2 lemma(s) in this synset; lemma choice is heuristic; raw Japanese WordNet lemmas are preserved,
course,3,verb,02066939-v,流れる,流れる,0,0,2,sense rank 0 used as a weak lower-is-better signal; tag count/freq 0 used as a weak higher-is-better signal; selected 1 representative lemma(s) from 1 lemma(s) in this synset; lemma choice is heuristic; raw Japanese WordNet lemmas are preserved,
course,3,adverb,00038625-r,もち|勿論|当然|無論|論なく|論無く,論なく|論無く,0,1,3,sense rank 0 used as a weak lower-is-better signal; tag count/freq 1 used as a weak higher-is-better signal; selected 2 representative lemma(s) from 6 lemma(s) in this synset; lemma choice is heuristic; raw Japanese WordNet lemmas are preserved,
increase,3,verb,00156601-v,増える|増さる|増加|増大|増殖|殖える|益す|繁殖,益す|増える,0,86,1,sense rank 0 used as a weak lower-is-better signal; tag count/freq 86 used as a weak higher-is-better signal; selected 2 representative lemma(s) from 8 lemma(s) in this synset; lemma choice is heuristic; raw Japanese WordNet lemmas are preserved,
increase,3,verb,00153263-v,加える|加増|増す|増やす|増加|増大|増益|大きくする|殖やす|益す,増す|益す,0,61,3,sense rank 0 used as a weak lower-is-better signal; tag count/freq 61 used as a weak higher-is-better signal; selected 2 representative lemma(s) from 10 lemma(s) in this synset; lemma choice is heuristic; raw Japanese WordNet lemmas are preserved,many-lemmas-in-synset
increase,3,noun,13754293-n,加増|加算|増|増し|増分|増加|増加数|増大|追加,加増|加算,0,49,2,sense rank 0 used as a weak lower-is-better signal; tag count/freq 49 used as a weak higher-is-better signal; selected 2 representative lemma(s) from 9 lemma(s) in this synset; lemma choice is heuristic; raw Japanese WordNet lemmas are preserved,
increase,3,noun,07356676-n,上昇|加増|増加|増量|増額|引き上げ|引き揚げ|引上|引上げ|引揚|引揚げ,上昇|加増,0,21,,sense rank 0 used as a weak lower-is-better signal; tag count/freq 21 used as a weak higher-is-better signal; selected 2 representative lemma(s) from 11 lemma(s) in this synset; lemma choice is heuristic; raw Japanese WordNet lemmas are preserved,many-lemmas-in-synset
increase,3,noun,13497135-n,上昇|伸び|伸張|伸暢|伸長|加増|加重|増|増し|増加|増大|増嵩|増殖|増進|延び|拡張|累加|膨脹,上昇|伸び,0,7,,sense rank 0 used as a weak lower-is-better signal; tag count/freq 7 used as a weak higher-is-better signal; selected 2 representative lemma(s) from 18 lemma(s) in this synset; lemma choice is heuristic; raw Japanese WordNet lemmas are preserved,many-lemmas-in-synset
increase,3,noun,00363260-n,加|加増|増|増し|増やし|増加|増量|引き上げ|引き揚げ|引上|引上げ|引揚|引揚げ|累加,加増|増し,0,3,,sense rank 0 used as a weak lower-is-better signal; tag count/freq 3 used as a weak higher-is-better signal; selected 2 representative lemma(s) from 14 lemma(s) in this synset; lemma choice is heuristic; raw Japanese WordNet lemmas are preserved,many-lemmas-in-synset
increase,3,noun,05108947-n,伸び|加増|増|増し|増分|増加|増加分|増大|増進|増量,伸び|加増,0,3,,sense rank 0 used as a weak lower-is-better signal; tag count/freq 3 used as a weak higher-is-better signal; selected 2 representative lemma(s) from 10 lemma(s) in this synset; lemma choice is heuristic; raw Japanese WordNet lemmas are preserved,many-lemmas-in-synset
parent,3,noun,10399491-n,ペアレント|親|親じゃ人|親者人,親者人|親じゃ人,0,35,1,sense rank 0 used as a weak lower-is-better signal; tag count/freq 35 used as a weak higher-is-better signal; selected 2 representative lemma(s) from 4 lemma(s) in this synset; lemma choice is heuristic; raw Japanese WordNet lemmas are preserved,
parent,3,verb,02539788-v,はぐくみ育てる|やしない育てる|扶育|扶養|育くむ|育てる|育て上げる|育みそだてる|育み育てる|育む|育成|育生|鞠育|養い育てる|養う|養育|養育てる,育む|養う,0,0,2,sense rank 0 used as a weak lower-is-better signal; tag count/freq 0 used as a weak higher-is-better signal; selected 2 representative lemma(s) from 17 lemma(s) in this synset; lemma choice is heuristic; raw Japanese WordNet lemmas are preserved,many-lemmas-in-synset
development,3,noun,00250259-n,発展させること,発展させること,0,52,1,sense rank 0 used as a weak lower-is-better signal; tag count/freq 52 used as a weak higher-is-better signal; selected 1 representative lemma(s) from 1 lemma(s) in this synset; lemma choice is heuristic; raw Japanese WordNet lemmas are preserved,
development,3,noun,13464820-n,エボリューション|エヴォリューション|展開|発展|発達|進化|進展|進歩,展開|発展,0,46,2,sense rank 0 used as a weak lower-is-better signal; tag count/freq 46 used as a weak higher-is-better signal; selected 2 representative lemma(s) from 8 lemma(s) in this synset; lemma choice is heuristic; raw Japanese WordNet lemmas are preserved,
development,3,noun,13489037-n,個体発生|化生|増殖|成熟|成育|成長|生育|生長|発育|発達|育ち,化生|増殖,0,11,3,sense rank 0 used as a weak lower-is-better signal; tag count/freq 11 used as a weak higher-is-better signal; selected 2 representative lemma(s) from 11 lemma(s) in this synset; lemma choice is heuristic; raw Japanese WordNet lemmas are preserved,many-lemmas-in-synset
development,3,noun,00948206-n,開拓|開発,開拓|開発,0,7,,sense rank 0 used as a weak lower-is-better signal; tag count/freq 7 used as a weak higher-is-better signal; selected 2 representative lemma(s) from 2 lemma(s) in this synset; lemma choice is heuristic; raw Japanese WordNet lemmas are preserved,
development,3,noun,08549070-n,造成地,造成地,0,6,,sense rank 0 used as a weak lower-is-better signal; tag count/freq 6 used as a weak higher-is-better signal; selected 1 representative lemma(s) from 1 lemma(s) in this synset; lemma choice is heuristic; raw Japanese WordNet lemmas are preserved,
development,3,noun,14422871-n,駒の展開,駒の展開,0,4,,sense rank 0 used as a weak lower-is-better signal; tag count/freq 4 used as a weak higher-is-better signal; selected 1 representative lemma(s) from 1 lemma(s) in this synset; lemma choice is heuristic; raw Japanese WordNet lemmas are preserved,
development,3,noun,13464557-n,デベロップメント|啓発|展開|成長|現像|生育|発展|発育|発達|経過|進歩|開発|養成,啓発|展開,0,0,,sense rank 0 used as a weak lower-is-better signal; tag count/freq 0 used as a weak higher-is-better signal; selected 2 representative lemma(s) from 13 lemma(s) in this synset; lemma choice is heuristic; raw Japanese WordNet lemmas are preserved,many-lemmas-in-synset
situation,3,noun,13927383-n,シチュエイション|シチュエーション|事態|具合|境遇|局勢|形勢|情勢|情態|情況|時局|景況|様子|様態|状勢|状態|状況|状相|相貌,事態|具合,0,66,1,sense rank 0 used as a weak lower-is-better signal; tag count/freq 66 used as a weak higher-is-better signal; selected 2 representative lemma(s) from 19 lemma(s) in this synset; lemma choice is heuristic; raw Japanese WordNet lemmas are preserved,many-lemmas-in-synset
situation,3,noun,13925752-n,シチュエイション|シチュエーション|シテュエーション|境遇|立場|身の上|身分,境遇|立場,0,18,2,sense rank 0 used as a weak lower-is-better signal; tag count/freq 18 used as a weak higher-is-better signal; selected 2 representative lemma(s) from 7 lemma(s) in this synset; lemma choice is heuristic; raw Japanese WordNet lemmas are preserved,
situation,3,noun,00586262-n,ポジション|ポスト|位地|地位|役職|立場|身分,位地|地位,0,0,3,sense rank 0 used as a weak lower-is-better signal; tag count/freq 0 used as a weak higher-is-better signal; selected 2 representative lemma(s) from 7 lemma(s) in this synset; lemma choice is heuristic; raw Japanese WordNet lemmas are preserved,
situation,3,noun,14411243-n,状況,状況,0,0,,sense rank 0 used as a weak lower-is-better signal; tag count/freq 0 used as a weak higher-is-better signal; selected 1 representative lemma(s) from 1 lemma(s) in this synset; lemma choice is heuristic; raw Japanese WordNet lemmas are preserved,
charge,3,noun,00974762-n,突っ込み|突撃|突貫|突進,突撃|突貫,0,16,1,sense rank 0 used as a weak lower-is-better signal; tag count/freq 16 used as a weak higher-is-better signal; selected 2 representative lemma(s) from 4 lemma(s) in this synset; lemma choice is heuristic; raw Japanese WordNet lemmas are preserved,
charge,3,noun,06561942-n,告発|告訴,告発|告訴,0,13,3,sense rank 0 used as a weak lower-is-better signal; tag count/freq 13 used as a weak higher-is-better signal; selected 2 representative lemma(s) from 2 lemma(s) in this synset; lemma choice is heuristic; raw Japanese WordNet lemmas are preserved,
charge,3,verb,01121719-v,突撃|突貫|突進|襲撃|進撃,突撃|突貫,0,16,2,sense rank 0 used as a weak lower-is-better signal; tag count/freq 16 used as a weak higher-is-better signal; selected 2 representative lemma(s) from 5 lemma(s) in this synset; lemma choice is heuristic; raw Japanese WordNet lemmas are preserved,
charge,3,noun,13306870-n,チャージ|プライス|代|代価|代金|価|価格|値|値段|料|料金|課金,代価|代金,0,4,,sense rank 0 used as a weak lower-is-better signal; tag count/freq 4 used as a weak higher-is-better signal; selected 2 representative lemma(s) from 12 lemma(s) in this synset; lemma choice is heuristic; raw Japanese WordNet lemmas are preserved,many-lemmas-in-synset
charge,3,verb,00843468-v,指弾|責める|難じる,責める|難じる,0,10,,sense rank 0 used as a weak lower-is-better signal; tag count/freq 10 used as a weak higher-is-better signal; selected 2 representative lemma(s) from 3 lemma(s) in this synset; lemma choice is heuristic; raw Japanese WordNet lemmas are preserved,
charge,3,noun,11435028-n,荷電|電荷,荷電|電荷,0,3,,sense rank 0 used as a weak lower-is-better signal; tag count/freq 3 used as a weak higher-is-better signal; selected 2 representative lemma(s) from 2 lemma(s) in this synset; lemma choice is heuristic; raw Japanese WordNet lemmas are preserved,
charge,3,noun,00731222-n,特務,特務,0,2,,sense rank 0 used as a weak lower-is-better signal; tag count/freq 2 used as a weak higher-is-better signal; selected 1 representative lemma(s) from 1 lemma(s) in this synset; lemma choice is heuristic; raw Japanese WordNet lemmas are preserved,
charge,3,noun,00829378-n,後見,後見,0,2,,sense rank 0 used as a weak lower-is-better signal; tag count/freq 2 used as a weak higher-is-better signal; selected 1 representative lemma(s) from 1 lemma(s) in this synset; lemma choice is heuristic; raw Japanese WordNet lemmas are preserved,
charge,3,noun,03008275-n,チャージ|代価|受け持ち|受持ち|容疑|突貫|装填|負担,代価|容疑,0,0,,sense rank 0 used as a weak lower-is-better signal; tag count/freq 0 used as a weak higher-is-better signal; selected 2 representative lemma(s) from 8 lemma(s) in this synset; lemma choice is heuristic; raw Japanese WordNet lemmas are preserved,
charge,3,noun,06730780-n,告発,告発,0,0,,sense rank 0 used as a weak lower-is-better signal; tag count/freq 0 used as a weak higher-is-better signal; selected 1 representative lemma(s) from 1 lemma(s) in this synset; lemma choice is heuristic; raw Japanese WordNet lemmas are preserved,
charge,3,noun,07169480-n,コミッション|上前|作為|取り次ぎ|取次|周旋料|命|命令|職権,上前|作為,0,0,,sense rank 0 used as a weak lower-is-better signal; tag count/freq 0 used as a weak higher-is-better signal; selected 2 representative lemma(s) from 9 lemma(s) in this synset; lemma choice is heuristic; raw Japanese WordNet lemmas are preserved,
charge,3,noun,07190941-n,清算書|請求|請求書,請求|清算書,0,0,,sense rank 0 used as a weak lower-is-better signal; tag count/freq 0 used as a weak higher-is-better signal; selected 2 representative lemma(s) from 3 lemma(s) in this synset; lemma choice is heuristic; raw Japanese WordNet lemmas are preserved,
charge,3,noun,07528470-n,あわただしさ|スリル|快哉|快感|活気|興奮,快哉|快感,0,0,,sense rank 0 used as a weak lower-is-better signal; tag count/freq 0 used as a weak higher-is-better signal; selected 2 representative lemma(s) from 6 lemma(s) in this synset; lemma choice is heuristic; raw Japanese WordNet lemmas are preserved,
charge,3,noun,09185612-n,充電|荷電,充電|荷電,0,0,,sense rank 0 used as a weak lower-is-better signal; tag count/freq 0 used as a weak higher-is-better signal; selected 2 representative lemma(s) from 2 lemma(s) in this synset; lemma choice is heuristic; raw Japanese WordNet lemmas are preserved,
charge,3,noun,13400798-n,チャージ|代価|受け持ち|受持ち|容疑|突貫|負担,代価|容疑,0,0,,sense rank 0 used as a weak lower-is-better signal; tag count/freq 0 used as a weak higher-is-better signal; selected 2 representative lemma(s) from 7 lemma(s) in this synset; lemma choice is heuristic; raw Japanese WordNet lemmas are preserved,
charge,3,verb,02475922-v,仰せつける|仰せ付ける|任じる|任ずる|任命|叙任|命じる|命ずる|嘱託|委任|封ずる|就ける|属託|指名|言いつける|言い付ける|言付ける|託する|選任,任じる|任ずる,0,4,,sense rank 0 used as a weak lower-is-better signal; tag count/freq 4 used as a weak higher-is-better signal; selected 2 representative lemma(s) from 19 lemma(s) in this synset; lemma choice is heuristic; raw Japanese WordNet lemmas are preserved,many-lemmas-in-synset
charge,3,verb,02320374-v,チャージ|請求,請求|チャージ,0,7,,sense rank 0 used as a weak lower-is-better signal; tag count/freq 7 used as a weak higher-is-better signal; selected 2 representative lemma(s) from 2 lemma(s) in this synset; lemma choice is heuristic; raw Japanese WordNet lemmas are preserved,
charge,3,verb,00843959-v,告発|問う|攻撃|突く|責める|難じる,問う|突く,0,3,,sense rank 0 used as a weak lower-is-better signal; tag count/freq 3 used as a weak higher-is-better signal; selected 2 representative lemma(s) from 6 lemma(s) in this synset; lemma choice is heuristic; raw Japanese WordNet lemmas are preserved,
charge,3,verb,02055267-v,突撃|突貫|突進,突撃|突貫,0,6,,sense rank 0 used as a weak lower-is-better signal; tag count/freq 6 used as a weak higher-is-better signal; selected 2 representative lemma(s) from 3 lemma(s) in this synset; lemma choice is heuristic; raw Japanese WordNet lemmas are preserved,
charge,3,verb,01488956-v,充電|申し受ける|被せる,被せる|申し受ける,0,2,,sense rank 0 used as a weak lower-is-better signal; tag count/freq 2 used as a weak higher-is-better signal; selected 2 representative lemma(s) from 3 lemma(s) in this synset; lemma choice is heuristic; raw Japanese WordNet lemmas are preserved,
charge,3,verb,00727991-v,被せる,被せる,0,0,,sense rank 0 used as a weak lower-is-better signal; tag count/freq 0 used as a weak higher-is-better signal; selected 1 representative lemma(s) from 1 lemma(s) in this synset; lemma choice is heuristic; raw Japanese WordNet lemmas are preserved,
charge,3,verb,00750532-v,嘱託|委任|属託|担当させる|託する|負わせる,負わせる|担当させる,0,0,,sense rank 0 used as a weak lower-is-better signal; tag count/freq 0 used as a weak higher-is-better signal; selected 2 representative lemma(s) from 6 lemma(s) in this synset; lemma choice is heuristic; raw Japanese WordNet lemmas are preserved,
charge,3,verb,01152214-v,向ける|差し付ける,向ける|差し付ける,0,0,,sense rank 0 used as a weak lower-is-better signal; tag count/freq 0 used as a weak higher-is-better signal; selected 2 representative lemma(s) from 2 lemma(s) in this synset; lemma choice is heuristic; raw Japanese WordNet lemmas are preserved,
charge,3,verb,01490336-v,充電|搭載|申し受ける|積む|被せる|載積,積む|被せる,0,0,,sense rank 0 used as a weak lower-is-better signal; tag count/freq 0 used as a weak higher-is-better signal; selected 2 representative lemma(s) from 6 lemma(s) in this synset; lemma choice is heuristic; raw Japanese WordNet lemmas are preserved,
charge,3,verb,01685960-v,充電|申し受ける|被せる,被せる|申し受ける,0,0,,sense rank 0 used as a weak lower-is-better signal; tag count/freq 0 used as a weak higher-is-better signal; selected 2 representative lemma(s) from 3 lemma(s) in this synset; lemma choice is heuristic; raw Japanese WordNet lemmas are preserved,
charge,3,verb,02347637-v,預ける,預ける,0,0,,sense rank 0 used as a weak lower-is-better signal; tag count/freq 0 used as a weak higher-is-better signal; selected 1 representative lemma(s) from 1 lemma(s) in this synset; lemma choice is heuristic; raw Japanese WordNet lemmas are preserved,
charge,3,verb,02348568-v,入れる|送る|送込む,送る|入れる,0,0,,sense rank 0 used as a weak lower-is-better signal; tag count/freq 0 used as a weak higher-is-better signal; selected 2 representative lemma(s) from 3 lemma(s) in this synset; lemma choice is heuristic; raw Japanese WordNet lemmas are preserved,
charge,3,verb,00869931-v,告発|訴追,告発|訴追,0,3,,sense rank 0 used as a weak lower-is-better signal; tag count/freq 3 used as a weak higher-is-better signal; selected 2 representative lemma(s) from 2 lemma(s) in this synset; lemma choice is heuristic; raw Japanese WordNet lemmas are preserved,
charge,3,verb,02321046-v,請求,請求,0,1,,sense rank 0 used as a weak lower-is-better signal; tag count/freq 1 used as a weak higher-is-better signal; selected 1 representative lemma(s) from 1 lemma(s) in this synset; lemma choice is heuristic; raw Japanese WordNet lemmas are preserved,
charge,3,verb,00517847-v,チャージ|充電,充電|チャージ,0,0,,sense rank 0 used as a weak lower-is-better signal; tag count/freq 0 used as a weak higher-is-better signal; selected 2 representative lemma(s) from 2 lemma(s) in this synset; lemma choice is heuristic; raw Japanese WordNet lemmas are preserved,
charge,3,verb,00518115-v,充電,充電,0,0,,sense rank 0 used as a weak lower-is-better signal; tag count/freq 0 used as a weak higher-is-better signal; selected 1 representative lemma(s) from 1 lemma(s) in this synset; lemma choice is heuristic; raw Japanese WordNet lemmas are preserved,
charge,3,verb,00700517-v,請求,請求,0,0,,sense rank 0 used as a weak lower-is-better signal; tag count/freq 0 used as a weak higher-is-better signal; selected 1 representative lemma(s) from 1 lemma(s) in this synset; lemma choice is heuristic; raw Japanese WordNet lemmas are preserved,
charge,3,verb,01762528-v,刺激,刺激,0,0,,sense rank 0 used as a weak lower-is-better signal; tag count/freq 0 used as a weak higher-is-better signal; selected 1 representative lemma(s) from 1 lemma(s) in this synset; lemma choice is heuristic; raw Japanese WordNet lemmas are preserved,
