word,level,found,numberOfSynsets,japaneseLemmaCount,meanings,primaryMeaningCandidates,legacyPrimaryMeaningCandidates,reviewFlags
mister,1,true,1,1,"[{""pos"":""noun"",""definitions"":[""-氏""]}]","[{""pos"":""noun"",""definitions"":[""-氏""],""synset"":""06341340-n"",""rankReason"":""sense rank 0 used as a weak lower-is-better signal; tag count/freq 2 used as a weak higher-is-better signal; selected 1 representative lemma(s) from 1 lemma(s) in this synset; lemma choice is heuristic; raw Japanese WordNet lemmas are preserved"",""primaryRank"":1}]","[{""pos"":""noun"",""definition"":""-氏"",""sourceSynsets"":[""06341340-n""]}]",
correctly,1,true,1,6,"[{""pos"":""adverb"",""definitions"":[""しゃんと"",""ちょうど"",""将に"",""正しく"",""正に"",""正確""]}]","[{""pos"":""adverb"",""definitions"":[""正しく"",""正確""],""synset"":""00203922-r"",""rankReason"":""sense rank 0 used as a weak lower-is-better signal; tag count/freq 6 used as a weak higher-is-better signal; selected 2 representative lemma(s) from 6 lemma(s) in this synset; lemma choice is heuristic; raw Japanese WordNet lemmas are preserved"",""primaryRank"":1}]","[{""pos"":""adverb"",""definition"":""しゃんと・ちょうど・将に"",""sourceSynsets"":[""00203922-r""]}]",
keyboard,1,true,2,2,"[{""pos"":""noun"",""definitions"":[""キーボード"",""鍵盤""]}]","[{""pos"":""noun"",""definitions"":[""鍵盤"",""キーボード""],""synset"":""03614007-n"",""rankReason"":""sense rank 0 used as a weak lower-is-better signal; tag count/freq 2 used as a weak higher-is-better signal; selected 2 representative lemma(s) from 2 lemma(s) in this synset; lemma choice is heuristic; raw Japanese WordNet lemmas are preserved"",""primaryRank"":1}]","[{""pos"":""noun"",""definition"":""キーボード・鍵盤"",""sourceSynsets"":[""03613873-n""]},{""pos"":""noun"",""definition"":""キーボード・鍵盤"",""sourceSynsets"":[""03614007-n""]}]",
inspection,1,true,1,18,"[{""pos"":""noun"",""definitions"":[""ご覧"",""インスペクション"",""参観"",""審査"",""御覧"",""査察"",""校閲"",""検問"",""検査"",""検証"",""検閲"",""点検"",""監察"",""監査"",""縦覧"",""視察"",""鑑査"",""閲覧""]}]","[{""pos"":""noun"",""definitions"":[""審査"",""検査""],""synset"":""00879271-n"",""rankReason"":""sense rank 0 used as a weak lower-is-better signal; tag count/freq 10 used as a weak higher-is-better signal; selected 2 representative lemma(s) from 18 lemma(s) in this synset; lemma choice is heuristic; raw Japanese WordNet lemmas are preserved"",""primaryRank"":1}]","[{""pos"":""noun"",""definition"":""ご覧・インスペクション・参観"",""sourceSynsets"":[""00879271-n""]}]",many-japanese-lemmas|sense-level-review-flags
advisor,1,true,1,12,"[{""pos"":""noun"",""definitions"":[""アドバイザー"",""アドヴァイザー"",""カウンセラー"",""コンサルタント"",""助言者"",""参謀"",""相談役"",""補佐人"",""補弼"",""輔弼"",""顧問"",""顧問官""]}]","[{""pos"":""noun"",""definitions"":[""顧問"",""相談役""],""synset"":""09774266-n"",""rankReason"":""sense rank 0 used as a weak lower-is-better signal; tag count/freq 1 used as a weak higher-is-better signal; selected 2 representative lemma(s) from 12 lemma(s) in this synset; lemma choice is heuristic; raw Japanese WordNet lemmas are preserved"",""primaryRank"":1}]","[{""pos"":""noun"",""definition"":""アドバイザー・アドヴァイザー・カウンセラー"",""sourceSynsets"":[""09774266-n""]}]",many-japanese-lemmas|sense-level-review-flags
quit,1,true,5,64,"[{""pos"":""verb"",""definitions"":[""ギブアップ"",""万歳"",""参る"",""思断つ"",""断念"",""棄権"",""絶念"",""観念"",""諦める"",""降参"",""去る"",""引き上げる"",""引き下がる"",""引き払う"",""引き揚げる"",""引上げる"",""引下がる"",""立ちさる"",""立ち去る"",""立去る"",""辞す"",""辞する"",""退去"",""退散"",""離れさる"",""離れる"",""離れ去る"",""離去る"",""捨てる"",""断つ"",""絶つ"",""下りる"",""罷める"",""辞める"",""辞任"",""辞職"",""退く"",""退陣"",""降りる"",""うち切り"",""とり止まる"",""とり止める"",""ほうる"",""ストップ"",""中止"",""停める"",""停止"",""取りやめる"",""取り止める"",""取止める"",""廃す"",""廃する"",""打ち切り"",""打ち切る"",""抛る"",""措く"",""放る"",""断ちきる"",""止す"",""止める"",""止らす"",""留める"",""終える"",""置く""]}]","[{""pos"":""verb"",""definitions"":[""止める"",""廃す""],""synset"":""02680814-v"",""rankReason"":""sense rank 0 used as a weak lower-is-better signal; tag count/freq 13 used as a weak higher-is-better signal; selected 2 representative lemma(s) from 27 lemma(s) in this synset; lemma choice is heuristic; raw Japanese WordNet lemmas are preserved"",""primaryRank"":1},{""pos"":""verb"",""definitions"":[""去る"",""離れる""],""synset"":""02008396-v"",""rankReason"":""sense rank 0 used as a weak lower-is-better signal; tag count/freq 1 used as a weak higher-is-better signal; selected 2 representative lemma(s) from 18 lemma(s) in this synset; lemma choice is heuristic; raw Japanese WordNet lemmas are preserved"",""primaryRank"":2},{""pos"":""verb"",""definitions"":[""辞める"",""辞す""],""synset"":""02382367-v"",""rankReason"":""sense rank 0 used as a weak lower-is-better signal; tag count/freq 1 used as a weak higher-is-better signal; selected 2 representative lemma(s) from 10 lemma(s) in this synset; lemma choice is heuristic; raw Japanese WordNet lemmas are preserved"",""primaryRank"":3}]","[{""pos"":""verb"",""definition"":""ギブアップ・万歳・参る"",""sourceSynsets"":[""01083044-v""]},{""pos"":""verb"",""definition"":""去る・引き上げる・引き下がる"",""sourceSynsets"":[""02008396-v""]},{""pos"":""verb"",""definition"":""捨てる・断つ・絶つ"",""sourceSynsets"":[""02227487-v""]}]",many-japanese-lemmas|primary-candidates-truncated|sense-level-review-flags
lounge,1,true,4,29,"[{""pos"":""verb"",""definitions"":[""うろうろ"",""うろつく"",""ごろつく"",""さ迷う"",""ぶらつく"",""ぶらぶらする"",""ほっつく"",""ほつき歩く"",""ほつく"",""低回"",""低徊"",""彷徨う"",""彷徨く"",""徘徊""]},{""pos"":""noun"",""definitions"":[""ウェイティングルーム"",""ウエイティングルーム"",""ウエーティングルーム"",""ラウンジ"",""ロビー"",""待ち合い室"",""待ち合い所"",""待合室"",""カウチ"",""ソファ"",""ソファー"",""寝いす"",""寝椅子"",""長いす"",""長椅子""]}]","[{""pos"":""noun"",""definitions"":[""待合室"",""待ち合い室""],""synset"":""03691817-n"",""rankReason"":""sense rank 0 used as a weak lower-is-better signal; tag count/freq 0 used as a weak higher-is-better signal; selected 2 representative lemma(s) from 8 lemma(s) in this synset; lemma choice is heuristic; raw Japanese WordNet lemmas are preserved"",""primaryRank"":1},{""pos"":""verb"",""definitions"":[""うろつく"",""ぶらつく""],""synset"":""02639075-v"",""rankReason"":""sense rank 0 used as a weak lower-is-better signal; tag count/freq 0 used as a weak higher-is-better signal; selected 2 representative lemma(s) from 14 lemma(s) in this synset; lemma choice is heuristic; raw Japanese WordNet lemmas are preserved"",""primaryRank"":2},{""pos"":""noun"",""definitions"":[""ソファ"",""寝いす""],""synset"":""04256520-n"",""rankReason"":""sense rank 0 used as a weak lower-is-better signal; tag count/freq 0 used as a weak higher-is-better signal; selected 2 representative lemma(s) from 7 lemma(s) in this synset; lemma choice is heuristic; raw Japanese WordNet lemmas are preserved"",""primaryRank"":3}]","[{""pos"":""noun"",""definition"":""ウェイティングルーム・ウエイティングルーム・ウエーティングルーム"",""sourceSynsets"":[""03691817-n""]},{""pos"":""noun"",""definition"":""カウチ・ソファ・ソファー"",""sourceSynsets"":[""04256520-n""]},{""pos"":""verb"",""definition"":""うろうろ・うろつく・ごろつく"",""sourceSynsets"":[""02639075-v""]}]",many-japanese-lemmas|sense-level-review-flags
expertise,1,true,1,2,"[{""pos"":""noun"",""definitions"":[""熟練さ"",""熟練していること""]}]","[{""pos"":""noun"",""definitions"":[""熟練さ"",""熟練していること""],""synset"":""05640729-n"",""rankReason"":""sense rank 0 used as a weak lower-is-better signal; tag count/freq 2 used as a weak higher-is-better signal; selected 2 representative lemma(s) from 2 lemma(s) in this synset; lemma choice is heuristic; raw Japanese WordNet lemmas are preserved"",""primaryRank"":1}]","[{""pos"":""noun"",""definition"":""熟練さ・熟練していること"",""sourceSynsets"":[""05640729-n""]}]",
garment,1,true,2,3,"[{""pos"":""verb"",""definitions"":[""衣服を着せる""]},{""pos"":""noun"",""definitions"":[""お召し物"",""御召し物""]}]","[{""pos"":""noun"",""definitions"":[""お召し物"",""御召し物""],""synset"":""03419014-n"",""rankReason"":""sense rank 0 used as a weak lower-is-better signal; tag count/freq 4 used as a weak higher-is-better signal; selected 2 representative lemma(s) from 2 lemma(s) in this synset; lemma choice is heuristic; raw Japanese WordNet lemmas are preserved"",""primaryRank"":1},{""pos"":""verb"",""definitions"":[""衣服を着せる""],""synset"":""00047945-v"",""rankReason"":""sense rank 0 used as a weak lower-is-better signal; tag count/freq 0 used as a weak higher-is-better signal; selected 1 representative lemma(s) from 1 lemma(s) in this synset; lemma choice is heuristic; raw Japanese WordNet lemmas are preserved"",""primaryRank"":2}]","[{""pos"":""noun"",""definition"":""お召し物・御召し物"",""sourceSynsets"":[""03419014-n""]},{""pos"":""verb"",""definition"":""衣服を着せる"",""sourceSynsets"":[""00047945-v""]}]",
spacious,1,true,2,20,"[{""pos"":""adjective"",""definitions"":[""広々とした"",""広い"",""広やか"",""広広とした"",""弘い"",""手広い"",""ワイド"",""宏闊"",""広漠たる"",""広遠"",""広闊"",""弘遠"",""快豁"",""快闊"",""浩々たる"",""浩浩たる"",""浩渺たる"",""空豁"",""空闊"",""蕩然たる""]}]","[{""pos"":""adjective"",""definitions"":[""広い"",""手広い""],""synset"":""01384212-a"",""rankReason"":""sense rank 0 used as a weak lower-is-better signal; tag count/freq 2 used as a weak higher-is-better signal; selected 2 representative lemma(s) from 18 lemma(s) in this synset; lemma choice is heuristic; raw Japanese WordNet lemmas are preserved"",""primaryRank"":1}]","[{""pos"":""adjective"",""definition"":""広々とした・広い・広やか"",""sourceSynsets"":[""00476249-a""]},{""pos"":""adjective"",""definition"":""ワイド・宏闊・広い"",""sourceSynsets"":[""01384212-a""]}]",many-japanese-lemmas|sense-level-review-flags
durable,1,true,3,3,"[{""pos"":""adjective"",""definitions"":[""丈夫"",""永続的"",""長持ちする""]}]","[{""pos"":""adjective"",""definitions"":[""丈夫"",""永続的""],""synset"":""01439496-a"",""rankReason"":""sense rank 0 used as a weak lower-is-better signal; tag count/freq 1 used as a weak higher-is-better signal; selected 2 representative lemma(s) from 2 lemma(s) in this synset; lemma choice is heuristic; raw Japanese WordNet lemmas are preserved"",""primaryRank"":1},{""pos"":""adjective"",""definitions"":[""長持ちする""],""synset"":""02124096-a"",""rankReason"":""sense rank 0 used as a weak lower-is-better signal; tag count/freq 0 used as a weak higher-is-better signal; selected 1 representative lemma(s) from 1 lemma(s) in this synset; lemma choice is heuristic; raw Japanese WordNet lemmas are preserved"",""primaryRank"":2}]","[{""pos"":""adjective"",""definition"":""丈夫・永続的"",""sourceSynsets"":[""01439496-a""]},{""pos"":""adjective"",""definition"":""長持ちする"",""sourceSynsets"":[""02124096-a""]}]",
purse,1,true,6,18,"[{""pos"":""verb"",""definitions"":[""口をすぼめる"",""皺む"",""皺める"",""窄める"",""縮らす"",""縮れる""]},{""pos"":""noun"",""definitions"":[""ハンドバック"",""ハンドバッグ"",""がま口"",""パース"",""蝦蟇口"",""蟇口"",""財嚢"",""財布"",""金入"",""金入れ"",""銭入"",""銭入れ""]}]","[{""pos"":""noun"",""definitions"":[""ハンドバッグ"",""ハンドバック""],""synset"":""02774152-n"",""rankReason"":""sense rank 0 used as a weak lower-is-better signal; tag count/freq 5 used as a weak higher-is-better signal; selected 2 representative lemma(s) from 2 lemma(s) in this synset; lemma choice is heuristic; raw Japanese WordNet lemmas are preserved"",""primaryRank"":1},{""pos"":""verb"",""definitions"":[""口をすぼめる""],""synset"":""00145902-v"",""rankReason"":""sense rank 0 used as a weak lower-is-better signal; tag count/freq 2 used as a weak higher-is-better signal; selected 1 representative lemma(s) from 1 lemma(s) in this synset; lemma choice is heuristic; raw Japanese WordNet lemmas are preserved"",""primaryRank"":2},{""pos"":""noun"",""definitions"":[""財布"",""金入""],""synset"":""04026417-n"",""rankReason"":""sense rank 0 used as a weak lower-is-better signal; tag count/freq 1 used as a weak higher-is-better signal; selected 2 representative lemma(s) from 10 lemma(s) in this synset; lemma choice is heuristic; raw Japanese WordNet lemmas are preserved"",""primaryRank"":3}]","[{""pos"":""noun"",""definition"":""がま口・パース・蝦蟇口"",""sourceSynsets"":[""04026417-n""]},{""pos"":""noun"",""definition"":""ハンドバック・ハンドバッグ"",""sourceSynsets"":[""02774152-n""]},{""pos"":""noun"",""definition"":""財布"",""sourceSynsets"":[""13413294-n""]}]",many-japanese-lemmas|primary-candidates-truncated|sense-level-review-flags
planner,1,true,2,3,"[{""pos"":""noun"",""definitions"":[""プランナー"",""立案者"",""計画者""]}]","[{""pos"":""noun"",""definitions"":[""立案者"",""計画者""],""synset"":""10438172-n"",""rankReason"":""sense rank 0 used as a weak lower-is-better signal; tag count/freq 4 used as a weak higher-is-better signal; selected 2 representative lemma(s) from 3 lemma(s) in this synset; lemma choice is heuristic; raw Japanese WordNet lemmas are preserved"",""primaryRank"":1}]","[{""pos"":""noun"",""definition"":""プランナー・立案者・計画者"",""sourceSynsets"":[""10438172-n""]}]",
facilitate,1,true,3,13,"[{""pos"":""verb"",""definitions"":[""和らげる"",""楽にする"",""緩和"",""軽減"",""助ける"",""役だつ"",""役立つ"",""手だすけ"",""手助"",""手助け"",""扶く"",""扶ける"",""資する""]}]","[{""pos"":""verb"",""definitions"":[""和らげる"",""楽にする""],""synset"":""00518395-v"",""rankReason"":""sense rank 0 used as a weak lower-is-better signal; tag count/freq 5 used as a weak higher-is-better signal; selected 2 representative lemma(s) from 4 lemma(s) in this synset; lemma choice is heuristic; raw Japanese WordNet lemmas are preserved"",""primaryRank"":1},{""pos"":""verb"",""definitions"":[""助ける"",""役立つ""],""synset"":""02735897-v"",""rankReason"":""sense rank 0 used as a weak lower-is-better signal; tag count/freq 0 used as a weak higher-is-better signal; selected 2 representative lemma(s) from 9 lemma(s) in this synset; lemma choice is heuristic; raw Japanese WordNet lemmas are preserved"",""primaryRank"":2}]","[{""pos"":""verb"",""definition"":""和らげる・楽にする・緩和"",""sourceSynsets"":[""00518395-v""]},{""pos"":""verb"",""definition"":""助ける・役だつ・役立つ"",""sourceSynsets"":[""02735897-v""]}]",many-japanese-lemmas
satisfactory,1,true,2,9,"[{""pos"":""adjective"",""definitions"":[""充分"",""十分"",""満足"",""優良"",""宜しい"",""思わしい"",""結構"",""良い"",""良好""]}]","[{""pos"":""adjective"",""definitions"":[""良い"",""宜しい""],""synset"":""02080577-a"",""rankReason"":""sense rank 0 used as a weak lower-is-better signal; tag count/freq 14 used as a weak higher-is-better signal; selected 2 representative lemma(s) from 9 lemma(s) in this synset; lemma choice is heuristic; raw Japanese WordNet lemmas are preserved"",""primaryRank"":1},{""pos"":""adjective"",""definitions"":[""充分"",""十分""],""synset"":""01124768-a"",""rankReason"":""sense rank 0 used as a weak lower-is-better signal; tag count/freq 7 used as a weak higher-is-better signal; selected 2 representative lemma(s) from 3 lemma(s) in this synset; lemma choice is heuristic; raw Japanese WordNet lemmas are preserved"",""primaryRank"":2}]","[{""pos"":""adjective"",""definition"":""充分・十分・満足"",""sourceSynsets"":[""01124768-a""]},{""pos"":""adjective"",""definition"":""優良・充分・十分"",""sourceSynsets"":[""02080577-a""]}]",
authorization,1,true,4,22,"[{""pos"":""noun"",""definitions"":[""オーソライズ"",""免許"",""公認"",""認可"",""認定"",""お墨付き"",""御墨付き"",""裁可"",""裁許"",""委任"",""権"",""権力"",""権能"",""権限"",""決定権"",""命"",""命令"",""承認"",""指し図"",""指図"",""授権"",""許可""]}]","[{""pos"":""noun"",""definitions"":[""承認"",""許可""],""synset"":""06556481-n"",""rankReason"":""sense rank 0 used as a weak lower-is-better signal; tag count/freq 5 used as a weak higher-is-better signal; selected 2 representative lemma(s) from 13 lemma(s) in this synset; lemma choice is heuristic; raw Japanese WordNet lemmas are preserved"",""primaryRank"":1},{""pos"":""noun"",""definitions"":[""認可"",""免許""],""synset"":""01138670-n"",""rankReason"":""sense rank 0 used as a weak lower-is-better signal; tag count/freq 0 used as a weak higher-is-better signal; selected 2 representative lemma(s) from 5 lemma(s) in this synset; lemma choice is heuristic; raw Japanese WordNet lemmas are preserved"",""primaryRank"":2},{""pos"":""noun"",""definitions"":[""委任"",""権力""],""synset"":""05196582-n"",""rankReason"":""sense rank 0 used as a weak lower-is-better signal; tag count/freq 0 used as a weak higher-is-better signal; selected 2 representative lemma(s) from 6 lemma(s) in this synset; lemma choice is heuristic; raw Japanese WordNet lemmas are preserved"",""primaryRank"":3}]","[{""pos"":""noun"",""definition"":""オーソライズ・免許・公認"",""sourceSynsets"":[""01138670-n""]},{""pos"":""noun"",""definition"":""お墨付き・オーソライズ・免許"",""sourceSynsets"":[""05176607-n""]},{""pos"":""noun"",""definition"":""委任・権・権力"",""sourceSynsets"":[""05196582-n""]}]",many-japanese-lemmas|heavy-duplicate-japanese-lemmas|primary-candidates-truncated|sense-level-review-flags
compile,1,true,3,35,"[{""pos"":""verb"",""definitions"":[""まとめ上げる"",""大成"",""撰する"",""撰ぶ"",""撰む"",""撰修"",""構成"",""組み上げる"",""編む"",""編緝"",""編輯"",""編集"",""纒め上げる"",""纒上げる"",""集大成"",""集成"",""ため込む"",""コレクト"",""収集"",""取りあつめる"",""取り集める"",""取集める"",""寄せあつめる"",""寄せ集める"",""寄集める"",""拾集"",""採集"",""積みあげる"",""積み上げる"",""積み重ねる"",""纏める"",""蓄積"",""集める"",""集積"",""集結""]}]","[{""pos"":""verb"",""definitions"":[""編む"",""組み上げる""],""synset"":""01626138-v"",""rankReason"":""sense rank 0 used as a weak lower-is-better signal; tag count/freq 3 used as a weak higher-is-better signal; selected 2 representative lemma(s) from 16 lemma(s) in this synset; lemma choice is heuristic; raw Japanese WordNet lemmas are preserved"",""primaryRank"":1},{""pos"":""verb"",""definitions"":[""纏める"",""集める""],""synset"":""02304982-v"",""rankReason"":""sense rank 0 used as a weak lower-is-better signal; tag count/freq 3 used as a weak higher-is-better signal; selected 2 representative lemma(s) from 19 lemma(s) in this synset; lemma choice is heuristic; raw Japanese WordNet lemmas are preserved"",""primaryRank"":2}]","[{""pos"":""verb"",""definition"":""まとめ上げる・大成・撰する"",""sourceSynsets"":[""01626138-v""]},{""pos"":""verb"",""definition"":""ため込む・コレクト・収集"",""sourceSynsets"":[""02304982-v""]}]",many-japanese-lemmas|sense-level-review-flags
correction,2,true,7,29,"[{""pos"":""noun"",""definitions"":[""修正"",""修繕"",""修訂"",""加筆"",""匡正"",""手直し"",""改削"",""改善"",""改正"",""斧正"",""是正"",""是正措置"",""更正"",""更訂"",""校訂"",""校閲"",""添削"",""直し"",""直し物"",""矯正"",""筆削"",""補正"",""規正"",""訂正"",""懲らしめ"",""懲戒"",""懲罰"",""誅罰"",""折檻""]}]","[{""pos"":""noun"",""definitions"":[""修正"",""訂正""],""synset"":""00258854-n"",""rankReason"":""sense rank 0 used as a weak lower-is-better signal; tag count/freq 2 used as a weak higher-is-better signal; selected 2 representative lemma(s) from 24 lemma(s) in this synset; lemma choice is heuristic; raw Japanese WordNet lemmas are preserved"",""primaryRank"":1},{""pos"":""noun"",""definitions"":[""訂正""],""synset"":""06428537-n"",""rankReason"":""sense rank 0 used as a weak lower-is-better signal; tag count/freq 1 used as a weak higher-is-better signal; selected 1 representative lemma(s) from 1 lemma(s) in this synset; lemma choice is heuristic; raw Japanese WordNet lemmas are preserved"",""primaryRank"":2},{""pos"":""noun"",""definitions"":[""補正""],""synset"":""13755957-n"",""rankReason"":""sense rank 0 used as a weak lower-is-better signal; tag count/freq 1 used as a weak higher-is-better signal; selected 1 representative lemma(s) from 1 lemma(s) in this synset; lemma choice is heuristic; raw Japanese WordNet lemmas are preserved"",""primaryRank"":3}]","[{""pos"":""noun"",""definition"":""修正・修繕・修訂"",""sourceSynsets"":[""00258854-n""]},{""pos"":""noun"",""definition"":""懲らしめ・懲戒・懲罰"",""sourceSynsets"":[""01161821-n""]},{""pos"":""noun"",""definition"":""懲らしめ・折檻"",""sourceSynsets"":[""06714288-n""]}]",many-japanese-lemmas|primary-candidates-truncated|sense-level-review-flags
compatible,2,true,3,8,"[{""pos"":""adjective"",""definitions"":[""コンパチ"",""コンパチブル"",""互換の"",""互換性のある"",""互換性のない"",""互換的"",""非互換の"",""非互換的""]}]","[{""pos"":""adjective"",""definitions"":[""互換的"",""互換の""],""synset"":""00509039-a"",""rankReason"":""sense rank 0 used as a weak lower-is-better signal; tag count/freq 1 used as a weak higher-is-better signal; selected 2 representative lemma(s) from 8 lemma(s) in this synset; lemma choice is heuristic; raw Japanese WordNet lemmas are preserved"",""primaryRank"":1}]","[{""pos"":""adjective"",""definition"":""コンパチ・コンパチブル・互換の"",""sourceSynsets"":[""00509039-a""]}]",
bye,2,true,2,4,"[{""pos"":""noun"",""definitions"":[""おさらば"",""オールボアール"",""左様なら"",""パス""]}]","[{""pos"":""noun"",""definitions"":[""左様なら"",""おさらば""],""synset"":""06629610-n"",""rankReason"":""sense rank 0 used as a weak lower-is-better signal; tag count/freq 0 used as a weak higher-is-better signal; selected 2 representative lemma(s) from 3 lemma(s) in this synset; lemma choice is heuristic; raw Japanese WordNet lemmas are preserved"",""primaryRank"":1},{""pos"":""noun"",""definitions"":[""パス""],""synset"":""07176499-n"",""rankReason"":""sense rank 0 used as a weak lower-is-better signal; tag count/freq 0 used as a weak higher-is-better signal; selected 1 representative lemma(s) from 1 lemma(s) in this synset; lemma choice is heuristic; raw Japanese WordNet lemmas are preserved"",""primaryRank"":2}]","[{""pos"":""noun"",""definition"":""おさらば・オールボアール・左様なら"",""sourceSynsets"":[""06629610-n""]},{""pos"":""noun"",""definition"":""パス"",""sourceSynsets"":[""07176499-n""]}]",
dealership,2,true,1,1,"[{""pos"":""noun"",""definitions"":[""フランチャイズ""]}]","[{""pos"":""noun"",""definitions"":[""フランチャイズ""],""synset"":""08060193-n"",""rankReason"":""sense rank 0 used as a weak lower-is-better signal; tag count/freq 0 used as a weak higher-is-better signal; selected 1 representative lemma(s) from 1 lemma(s) in this synset; lemma choice is heuristic; raw Japanese WordNet lemmas are preserved"",""primaryRank"":1}]","[{""pos"":""noun"",""definition"":""フランチャイズ"",""sourceSynsets"":[""08060193-n""]}]",
enthusiasm,2,true,3,23,"[{""pos"":""noun"",""definitions"":[""あふれる元気"",""ほとばしる元気"",""情熱"",""意慾"",""熱"",""熱心"",""熱情"",""熱意"",""熱狂"",""いき込み"",""強い興味"",""忘我"",""意気ごみ"",""意気組み"",""意気込み"",""気勢"",""気組み"",""気込み"",""熱中"",""熱気"",""熱血"",""狂熱"",""興奮""]}]","[{""pos"":""noun"",""definitions"":[""情熱"",""意慾""],""synset"":""04634540-n"",""rankReason"":""sense rank 0 used as a weak lower-is-better signal; tag count/freq 5 used as a weak higher-is-better signal; selected 2 representative lemma(s) from 9 lemma(s) in this synset; lemma choice is heuristic; raw Japanese WordNet lemmas are preserved"",""primaryRank"":1},{""pos"":""noun"",""definitions"":[""忘我"",""情熱""],""synset"":""07555014-n"",""rankReason"":""sense rank 0 used as a weak lower-is-better signal; tag count/freq 5 used as a weak higher-is-better signal; selected 2 representative lemma(s) from 19 lemma(s) in this synset; lemma choice is heuristic; raw Japanese WordNet lemmas are preserved"",""primaryRank"":2},{""pos"":""noun"",""definitions"":[""熱狂"",""熱""],""synset"":""05670343-n"",""rankReason"":""sense rank 0 used as a weak lower-is-better signal; tag count/freq 3 used as a weak higher-is-better signal; selected 2 representative lemma(s) from 2 lemma(s) in this synset; lemma choice is heuristic; raw Japanese WordNet lemmas are preserved"",""primaryRank"":3}]","[{""pos"":""noun"",""definition"":""あふれる元気・ほとばしる元気・情熱"",""sourceSynsets"":[""04634540-n""]},{""pos"":""noun"",""definition"":""いき込み・強い興味・忘我"",""sourceSynsets"":[""07555014-n""]},{""pos"":""noun"",""definition"":""熱・熱狂"",""sourceSynsets"":[""05670343-n""]}]",many-japanese-lemmas|sense-level-review-flags
activate,2,true,5,4,"[{""pos"":""verb"",""definitions"":[""活性化"",""賦活"",""触発"",""誘発""]}]","[{""pos"":""verb"",""definitions"":[""触発"",""誘発""],""synset"":""01643657-v"",""rankReason"":""sense rank 0 used as a weak lower-is-better signal; tag count/freq 3 used as a weak higher-is-better signal; selected 2 representative lemma(s) from 2 lemma(s) in this synset; lemma choice is heuristic; raw Japanese WordNet lemmas are preserved"",""primaryRank"":1},{""pos"":""verb"",""definitions"":[""賦活"",""活性化""],""synset"":""00190682-v"",""rankReason"":""sense rank 0 used as a weak lower-is-better signal; tag count/freq 2 used as a weak higher-is-better signal; selected 2 representative lemma(s) from 2 lemma(s) in this synset; lemma choice is heuristic; raw Japanese WordNet lemmas are preserved"",""primaryRank"":2},{""pos"":""verb"",""definitions"":[""活性化""],""synset"":""00191385-v"",""rankReason"":""sense rank 0 used as a weak lower-is-better signal; tag count/freq 0 used as a weak higher-is-better signal; selected 1 representative lemma(s) from 1 lemma(s) in this synset; lemma choice is heuristic; raw Japanese WordNet lemmas are preserved"",""primaryRank"":3}]","[{""pos"":""verb"",""definition"":""活性化・賦活"",""sourceSynsets"":[""00190682-v""]},{""pos"":""verb"",""definition"":""触発・誘発"",""sourceSynsets"":[""01643657-v""]},{""pos"":""verb"",""definition"":""活性化"",""sourceSynsets"":[""00191385-v""]}]",
resume,2,true,6,41,"[{""pos"":""verb"",""definitions"":[""やり直す"",""仕直す"",""再開"",""続開"",""遣り直す"",""取り戻す"",""取戻す"",""取返す"",""復する"",""かいつまむ"",""かい摘む"",""ダイジェスト"",""抓む"",""掻いつまむ"",""掻い取る"",""掻い摘まむ"",""掻い摘む"",""掻取る"",""掻摘む"",""摘む"",""撮む"",""概括"",""概要を述べる"",""概言"",""略言"",""略説"",""略論"",""略述"",""約言"",""要す"",""要する"",""要略"",""要約""]},{""pos"":""noun"",""definitions"":[""履歴書"",""レジメ"",""レジュメ"",""展望"",""概観"",""約説"",""素描"",""要覧""]}]","[{""pos"":""verb"",""definitions"":[""仕直す"",""やり直す""],""synset"":""00350104-v"",""rankReason"":""sense rank 0 used as a weak lower-is-better signal; tag count/freq 17 used as a weak higher-is-better signal; selected 2 representative lemma(s) from 5 lemma(s) in this synset; lemma choice is heuristic; raw Japanese WordNet lemmas are preserved"",""primaryRank"":1},{""pos"":""noun"",""definitions"":[""展望"",""概観""],""synset"":""06469694-n"",""rankReason"":""sense rank 0 used as a weak lower-is-better signal; tag count/freq 4 used as a weak higher-is-better signal; selected 2 representative lemma(s) from 7 lemma(s) in this synset; lemma choice is heuristic; raw Japanese WordNet lemmas are preserved"",""primaryRank"":2},{""pos"":""noun"",""definitions"":[""履歴書""],""synset"":""06468403-n"",""rankReason"":""sense rank 0 used as a weak lower-is-better signal; tag count/freq 0 used as a weak higher-is-better signal; selected 1 representative lemma(s) from 1 lemma(s) in this synset; lemma choice is heuristic; raw Japanese WordNet lemmas are preserved"",""primaryRank"":3}]","[{""pos"":""noun"",""definition"":""レジメ・レジュメ・展望"",""sourceSynsets"":[""06469694-n""]},{""pos"":""noun"",""definition"":""履歴書"",""sourceSynsets"":[""06468403-n""]},{""pos"":""verb"",""definition"":""やり直す・仕直す・再開"",""sourceSynsets"":[""00350104-v""]}]",many-japanese-lemmas|primary-candidates-truncated|sense-level-review-flags
interactive,2,true,2,2,"[{""pos"":""adjective"",""definitions"":[""相乗的"",""相互作用的""]}]","[{""pos"":""adjective"",""definitions"":[""相乗的""],""synset"":""00623356-a"",""rankReason"":""sense rank 0 used as a weak lower-is-better signal; tag count/freq 0 used as a weak higher-is-better signal; selected 1 representative lemma(s) from 1 lemma(s) in this synset; lemma choice is heuristic; raw Japanese WordNet lemmas are preserved"",""primaryRank"":1},{""pos"":""adjective"",""definitions"":[""相互作用的""],""synset"":""01946439-a"",""rankReason"":""sense rank 0 used as a weak lower-is-better signal; tag count/freq 0 used as a weak higher-is-better signal; selected 1 representative lemma(s) from 1 lemma(s) in this synset; lemma choice is heuristic; raw Japanese WordNet lemmas are preserved"",""primaryRank"":2}]","[{""pos"":""adjective"",""definition"":""相乗的"",""sourceSynsets"":[""00623356-a""]},{""pos"":""adjective"",""definition"":""相互作用的"",""sourceSynsets"":[""01946439-a""]}]",
bound,2,true,17,62,"[{""pos"":""noun"",""definitions"":[""バウンド"",""勢み"",""弾み"",""リミット"",""局限"",""方量"",""極限"",""辺際"",""限り"",""限度"",""限界"",""際涯"",""際限"",""バウンダリ"",""地境"",""地界"",""境"",""境域"",""境界"",""境界線"",""境目"",""疆域"",""疆界"",""経界"",""へり"",""端"",""縁""]},{""pos"":""verb"",""definitions"":[""セーブ"",""セーヴ"",""制約"",""抑える"",""抑制"",""押える"",""押さえる"",""限る"",""限定"",""はね上がる"",""バウンド"",""リバウンド"",""刎ね上がる"",""弾む"",""跳ねあがる"",""跳ねかえる"",""跳ねる"",""跳ね上がる"",""跳ね上る"",""跳ね返る"",""跳び上がる"",""跳び出す"",""跳る"",""跳上がる"",""跳上る"",""跳返る"",""跳ぶ"",""跳躍"",""躍る"",""飛びあがる"",""飛び上がる"",""飛び跳ねる"",""飛上がる"",""飛躍""]},{""pos"":""adjective"",""definitions"":[""縛られた"",""運命的""]}]","[{""pos"":""noun"",""definitions"":[""境界"",""境目""],""synset"":""13903079-n"",""rankReason"":""sense rank 0 used as a weak lower-is-better signal; tag count/freq 1 used as a weak higher-is-better signal; selected 2 representative lemma(s) from 9 lemma(s) in this synset; lemma choice is heuristic; raw Japanese WordNet lemmas are preserved"",""primaryRank"":1},{""pos"":""verb"",""definitions"":[""弾む"",""跳ぶ""],""synset"":""01963942-v"",""rankReason"":""sense rank 0 used as a weak lower-is-better signal; tag count/freq 4 used as a weak higher-is-better signal; selected 2 representative lemma(s) from 12 lemma(s) in this synset; lemma choice is heuristic; raw Japanese WordNet lemmas are preserved"",""primaryRank"":2},{""pos"":""adjective"",""definitions"":[""縛られた""],""synset"":""00252954-a"",""rankReason"":""sense rank 0 used as a weak lower-is-better signal; tag count/freq 4 used as a weak higher-is-better signal; selected 1 representative lemma(s) from 1 lemma(s) in this synset; lemma choice is heuristic; raw Japanese WordNet lemmas are preserved"",""primaryRank"":3}]","[{""pos"":""noun"",""definition"":""バウンド・勢み・弾み"",""sourceSynsets"":[""00120202-n""]},{""pos"":""noun"",""definition"":""リミット・局限・方量"",""sourceSynsets"":[""05124057-n""]},{""pos"":""noun"",""definition"":""バウンダリ・バウンド・リミット"",""sourceSynsets"":[""08512259-n""]}]",many-japanese-lemmas|many-synsets|heavy-duplicate-japanese-lemmas|primary-candidates-truncated|sense-level-review-flags
overcrowd,2,true,2,0,[],[],[],no-japanese-lemmas
decoration,2,true,3,42,"[{""pos"":""noun"",""definitions"":[""修飾"",""勲章"",""装飾"",""飾り付け"",""飾付"",""オーナメント"",""デコレーション"",""化粧"",""壁掛け"",""外装"",""居え物"",""居物"",""拵え"",""据え物"",""据物"",""模様"",""粉飾"",""粧飾"",""置き物"",""置物"",""装具"",""装飾品"",""装飾物"",""飾"",""飾り"",""飾りつけ"",""飾りもの"",""飾り物"",""飾付け"",""飾物"",""シュロの葉"",""メダル"",""リボン"",""大メダル"",""月桂冠"",""栄典"",""桂冠"",""綬"",""胸章"",""褒章"",""褒賞"",""記章""]}]","[{""pos"":""noun"",""definitions"":[""修飾"",""化粧""],""synset"":""03169390-n"",""rankReason"":""sense rank 0 used as a weak lower-is-better signal; tag count/freq 4 used as a weak higher-is-better signal; selected 2 representative lemma(s) from 29 lemma(s) in this synset; lemma choice is heuristic; raw Japanese WordNet lemmas are preserved"",""primaryRank"":1},{""pos"":""noun"",""definitions"":[""修飾"",""勲章""],""synset"":""00262249-n"",""rankReason"":""sense rank 0 used as a weak lower-is-better signal; tag count/freq 0 used as a weak higher-is-better signal; selected 2 representative lemma(s) from 5 lemma(s) in this synset; lemma choice is heuristic; raw Japanese WordNet lemmas are preserved"",""primaryRank"":2},{""pos"":""noun"",""definitions"":[""勲章"",""栄典""],""synset"":""06706676-n"",""rankReason"":""sense rank 0 used as a weak lower-is-better signal; tag count/freq 0 used as a weak higher-is-better signal; selected 2 representative lemma(s) from 13 lemma(s) in this synset; lemma choice is heuristic; raw Japanese WordNet lemmas are preserved"",""primaryRank"":3}]","[{""pos"":""noun"",""definition"":""修飾・勲章・装飾"",""sourceSynsets"":[""00262249-n""]},{""pos"":""noun"",""definition"":""オーナメント・デコレーション・修飾"",""sourceSynsets"":[""03169390-n""]},{""pos"":""noun"",""definition"":""シュロの葉・メダル・リボン"",""sourceSynsets"":[""06706676-n""]}]",many-japanese-lemmas|sense-level-review-flags
matrix,2,true,6,5,"[{""pos"":""noun"",""definitions"":[""基質"",""細胞間物質"",""マトリクス"",""マトリックス"",""行列""]}]","[{""pos"":""noun"",""definitions"":[""行列"",""マトリクス""],""synset"":""08267640-n"",""rankReason"":""sense rank 0 used as a weak lower-is-better signal; tag count/freq 1 used as a weak higher-is-better signal; selected 2 representative lemma(s) from 3 lemma(s) in this synset; lemma choice is heuristic; raw Japanese WordNet lemmas are preserved"",""primaryRank"":1},{""pos"":""noun"",""definitions"":[""基質"",""細胞間物質""],""synset"":""05582305-n"",""rankReason"":""sense rank 0 used as a weak lower-is-better signal; tag count/freq 0 used as a weak higher-is-better signal; selected 2 representative lemma(s) from 2 lemma(s) in this synset; lemma choice is heuristic; raw Japanese WordNet lemmas are preserved"",""primaryRank"":2}]","[{""pos"":""noun"",""definition"":""マトリクス・マトリックス・行列"",""sourceSynsets"":[""08267640-n""]},{""pos"":""noun"",""definition"":""基質・細胞間物質"",""sourceSynsets"":[""05582305-n""]}]",
colonial,2,true,4,1,"[{""pos"":""noun"",""definitions"":[""コロニアル""]}]","[{""pos"":""noun"",""definitions"":[""コロニアル""],""synset"":""09937688-n"",""rankReason"":""sense rank 0 used as a weak lower-is-better signal; tag count/freq 1 used as a weak higher-is-better signal; selected 1 representative lemma(s) from 1 lemma(s) in this synset; lemma choice is heuristic; raw Japanese WordNet lemmas are preserved"",""primaryRank"":1}]","[{""pos"":""noun"",""definition"":""コロニアル"",""sourceSynsets"":[""09937688-n""]}]",
adaptation,2,true,3,8,"[{""pos"":""noun"",""definitions"":[""順応"",""アダプテーション"",""改作"",""翻案"",""即応"",""同化"",""演義"",""適応""]}]","[{""pos"":""noun"",""definitions"":[""改作"",""翻案""],""synset"":""06408779-n"",""rankReason"":""sense rank 0 used as a weak lower-is-better signal; tag count/freq 1 used as a weak higher-is-better signal; selected 2 representative lemma(s) from 3 lemma(s) in this synset; lemma choice is heuristic; raw Japanese WordNet lemmas are preserved"",""primaryRank"":1},{""pos"":""noun"",""definitions"":[""順応""],""synset"":""00193406-n"",""rankReason"":""sense rank 0 used as a weak lower-is-better signal; tag count/freq 0 used as a weak higher-is-better signal; selected 1 representative lemma(s) from 1 lemma(s) in this synset; lemma choice is heuristic; raw Japanese WordNet lemmas are preserved"",""primaryRank"":2},{""pos"":""noun"",""definitions"":[""即応"",""同化""],""synset"":""13427078-n"",""rankReason"":""sense rank 0 used as a weak lower-is-better signal; tag count/freq 0 used as a weak higher-is-better signal; selected 2 representative lemma(s) from 7 lemma(s) in this synset; lemma choice is heuristic; raw Japanese WordNet lemmas are preserved"",""primaryRank"":3}]","[{""pos"":""noun"",""definition"":""アダプテーション・改作・翻案"",""sourceSynsets"":[""06408779-n""]},{""pos"":""noun"",""definition"":""即応・同化・改作"",""sourceSynsets"":[""13427078-n""]},{""pos"":""noun"",""definition"":""順応"",""sourceSynsets"":[""00193406-n""]}]",
equality,2,true,2,18,"[{""pos"":""noun"",""definitions"":[""一律"",""互角"",""同一"",""同格"",""同等"",""均一"",""均等"",""平手"",""平等"",""斉一"",""同値"",""同等性"",""対当"",""平等さ"",""等価"",""等価値"",""等値"",""等量""]}]","[{""pos"":""noun"",""definitions"":[""一律"",""互角""],""synset"":""04747899-n"",""rankReason"":""sense rank 0 used as a weak lower-is-better signal; tag count/freq 2 used as a weak higher-is-better signal; selected 2 representative lemma(s) from 10 lemma(s) in this synset; lemma choice is heuristic; raw Japanese WordNet lemmas are preserved"",""primaryRank"":1},{""pos"":""noun"",""definitions"":[""同一"",""同値""],""synset"":""13946760-n"",""rankReason"":""sense rank 0 used as a weak lower-is-better signal; tag count/freq 1 used as a weak higher-is-better signal; selected 2 representative lemma(s) from 12 lemma(s) in this synset; lemma choice is heuristic; raw Japanese WordNet lemmas are preserved"",""primaryRank"":2}]","[{""pos"":""noun"",""definition"":""一律・互角・同一"",""sourceSynsets"":[""04747899-n""]},{""pos"":""noun"",""definition"":""同一・同値・同格"",""sourceSynsets"":[""13946760-n""]}]",many-japanese-lemmas|sense-level-review-flags
neutral,2,true,8,5,"[{""pos"":""adjective"",""definitions"":[""特徴のない"",""ニュートラル"",""中立の"",""中立的"",""不活性""]}]","[{""pos"":""adjective"",""definitions"":[""中立的"",""ニュートラル""],""synset"":""01615625-a"",""rankReason"":""sense rank 0 used as a weak lower-is-better signal; tag count/freq 5 used as a weak higher-is-better signal; selected 2 representative lemma(s) from 2 lemma(s) in this synset; lemma choice is heuristic; raw Japanese WordNet lemmas are preserved"",""primaryRank"":1},{""pos"":""adjective"",""definitions"":[""中立の"",""ニュートラル""],""synset"":""00732160-a"",""rankReason"":""sense rank 0 used as a weak lower-is-better signal; tag count/freq 3 used as a weak higher-is-better signal; selected 2 representative lemma(s) from 2 lemma(s) in this synset; lemma choice is heuristic; raw Japanese WordNet lemmas are preserved"",""primaryRank"":2},{""pos"":""adjective"",""definitions"":[""特徴のない""],""synset"":""00408284-a"",""rankReason"":""sense rank 0 used as a weak lower-is-better signal; tag count/freq 1 used as a weak higher-is-better signal; selected 1 representative lemma(s) from 1 lemma(s) in this synset; lemma choice is heuristic; raw Japanese WordNet lemmas are preserved"",""primaryRank"":3}]","[{""pos"":""adjective"",""definition"":""ニュートラル・中立の"",""sourceSynsets"":[""00732160-a""]},{""pos"":""adjective"",""definition"":""ニュートラル・中立的"",""sourceSynsets"":[""01615625-a""]},{""pos"":""adjective"",""definition"":""特徴のない"",""sourceSynsets"":[""00408284-a""]}]",primary-candidates-truncated
observer,2,true,2,10,"[{""pos"":""noun"",""definitions"":[""知覚者"",""見る者"",""観察者"",""オブザーバ"",""オブザーバー"",""オブザーヴァー"",""コメンテーター"",""解説者"",""評者"",""評論家""]}]","[{""pos"":""noun"",""definitions"":[""知覚者"",""見る者""],""synset"":""09626589-n"",""rankReason"":""sense rank 0 used as a weak lower-is-better signal; tag count/freq 11 used as a weak higher-is-better signal; selected 2 representative lemma(s) from 3 lemma(s) in this synset; lemma choice is heuristic; raw Japanese WordNet lemmas are preserved"",""primaryRank"":1},{""pos"":""noun"",""definitions"":[""評者"",""解説者""],""synset"":""10369528-n"",""rankReason"":""sense rank 0 used as a weak lower-is-better signal; tag count/freq 9 used as a weak higher-is-better signal; selected 2 representative lemma(s) from 7 lemma(s) in this synset; lemma choice is heuristic; raw Japanese WordNet lemmas are preserved"",""primaryRank"":2}]","[{""pos"":""noun"",""definition"":""知覚者・見る者・観察者"",""sourceSynsets"":[""09626589-n""]},{""pos"":""noun"",""definition"":""オブザーバ・オブザーバー・オブザーヴァー"",""sourceSynsets"":[""10369528-n""]}]",many-japanese-lemmas
inhibition,3,true,4,9,"[{""pos"":""noun"",""definitions"":[""抑制"",""禁止"",""制御"",""制禦"",""制馭"",""圧殺"",""抑圧"",""抑止"",""押さえ""]}]","[{""pos"":""noun"",""definitions"":[""制御"",""制禦""],""synset"":""01070892-n"",""rankReason"":""sense rank 0 used as a weak lower-is-better signal; tag count/freq 3 used as a weak higher-is-better signal; selected 2 representative lemma(s) from 8 lemma(s) in this synset; lemma choice is heuristic; raw Japanese WordNet lemmas are preserved"",""primaryRank"":1},{""pos"":""noun"",""definitions"":[""禁止""],""synset"":""04884072-n"",""rankReason"":""sense rank 0 used as a weak lower-is-better signal; tag count/freq 2 used as a weak higher-is-better signal; selected 1 representative lemma(s) from 1 lemma(s) in this synset; lemma choice is heuristic; raw Japanese WordNet lemmas are preserved"",""primaryRank"":2},{""pos"":""noun"",""definitions"":[""抑制"",""禁止""],""synset"":""00201923-n"",""rankReason"":""sense rank 0 used as a weak lower-is-better signal; tag count/freq 0 used as a weak higher-is-better signal; selected 2 representative lemma(s) from 2 lemma(s) in this synset; lemma choice is heuristic; raw Japanese WordNet lemmas are preserved"",""primaryRank"":3}]","[{""pos"":""noun"",""definition"":""制御・制禦・制馭"",""sourceSynsets"":[""01070892-n""]},{""pos"":""noun"",""definition"":""抑制・禁止"",""sourceSynsets"":[""00201923-n""]},{""pos"":""noun"",""definition"":""禁止"",""sourceSynsets"":[""04884072-n""]}]",primary-candidates-truncated
tract,3,true,4,10,"[{""pos"":""noun"",""definitions"":[""神経経路"",""トラクト"",""パンフ"",""パンフレット"",""ミニコミ"",""冊子"",""小冊"",""小冊子"",""小論文"",""土地""]}]","[{""pos"":""noun"",""definitions"":[""土地""],""synset"":""08673395-n"",""rankReason"":""sense rank 0 used as a weak lower-is-better signal; tag count/freq 3 used as a weak higher-is-better signal; selected 1 representative lemma(s) from 1 lemma(s) in this synset; lemma choice is heuristic; raw Japanese WordNet lemmas are preserved"",""primaryRank"":1},{""pos"":""noun"",""definitions"":[""冊子"",""小冊""],""synset"":""06409290-n"",""rankReason"":""sense rank 0 used as a weak lower-is-better signal; tag count/freq 1 used as a weak higher-is-better signal; selected 2 representative lemma(s) from 8 lemma(s) in this synset; lemma choice is heuristic; raw Japanese WordNet lemmas are preserved"",""primaryRank"":2},{""pos"":""noun"",""definitions"":[""神経経路""],""synset"":""05475878-n"",""rankReason"":""sense rank 0 used as a weak lower-is-better signal; tag count/freq 0 used as a weak higher-is-better signal; selected 1 representative lemma(s) from 1 lemma(s) in this synset; lemma choice is heuristic; raw Japanese WordNet lemmas are preserved"",""primaryRank"":3}]","[{""pos"":""noun"",""definition"":""トラクト・パンフ・パンフレット"",""sourceSynsets"":[""06409290-n""]},{""pos"":""noun"",""definition"":""神経経路"",""sourceSynsets"":[""05475878-n""]},{""pos"":""noun"",""definition"":""土地"",""sourceSynsets"":[""08673395-n""]}]",many-japanese-lemmas
impulse,3,true,6,21,"[{""pos"":""noun"",""definitions"":[""インパルス"",""余勢"",""衝動"",""衝撃"",""調子"",""運動力"",""勢"",""勢い"",""推進力"",""活動電位"",""神経インパルス"",""神経衝撃"",""パルス"",""プルス"",""周波"",""でき心"",""出来心"",""心のはずみ"",""気まぐれ"",""気紛れ"",""衝迫""]}]","[{""pos"":""noun"",""definitions"":[""衝動"",""衝迫""],""synset"":""09180431-n"",""rankReason"":""sense rank 0 used as a weak lower-is-better signal; tag count/freq 10 used as a weak higher-is-better signal; selected 2 representative lemma(s) from 2 lemma(s) in this synset; lemma choice is heuristic; raw Japanese WordNet lemmas are preserved"",""primaryRank"":1},{""pos"":""noun"",""definitions"":[""活動電位"",""神経衝撃""],""synset"":""07308042-n"",""rankReason"":""sense rank 0 used as a weak lower-is-better signal; tag count/freq 2 used as a weak higher-is-better signal; selected 2 representative lemma(s) from 4 lemma(s) in this synset; lemma choice is heuristic; raw Japanese WordNet lemmas are preserved"",""primaryRank"":2},{""pos"":""noun"",""definitions"":[""余勢"",""衝動""],""synset"":""00104249-n"",""rankReason"":""sense rank 0 used as a weak lower-is-better signal; tag count/freq 1 used as a weak higher-is-better signal; selected 2 representative lemma(s) from 6 lemma(s) in this synset; lemma choice is heuristic; raw Japanese WordNet lemmas are preserved"",""primaryRank"":3}]","[{""pos"":""noun"",""definition"":""インパルス・余勢・衝動"",""sourceSynsets"":[""00104249-n""]},{""pos"":""noun"",""definition"":""余勢・勢・勢い"",""sourceSynsets"":[""05035820-n""]},{""pos"":""noun"",""definition"":""インパルス・活動電位・神経インパルス"",""sourceSynsets"":[""07308042-n""]}]",many-japanese-lemmas|primary-candidates-truncated
intervene,3,true,3,7,"[{""pos"":""verb"",""definitions"":[""介入"",""割り込む"",""割込む"",""妨げる"",""妨害"",""干渉"",""邪魔""]}]","[{""pos"":""verb"",""definitions"":[""割込む"",""妨げる""],""synset"":""02538765-v"",""rankReason"":""sense rank 0 used as a weak lower-is-better signal; tag count/freq 4 used as a weak higher-is-better signal; selected 2 representative lemma(s) from 7 lemma(s) in this synset; lemma choice is heuristic; raw Japanese WordNet lemmas are preserved"",""primaryRank"":1}]","[{""pos"":""verb"",""definition"":""介入・割り込む・割込む"",""sourceSynsets"":[""02538765-v""]}]",
sustainable,3,true,1,0,[],[],[],no-japanese-lemmas
drain,3,true,8,22,"[{""pos"":""verb"",""definitions"":[""弱める"",""乾す"",""干す"",""排水"",""流す"",""枯渇させる"",""涸す"",""涸らす"",""流れだす"",""流れ出す"",""流れ出る"",""流出"",""流出す""]},{""pos"":""noun"",""definitions"":[""排水"",""水抜き"",""除水"",""駆水"",""枯渇"",""流出"",""ドレイン"",""排水管"",""放水管"",""明渠"",""雨樋""]}]","[{""pos"":""noun"",""definitions"":[""排水"",""除水""],""synset"":""00396029-n"",""rankReason"":""sense rank 0 used as a weak lower-is-better signal; tag count/freq 1 used as a weak higher-is-better signal; selected 2 representative lemma(s) from 4 lemma(s) in this synset; lemma choice is heuristic; raw Japanese WordNet lemmas are preserved"",""primaryRank"":1},{""pos"":""verb"",""definitions"":[""流出す"",""流れだす""],""synset"":""02071457-v"",""rankReason"":""sense rank 0 used as a weak lower-is-better signal; tag count/freq 2 used as a weak higher-is-better signal; selected 2 representative lemma(s) from 5 lemma(s) in this synset; lemma choice is heuristic; raw Japanese WordNet lemmas are preserved"",""primaryRank"":2},{""pos"":""noun"",""definitions"":[""枯渇"",""流出""],""synset"":""01062255-n"",""rankReason"":""sense rank 0 used as a weak lower-is-better signal; tag count/freq 0 used as a weak higher-is-better signal; selected 2 representative lemma(s) from 2 lemma(s) in this synset; lemma choice is heuristic; raw Japanese WordNet lemmas are preserved"",""primaryRank"":3}]","[{""pos"":""noun"",""definition"":""排水・水抜き・除水"",""sourceSynsets"":[""00396029-n""]},{""pos"":""noun"",""definition"":""ドレイン・排水管・放水管"",""sourceSynsets"":[""03231912-n""]},{""pos"":""noun"",""definition"":""枯渇・流出"",""sourceSynsets"":[""01062255-n""]}]",many-japanese-lemmas|primary-candidates-truncated
sword,3,true,1,21,"[{""pos"":""noun"",""definitions"":[""どす"",""ソード"",""人切り包丁"",""兵刃"",""刀"",""刀刃"",""刀剣"",""剣"",""剣太刀"",""大刀"",""太刀"",""打ち太刀"",""打太刀"",""新刀"",""段びら"",""段平"",""殺人刀"",""男の魂"",""神剣"",""腰のもの"",""腰の物""]}]","[{""pos"":""noun"",""definitions"":[""兵刃"",""刀刃""],""synset"":""04373894-n"",""rankReason"":""sense rank 0 used as a weak lower-is-better signal; tag count/freq 9 used as a weak higher-is-better signal; selected 2 representative lemma(s) from 21 lemma(s) in this synset; lemma choice is heuristic; raw Japanese WordNet lemmas are preserved"",""primaryRank"":1}]","[{""pos"":""noun"",""definition"":""どす・ソード・人切り包丁"",""sourceSynsets"":[""04373894-n""]}]",many-japanese-lemmas|sense-level-review-flags
demonstrator,3,true,3,4,"[{""pos"":""noun"",""definitions"":[""デモンストレータ"",""デモンストレーター"",""実地授業助手"",""実地教授者""]}]","[{""pos"":""noun"",""definitions"":[""実地教授者"",""実地授業助手""],""synset"":""10003120-n"",""rankReason"":""sense rank 0 used as a weak lower-is-better signal; tag count/freq 1 used as a weak higher-is-better signal; selected 2 representative lemma(s) from 4 lemma(s) in this synset; lemma choice is heuristic; raw Japanese WordNet lemmas are preserved"",""primaryRank"":1},{""pos"":""noun"",""definitions"":[""デモンストレータ"",""デモンストレーター""],""synset"":""10002760-n"",""rankReason"":""sense rank 0 used as a weak lower-is-better signal; tag count/freq 0 used as a weak higher-is-better signal; selected 2 representative lemma(s) from 2 lemma(s) in this synset; lemma choice is heuristic; raw Japanese WordNet lemmas are preserved"",""primaryRank"":2},{""pos"":""noun"",""definitions"":[""デモンストレーター""],""synset"":""10002982-n"",""rankReason"":""sense rank 0 used as a weak lower-is-better signal; tag count/freq 0 used as a weak higher-is-better signal; selected 1 representative lemma(s) from 1 lemma(s) in this synset; lemma choice is heuristic; raw Japanese WordNet lemmas are preserved"",""primaryRank"":3}]","[{""pos"":""noun"",""definition"":""デモンストレータ・デモンストレーター・実地授業助手"",""sourceSynsets"":[""10003120-n""]},{""pos"":""noun"",""definition"":""デモンストレータ・デモンストレーター"",""sourceSynsets"":[""10002760-n""]},{""pos"":""noun"",""definition"":""デモンストレーター"",""sourceSynsets"":[""10002982-n""]}]",
say,3,true,12,70,"[{""pos"":""verb"",""definitions"":[""下命"",""下知"",""令する"",""仰せつける"",""仰せ付ける"",""仰付ける"",""命じる"",""命ずる"",""命令"",""指令"",""指揮"",""指示"",""指顧"",""申しつける"",""申し付ける"",""申付ける"",""言いつける"",""言い付ける"",""言っつける"",""言っ付ける"",""言付ける"",""仮定"",""仮想"",""想定"",""看做す"",""見なす"",""見做す"",""語る"",""申し上げる"",""言う"",""いう"",""云う"",""発する"",""発音"",""謂う"",""おっしゃる"",""もうし上げる"",""仰しゃる"",""仰せられる"",""仰っしゃる"",""仰る"",""仰有る"",""喋る"",""宣う"",""物申す"",""申しあげる"",""申す"",""申上げる"",""発語"",""話す"",""もの申す"",""啓する"",""啓上"",""曰う"",""物語る"",""申し述べる"",""申述べる"",""発言"",""言い表す"",""言い表わす"",""言上"",""言表す"",""述べる"",""陳じる"",""陳ずる"",""陳べる"",""陳述"",""主張"",""読み取れる""]},{""pos"":""noun"",""definitions"":[""意見""]}]","[{""pos"":""verb"",""definitions"":[""云う"",""仰る""],""synset"":""01009240-v"",""rankReason"":""sense rank 0 used as a weak lower-is-better signal; tag count/freq 1861 used as a weak higher-is-better signal; selected 2 representative lemma(s) from 39 lemma(s) in this synset; lemma choice is heuristic; raw Japanese WordNet lemmas are preserved"",""primaryRank"":1},{""pos"":""noun"",""definitions"":[""意見""],""synset"":""14485526-n"",""rankReason"":""sense rank 0 used as a weak lower-is-better signal; tag count/freq 0 used as a weak higher-is-better signal; selected 1 representative lemma(s) from 1 lemma(s) in this synset; lemma choice is heuristic; raw Japanese WordNet lemmas are preserved"",""primaryRank"":2},{""pos"":""verb"",""definitions"":[""主張""],""synset"":""01016002-v"",""rankReason"":""sense rank 0 used as a weak lower-is-better signal; tag count/freq 254 used as a weak higher-is-better signal; selected 1 representative lemma(s) from 1 lemma(s) in this synset; lemma choice is heuristic; raw Japanese WordNet lemmas are preserved"",""primaryRank"":3}]","[{""pos"":""noun"",""definition"":""意見"",""sourceSynsets"":[""14485526-n""]},{""pos"":""verb"",""definition"":""下命・下知・令する"",""sourceSynsets"":[""00746718-v""]},{""pos"":""verb"",""definition"":""仮定・仮想・想定"",""sourceSynsets"":[""00917300-v""]}]",many-japanese-lemmas|many-synsets|heavy-duplicate-japanese-lemmas|primary-candidates-truncated|sense-level-review-flags
may,3,true,2,1,"[{""pos"":""noun"",""definitions"":[""五月""]}]","[{""pos"":""noun"",""definitions"":[""五月""],""synset"":""15211484-n"",""rankReason"":""sense rank 0 used as a weak lower-is-better signal; tag count/freq 29 used as a weak higher-is-better signal; selected 1 representative lemma(s) from 1 lemma(s) in this synset; lemma choice is heuristic; raw Japanese WordNet lemmas are preserved"",""primaryRank"":1}]","[{""pos"":""noun"",""definition"":""五月"",""sourceSynsets"":[""15211484-n""]}]",
course,3,true,13,53,"[{""pos"":""noun"",""definitions"":[""やり方"",""方針"",""行動様式"",""遣り方"",""遣方"",""コース"",""教科課程"",""教育課程"",""課程"",""講座"",""並び"",""お皿"",""皿"",""クラス"",""学年"",""学級"",""年級"",""教室"",""方向"",""方角"",""路線"",""過程"",""水先"",""流れ"",""行路"",""進路"",""針路"",""ルート"",""径路"",""水路"",""経絡"",""経路"",""路"",""軌跡"",""軌道"",""迹"",""逕路"",""通い路"",""通った跡"",""通り路"",""通り道"",""通路"",""通道"",""道"",""道筋"",""雲路""]},{""pos"":""adverb"",""definitions"":[""もち"",""勿論"",""当然"",""無論"",""論なく"",""論無く""]},{""pos"":""verb"",""definitions"":[""流れる""]}]","[{""pos"":""noun"",""definitions"":[""課程"",""講座""],""synset"":""00884466-n"",""rankReason"":""sense rank 0 used as a weak lower-is-better signal; tag count/freq 61 used as a weak higher-is-better signal; selected 2 representative lemma(s) from 5 lemma(s) in this synset; lemma choice is heuristic; raw Japanese WordNet lemmas are preserved"",""primaryRank"":1},{""pos"":""verb"",""definitions"":[""流れる""],""synset"":""02066939-v"",""rankReason"":""sense rank 0 used as a weak lower-is-better signal; tag count/freq 0 used as a weak higher-is-better signal; selected 1 representative lemma(s) from 1 lemma(s) in this synset; lemma choice is heuristic; raw Japanese WordNet lemmas are preserved"",""primaryRank"":2},{""pos"":""adverb"",""definitions"":[""論なく"",""論無く""],""synset"":""00038625-r"",""rankReason"":""sense rank 0 used as a weak lower-is-better signal; tag count/freq 1 used as a weak higher-is-better signal; selected 2 representative lemma(s) from 6 lemma(s) in this synset; lemma choice is heuristic; raw Japanese WordNet lemmas are preserved"",""primaryRank"":3}]","[{""pos"":""noun"",""definition"":""やり方・方針・行動様式"",""sourceSynsets"":[""00038262-n""]},{""pos"":""noun"",""definition"":""コース・教科課程・教育課程"",""sourceSynsets"":[""00884466-n""]},{""pos"":""noun"",""definition"":""クラス・コース・学年"",""sourceSynsets"":[""08238463-n""]}]",many-japanese-lemmas|many-synsets|primary-candidates-truncated|sense-level-review-flags
increase,3,true,7,44,"[{""pos"":""verb"",""definitions"":[""加える"",""加増"",""増す"",""増やす"",""増加"",""増大"",""増益"",""大きくする"",""殖やす"",""益す"",""増える"",""増さる"",""増殖"",""殖える"",""繁殖""]},{""pos"":""noun"",""definitions"":[""加"",""加増"",""増"",""増し"",""増やし"",""増加"",""増量"",""引き上げ"",""引き揚げ"",""引上"",""引上げ"",""引揚"",""引揚げ"",""累加"",""伸び"",""増分"",""増加分"",""増大"",""増進"",""上昇"",""増額"",""伸張"",""伸暢"",""伸長"",""加重"",""増嵩"",""増殖"",""延び"",""拡張"",""膨脹"",""加算"",""増加数"",""追加""]}]","[{""pos"":""verb"",""definitions"":[""益す"",""増える""],""synset"":""00156601-v"",""rankReason"":""sense rank 0 used as a weak lower-is-better signal; tag count/freq 86 used as a weak higher-is-better signal; selected 2 representative lemma(s) from 8 lemma(s) in this synset; lemma choice is heuristic; raw Japanese WordNet lemmas are preserved"",""primaryRank"":1},{""pos"":""noun"",""definitions"":[""加増"",""加算""],""synset"":""13754293-n"",""rankReason"":""sense rank 0 used as a weak lower-is-better signal; tag count/freq 49 used as a weak higher-is-better signal; selected 2 representative lemma(s) from 9 lemma(s) in this synset; lemma choice is heuristic; raw Japanese WordNet lemmas are preserved"",""primaryRank"":2},{""pos"":""verb"",""definitions"":[""増す"",""益す""],""synset"":""00153263-v"",""rankReason"":""sense rank 0 used as a weak lower-is-better signal; tag count/freq 61 used as a weak higher-is-better signal; selected 2 representative lemma(s) from 10 lemma(s) in this synset; lemma choice is heuristic; raw Japanese WordNet lemmas are preserved"",""primaryRank"":3}]","[{""pos"":""noun"",""definition"":""加・加増・増"",""sourceSynsets"":[""00363260-n""]},{""pos"":""noun"",""definition"":""伸び・加増・増"",""sourceSynsets"":[""05108947-n""]},{""pos"":""noun"",""definition"":""上昇・加増・増加"",""sourceSynsets"":[""07356676-n""]}]",many-japanese-lemmas|heavy-duplicate-japanese-lemmas|primary-candidates-truncated|sense-level-review-flags
parent,3,true,3,21,"[{""pos"":""noun"",""definitions"":[""ペアレント"",""親"",""親じゃ人"",""親者人""]},{""pos"":""verb"",""definitions"":[""はぐくみ育てる"",""やしない育てる"",""扶育"",""扶養"",""育くむ"",""育てる"",""育て上げる"",""育みそだてる"",""育み育てる"",""育む"",""育成"",""育生"",""鞠育"",""養い育てる"",""養う"",""養育"",""養育てる""]}]","[{""pos"":""noun"",""definitions"":[""親者人"",""親じゃ人""],""synset"":""10399491-n"",""rankReason"":""sense rank 0 used as a weak lower-is-better signal; tag count/freq 35 used as a weak higher-is-better signal; selected 2 representative lemma(s) from 4 lemma(s) in this synset; lemma choice is heuristic; raw Japanese WordNet lemmas are preserved"",""primaryRank"":1},{""pos"":""verb"",""definitions"":[""育む"",""養う""],""synset"":""02539788-v"",""rankReason"":""sense rank 0 used as a weak lower-is-better signal; tag count/freq 0 used as a weak higher-is-better signal; selected 2 representative lemma(s) from 17 lemma(s) in this synset; lemma choice is heuristic; raw Japanese WordNet lemmas are preserved"",""primaryRank"":2}]","[{""pos"":""noun"",""definition"":""ペアレント・親・親じゃ人"",""sourceSynsets"":[""10399491-n""]},{""pos"":""verb"",""definition"":""はぐくみ育てる・やしない育てる・扶育"",""sourceSynsets"":[""02539788-v""]}]",many-japanese-lemmas|sense-level-review-flags
development,3,true,9,28,"[{""pos"":""noun"",""definitions"":[""発展させること"",""開拓"",""開発"",""造成地"",""デベロップメント"",""啓発"",""展開"",""成長"",""現像"",""生育"",""発展"",""発育"",""発達"",""経過"",""進歩"",""養成"",""エボリューション"",""エヴォリューション"",""進化"",""進展"",""個体発生"",""化生"",""増殖"",""成熟"",""成育"",""生長"",""育ち"",""駒の展開""]}]","[{""pos"":""noun"",""definitions"":[""発展させること""],""synset"":""00250259-n"",""rankReason"":""sense rank 0 used as a weak lower-is-better signal; tag count/freq 52 used as a weak higher-is-better signal; selected 1 representative lemma(s) from 1 lemma(s) in this synset; lemma choice is heuristic; raw Japanese WordNet lemmas are preserved"",""primaryRank"":1},{""pos"":""noun"",""definitions"":[""展開"",""発展""],""synset"":""13464820-n"",""rankReason"":""sense rank 0 used as a weak lower-is-better signal; tag count/freq 46 used as a weak higher-is-better signal; selected 2 representative lemma(s) from 8 lemma(s) in this synset; lemma choice is heuristic; raw Japanese WordNet lemmas are preserved"",""primaryRank"":2},{""pos"":""noun"",""definitions"":[""化生"",""増殖""],""synset"":""13489037-n"",""rankReason"":""sense rank 0 used as a weak lower-is-better signal; tag count/freq 11 used as a weak higher-is-better signal; selected 2 representative lemma(s) from 11 lemma(s) in this synset; lemma choice is heuristic; raw Japanese WordNet lemmas are preserved"",""primaryRank"":3}]","[{""pos"":""noun"",""definition"":""デベロップメント・啓発・展開"",""sourceSynsets"":[""13464557-n""]},{""pos"":""noun"",""definition"":""エボリューション・エヴォリューション・展開"",""sourceSynsets"":[""13464820-n""]},{""pos"":""noun"",""definition"":""個体発生・化生・増殖"",""sourceSynsets"":[""13489037-n""]}]",many-japanese-lemmas|primary-candidates-truncated|sense-level-review-flags
situation,3,true,5,28,"[{""pos"":""noun"",""definitions"":[""ポジション"",""ポスト"",""位地"",""地位"",""役職"",""立場"",""身分"",""シチュエイション"",""シチュエーション"",""シテュエーション"",""境遇"",""身の上"",""事態"",""具合"",""局勢"",""形勢"",""情勢"",""情態"",""情況"",""時局"",""景況"",""様子"",""様態"",""状勢"",""状態"",""状況"",""状相"",""相貌""]}]","[{""pos"":""noun"",""definitions"":[""事態"",""具合""],""synset"":""13927383-n"",""rankReason"":""sense rank 0 used as a weak lower-is-better signal; tag count/freq 66 used as a weak higher-is-better signal; selected 2 representative lemma(s) from 19 lemma(s) in this synset; lemma choice is heuristic; raw Japanese WordNet lemmas are preserved"",""primaryRank"":1},{""pos"":""noun"",""definitions"":[""境遇"",""立場""],""synset"":""13925752-n"",""rankReason"":""sense rank 0 used as a weak lower-is-better signal; tag count/freq 18 used as a weak higher-is-better signal; selected 2 representative lemma(s) from 7 lemma(s) in this synset; lemma choice is heuristic; raw Japanese WordNet lemmas are preserved"",""primaryRank"":2},{""pos"":""noun"",""definitions"":[""位地"",""地位""],""synset"":""00586262-n"",""rankReason"":""sense rank 0 used as a weak lower-is-better signal; tag count/freq 0 used as a weak higher-is-better signal; selected 2 representative lemma(s) from 7 lemma(s) in this synset; lemma choice is heuristic; raw Japanese WordNet lemmas are preserved"",""primaryRank"":3}]","[{""pos"":""noun"",""definition"":""ポジション・ポスト・位地"",""sourceSynsets"":[""00586262-n""]},{""pos"":""noun"",""definition"":""シチュエイション・シチュエーション・シテュエーション"",""sourceSynsets"":[""13925752-n""]},{""pos"":""noun"",""definition"":""シチュエイション・シチュエーション・事態"",""sourceSynsets"":[""13927383-n""]}]",many-japanese-lemmas|primary-candidates-truncated|sense-level-review-flags
charge,3,true,40,88,"[{""pos"":""verb"",""definitions"":[""チャージ"",""充電"",""請求"",""被せる"",""嘱託"",""委任"",""属託"",""担当させる"",""託する"",""負わせる"",""指弾"",""責める"",""難じる"",""告発"",""問う"",""攻撃"",""突く"",""訴追"",""突撃"",""突貫"",""突進"",""襲撃"",""進撃"",""向ける"",""差し付ける"",""申し受ける"",""搭載"",""積む"",""載積"",""刺激"",""預ける"",""入れる"",""送る"",""送込む"",""仰せつける"",""仰せ付ける"",""任じる"",""任ずる"",""任命"",""叙任"",""命じる"",""命ずる"",""封ずる"",""就ける"",""指名"",""言いつける"",""言い付ける"",""言付ける"",""選任""]},{""pos"":""noun"",""definitions"":[""特務"",""後見"",""突っ込み"",""突撃"",""突貫"",""突進"",""チャージ"",""代価"",""受け持ち"",""受持ち"",""容疑"",""装填"",""負担"",""告発"",""告訴"",""コミッション"",""上前"",""作為"",""取り次ぎ"",""取次"",""周旋料"",""命"",""命令"",""職権"",""清算書"",""請求"",""請求書"",""あわただしさ"",""スリル"",""快哉"",""快感"",""活気"",""興奮"",""充電"",""荷電"",""電荷"",""プライス"",""代"",""代金"",""価"",""価格"",""値"",""値段"",""料"",""料金"",""課金""]}]","[{""pos"":""noun"",""definitions"":[""突撃"",""突貫""],""synset"":""00974762-n"",""rankReason"":""sense rank 0 used as a weak lower-is-better signal; tag count/freq 16 used as a weak higher-is-better signal; selected 2 representative lemma(s) from 4 lemma(s) in this synset; lemma choice is heuristic; raw Japanese WordNet lemmas are preserved"",""primaryRank"":1},{""pos"":""verb"",""definitions"":[""突撃"",""突貫""],""synset"":""01121719-v"",""rankReason"":""sense rank 0 used as a weak lower-is-better signal; tag count/freq 16 used as a weak higher-is-better signal; selected 2 representative lemma(s) from 5 lemma(s) in this synset; lemma choice is heuristic; raw Japanese WordNet lemmas are preserved"",""primaryRank"":2},{""pos"":""noun"",""definitions"":[""告発"",""告訴""],""synset"":""06561942-n"",""rankReason"":""sense rank 0 used as a weak lower-is-better signal; tag count/freq 13 used as a weak higher-is-better signal; selected 2 representative lemma(s) from 2 lemma(s) in this synset; lemma choice is heuristic; raw Japanese WordNet lemmas are preserved"",""primaryRank"":3}]","[{""pos"":""noun"",""definition"":""突っ込み・突撃・突貫"",""sourceSynsets"":[""00974762-n""]},{""pos"":""noun"",""definition"":""チャージ・代価・受け持ち"",""sourceSynsets"":[""03008275-n""]},{""pos"":""noun"",""definition"":""コミッション・上前・作為"",""sourceSynsets"":[""07169480-n""]}]",many-japanese-lemmas|many-synsets|heavy-duplicate-japanese-lemmas|primary-candidates-truncated|sense-level-review-flags
