word,level,sources,suspiciousCategories,suspiciousReasons
aboard,1,TSL:655|NGSL-GR:4310,,
absent,1,TSL:562|NGSL-GR:3268,,
acceptance,1,TSL:698|NGSL-GR:3110,,
accessible,1,TSL:432|NGSL-GR:3207,,
accessory,1,TSL:539,,
accommodate,1,TSL:217|NGSL-GR:3339,,
accomplishment,1,TSL:400,,
accordingly,1,TSL:622|NGSL-GR:3428,,
accountant,1,TSL:22|NGSL-GR:3984,,
accumulate,1,TSL:563|NAWL:427|NGSL-GR:3766,,
accurately,1,TSL:303|NAWL:506|NGSL-GR:3953,,
accustom,1,TSL:401|NGSL-GR:4811,,
actress,1,TSL:478|NGSL-GR:3143,,
adhere,1,TSL:591,,
adjacent,1,TSL:479|NAWL:329|NGSL-GR:4050,,
administrative,1,TSL:212|NGSL-GR:2987,,
administrator,1,TSL:378|NGSL-GR:3762,,
admission,1,TSL:95|NAWL:488|NGSL-GR:2976,,
advancement,1,TSL:656,,
advertiser,1,TSL:657,,
advisor,1,TSL:179|NGSL-GR:4788,,
affordable,1,TSL:218|NGSL-GR:4845,,
afterward,1,TSL:433|NAWL:756|NGSL-GR:2870,,
airfare,1,TSL:493,,
airplane,1,TSL:99|NAWL:893|NGSL-GR:3309,,
airport,1,TSL:5|NGSL-GR:2869,,
aisle,1,TSL:138,,
alert,1,TSL:515|NGSL-GR:3176,,
alike,1,TSL:207|NGSL-GR:3761,,
allocate,1,TSL:699|NAWL:557|NGSL-GR:3402,,
alternate,1,TSL:480|NGSL-GR:4458,,
alternatively,1,TSL:658|NGSL-GR:4519,,
ambitious,1,TSL:700|NGSL-GR:3544,,
amuse,1,TSL:659|NGSL-GR:3319,,
anniversary,1,TSL:288|NGSL-GR:3085,,
announcer,1,TSL:185,,
annoy,1,TSL:219|NGSL-GR:3097,,
annually,1,TSL:297|NGSL-GR:4139,,
anytime,1,TSL:456,,
apology,1,TSL:434|NGSL-GR:3451,,
appendix,1,TSL:701|NAWL:286,,
apple,1,TSL:623|NAWL:781|NGSL-GR:3074,,
appliance,1,TSL:88,,
applicable,1,TSL:624|NGSL-GR:4227,,
applicant,1,TSL:28|NGSL-GR:4142,,
appraisal,1,TSL:564|NGSL-GR:5019,,
appreciation,1,TSL:412|NGSL-GR:3514,,
apprentice,1,TSL:565,,
architect,1,TSL:148|NAWL:561|NGSL-GR:3000,,
aspect,1,TSL:186|NAWL:5|NGSL-GR:2862,,
assemble,1,TSL:435|NGSL-GR:3329,,
assembly,1,TSL:540|NAWL:314|NGSL-GR:2935,,
assignment,1,TSL:100|NAWL:375|NGSL-GR:3113,,
attendant,1,TSL:52|NGSL-GR:4748,,
attendee,1,TSL:102,,
attorney,1,TSL:660|NGSL-GR:2900,,
auction,1,TSL:625|NAWL:865|NGSL-GR:3706,,
audit,1,TSL:187|NAWL:770|NGSL-GR:3102,,
auditorium,1,TSL:516,,
authority,1,TSL:224|NAWL:11|NGSL-GR:2860,word-family-candidate,Part of derivational family candidate: author.
authorization,1,TSL:661,word-family-candidate,Part of derivational family candidate: author.
authorize,1,TSL:213|NGSL-GR:3318,word-family-candidate,Part of derivational family candidate: author.
auto,1,TSL:361|NGSL-GR:4314,,
automate,1,TSL:388,,
automatic,1,TSL:436|NGSL-GR:3146,,
automobile,1,TSL:241|NGSL-GR:4650,,
availability,1,TSL:229|NAWL:323|NGSL-GR:3330,,
badge,1,TSL:457,,
baggage,1,TSL:152,,
bake,1,TSL:494|NGSL-GR:3598,,
balcony,1,TSL:626|NGSL-GR:4884,,
banker,1,TSL:316|NGSL-GR:4333,,
bankrupt,1,TSL:592,,
banquet,1,TSL:117,,
bargain,1,TSL:230|NAWL:657|NGSL-GR:2966,,
baseball,1,TSL:245|NGSL-GR:2896,,
basement,1,TSL:627|NGSL-GR:4064,,
basket,1,TSL:541|NGSL-GR:3497,,
basketball,1,TSL:298|NGSL-GR:2897,,
bathroom,1,TSL:282|NGSL-GR:2888,,
battery,1,TSL:165|NGSL-GR:3041,,
beforehand,1,TSL:628,,
behalf,1,TSL:317|NGSL-GR:2881,,
bench,1,TSL:340|NGSL-GR:3305,,
beverage,1,TSL:134,,
bicycle,1,TSL:49|NGSL-GR:2905,,
birthday,1,TSL:104|NGSL-GR:2868,,
boardroom,1,TSL:437,,
bonus,1,TSL:195|NAWL:905|NGSL-GR:3147,,
booklet,1,TSL:351,,
bookstore,1,TSL:263,,
booth,1,TSL:702,,
brake,1,TSL:458|NGSL-GR:4014,,
briefcase,1,TSL:169,,
brochure,1,TSL:20|NGSL-GR:3991,,
broker,1,TSL:379|NGSL-GR:3604,,
buffet,1,TSL:289,,
bulletin,1,TSL:158,,
businessman,1,TSL:566|NGSL-GR:3439,,
businessperson,1,TSL:495,,
cab,1,TSL:283|NGSL-GR:4090,very-short,3 letters or fewer.
cabin,1,TSL:304|NGSL-GR:3652,,
cabinet,1,TSL:87|NGSL-GR:3155,,
cafeteria,1,TSL:43,,
calculation,1,TSL:459|NAWL:83|NGSL-GR:3100,,
calculator,1,TSL:276|NAWL:952,,
calendar,1,TSL:126|NGSL-GR:3703,,
caller,1,TSL:35|NGSL-GR:4536,,
campus,1,TSL:662|NAWL:886|NGSL-GR:3059,,
cancellation,1,TSL:380,,
candy,1,TSL:663,,
captain,1,TSL:226|NGSL-GR:3042,,
cargo,1,TSL:413|NGSL-GR:4929,,
carpenter,1,TSL:438,,
carrier,1,TSL:254|NAWL:530|NGSL-GR:2970,,
cart,1,TSL:196|NGSL-GR:4270,,
cartridge,1,TSL:180,,
cashier,1,TSL:329,,
casual,1,TSL:330|NGSL-GR:3488,,
cater,1,TSL:264|NGSL-GR:3479,,
caterer,1,TSL:439,,
caution,1,TSL:593|NGSL-GR:3581,,
ceiling,1,TSL:567|NGSL-GR:3010,potential-inflection,Ends with an inflection-like suffix; no matching base word found in the master list.
celebrity,1,TSL:517|NGSL-GR:3193,,
cellphone,1,TSL:69,,
certificate,1,TSL:159|NGSL-GR:2964,word-family-candidate,Part of derivational family candidate: certif.
certification,1,TSL:542,word-family-candidate,Part of derivational family candidate: certif.
certify,1,TSL:664,word-family-candidate,Part of derivational family candidate: certif.
checkout,1,TSL:665,,
chef,1,TSL:44|NGSL-GR:3915,,
chemistry,1,TSL:666|NAWL:642|NGSL-GR:3742,,
circulation,1,TSL:667|NAWL:420|NGSL-GR:4247,,
clarify,1,TSL:703|NAWL:490|NGSL-GR:3338,,
classify,1,TSL:440|NAWL:170|NGSL-GR:3024,,
classmate,1,TSL:704|NGSL-GR:4852,,
cleaner,1,TSL:201|NGSL-GR:4805,,
clerk,1,TSL:23|NGSL-GR:3804,,
client,1,TSL:3|NAWL:266|NGSL-GR:2863,,
clinic,1,TSL:402|NAWL:556|NGSL-GR:3140,,
clip,1,TSL:594|NAWL:848|NGSL-GR:3227,,
closet,1,TSL:118,,
closure,1,TSL:543|NAWL:320|NGSL-GR:3946,,
cloth,1,TSL:31|NGSL-GR:3197,,
cloudy,1,TSL:181,,
clue,1,TSL:56|NAWL:696|NGSL-GR:3061,,
colorful,1,TSL:568|NGSL-GR:3754,,
commonly,1,TSL:214|NAWL:134|NGSL-GR:3067,,
commute,1,TSL:220,,
commuter,1,TSL:176,,
compact,1,TSL:70|NAWL:185|NGSL-GR:3885,,
compensate,1,TSL:569|NAWL:600|NGSL-GR:3763,,
compile,1,TSL:705|NGSL-GR:4273,,
completion,1,TSL:277|NGSL-GR:3737,,
complimentary,1,TSL:231,,
comply,1,TSL:595|NAWL:769|NGSL-GR:3310,,
comprehension,1,TSL:106|NAWL:275|NGSL-GR:4728,,
concierge,1,TSL:668,,
conditioner,1,TSL:352,word-family-candidate,Part of derivational family candidate: condit.
conductor,1,TSL:305,,
confidential,1,TSL:381,,
confirmation,1,TSL:309|NGSL-GR:3707,,
congratulate,1,TSL:481|NGSL-GR:4918,,
congratulation,1,TSL:310|NGSL-GR:4559,,
consent,1,TSL:669|NAWL:391|NGSL-GR:2985,,
considerably,1,TSL:496|NGSL-GR:2954,,
consistently,1,TSL:670|NGSL-GR:3409,,
consultation,1,TSL:441|NAWL:593|NGSL-GR:3701,,
container,1,TSL:154|NAWL:747|NGSL-GR:3916,,
contractor,1,TSL:188|NGSL-GR:3446,,
contradict,1,TSL:66|NAWL:620,,
convenience,1,TSL:149|NGSL-GR:3849,,
convenient,1,TSL:54|NGSL-GR:2909,,
cookie,1,TSL:671|NGSL-GR:4826,,
cooperate,1,TSL:414|NGSL-GR:3980,,
coordinate,1,TSL:221|NAWL:82|NGSL-GR:3235,,
coordinator,1,TSL:460,,
copier,1,TSL:132,,
correctly,1,TSL:47|NAWL:421|NGSL-GR:3025,,
correspondence,1,TSL:284|NAWL:99|NGSL-GR:3348,,
costly,1,TSL:461|NGSL-GR:4158,,
costume,1,TSL:570|NGSL-GR:3516,,
coupon,1,TSL:75,,
courier,1,TSL:242,,
coworker,1,TSL:85,,
cruise,1,TSL:103|NGSL-GR:3447,,
culinary,1,TSL:629,,
cumulative,1,TSL:341,,
deadline,1,TSL:18|NAWL:922|NGSL-GR:3342,,
deck,1,TSL:672|NGSL-GR:3525,,
decorate,1,TSL:362|NGSL-GR:3180,,
deduct,1,TSL:518,,
deduction,1,TSL:363,,
defect,1,TSL:278|NAWL:191|NGSL-GR:3591,,
defective,1,TSL:290,,
definite,1,TSL:364|NAWL:463|NGSL-GR:4188,,
delegate,1,TSL:274|NGSL-GR:2947,,
delete,1,TSL:299|NGSL-GR:4637,,
delicious,1,TSL:197|NGSL-GR:3511,,
dental,1,TSL:265,,
dentist,1,TSL:73|NGSL-GR:4579,,
depart,1,TSL:76|NGSL-GR:3599,,
departure,1,TSL:113|NGSL-GR:2933,,
descriptive,1,TSL:673,,
designate,1,TSL:255|NGSL-GR:3456,,
desktop,1,TSL:403|NGSL-GR:4140,,
dessert,1,TSL:170,,
destination,1,TSL:63|NAWL:795|NGSL-GR:3070,,
detach,1,TSL:674,,
developer,1,TSL:202|NGSL-GR:3448,word-family-candidate,Part of derivational family candidate: develop.
dial,1,TSL:153|NGSL-GR:4198,,
dine,1,TSL:83|NGSL-GR:3126,,
diner,1,TSL:596,,
directory,1,TSL:342|NGSL-GR:4485,,
dislike,1,TSL:544|NGSL-GR:3670,,
disposal,1,TSL:343|NGSL-GR:4070,,
disruption,1,TSL:519,,
distract,1,TSL:415|NGSL-GR:4278,word-family-candidate,Part of derivational family candidate: distract.
distractor,1,TSL:120,word-family-candidate,Part of derivational family candidate: distract.
distribution,1,TSL:215|NAWL:3|NGSL-GR:2867,,
dividend,1,TSL:416|NGSL-GR:3534,,
dock,1,TSL:246|NGSL-GR:4110,,
documentary,1,TSL:630|NGSL-GR:3465,,
documentation,1,TSL:675|NGSL-GR:4641,,
donate,1,TSL:166|NGSL-GR:3862,,
donation,1,TSL:127|NGSL-GR:4058,,
download,1,TSL:189|NGSL-GR:4487,,
downstairs,1,TSL:545|NGSL-GR:3906,,
downtown,1,TSL:17|NGSL-GR:3321,,
downturn,1,TSL:631,,
drawer,1,TSL:155|NGSL-GR:3736,,
drill,1,TSL:331|NGSL-GR:3072,,
duplicate,1,TSL:597,,
durable,1,TSL:442,,
duration,1,TSL:266|NAWL:65|NGSL-GR:3394,,
eager,1,TSL:598|NGSL-GR:3278,,
earthquake,1,TSL:632|NGSL-GR:4261,,
economical,1,TSL:365,word-family-candidate,Part of derivational family candidate: econom.
economist,1,TSL:599|NAWL:565|NGSL-GR:3030,,
editorial,1,TSL:571|NGSL-GR:3183,,
effectiveness,1,TSL:572|NAWL:258|NGSL-GR:3322,,
efficiently,1,TSL:366|NGSL-GR:4233,,
electrical,1,TSL:98|NGSL-GR:3071,,
electrician,1,TSL:520,,
elegant,1,TSL:633|NGSL-GR:3397,,
elevator,1,TSL:45,,
eligible,1,TSL:150|NGSL-GR:3626,,
embassy,1,TSL:600|NGSL-GR:4576,,
enclose,1,TSL:27|NGSL-GR:3260,,
enroll,1,TSL:353|NGSL-GR:4219,,
enthusiastic,1,TSL:521|NGSL-GR:3880,word-family-candidate,Part of derivational family candidate: enthusiast.
entrepreneur,1,TSL:676|NGSL-GR:3685,,
equip,1,TSL:462|NGSL-GR:3170,,
escort,1,TSL:482|NGSL-GR:4974,,
exceptional,1,TSL:677|NGSL-GR:4216,,
excessive,1,TSL:634|NGSL-GR:3854,,
exclusive,1,TSL:256|NGSL-GR:3229,,
excursion,1,TSL:463,,
exemption,1,TSL:417,,
exit,1,TSL:101|NAWL:616|NGSL-GR:2929,,
expertise,1,TSL:311|NAWL:578|NGSL-GR:3174,,
expiration,1,TSL:546,,
expire,1,TSL:121|NGSL-GR:5028,,
explanatory,1,TSL:89,,
facilitate,1,TSL:573|NAWL:129|NGSL-GR:3078,,
familiarize,1,TSL:678,,
fare,1,TSL:32|NGSL-GR:3098,,
fasten,1,TSL:601,,
faulty,1,TSL:497,,
fax,1,TSL:9|NGSL-GR:2876,very-short,3 letters or fewer.
feedback,1,TSL:128|NAWL:178|NGSL-GR:3008,,
ferry,1,TSL:389|NGSL-GR:4256,,
finalize,1,TSL:390,,
firefighter,1,TSL:574,,
fitness,1,TSL:115|NGSL-GR:3244,,
flavor,1,TSL:208|NGSL-GR:3248,,
flu,1,TSL:225|NGSL-GR:4465,very-short,3 letters or fewer.
flyer,1,TSL:367,,
folder,1,TSL:122,,
fountain,1,TSL:332,,
franchise,1,TSL:368|NGSL-GR:4553,,
frustrate,1,TSL:354|NGSL-GR:2980,,
furnish,1,TSL:418|NGSL-GR:3901,,
garage,1,TSL:57|NGSL-GR:3211,,
garbage,1,TSL:279,,
garment,1,TSL:355|NGSL-GR:4991,,
gasoline,1,TSL:575,,
generic,1,TSL:635|NGSL-GR:4895,word-family-candidate,Part of derivational family candidate: gener.
generous,1,TSL:369|NGSL-GR:3158,word-family-candidate,Part of derivational family candidate: gener.
glove,1,TSL:443|NGSL-GR:3814,,
goods,1,TSL:15|NAWL:647,potential-plural,Looks like a plural form of: good.
graduation,1,TSL:522,,
graph,1,TSL:312|NAWL:18|NGSL-GR:2891,word-family-candidate,Part of derivational family candidate: graph.
graphic,1,TSL:464|NGSL-GR:4615,word-family-candidate,Part of derivational family candidate: graph.
grocery,1,TSL:257|NGSL-GR:4353,,
gym,1,TSL:160|NGSL-GR:3636,very-short,3 letters or fewer.
hardware,1,TSL:444|NGSL-GR:3191,,
harmful,1,TSL:602|NGSL-GR:4513,,
headache,1,TSL:547|NGSL-GR:3990,,
headquarter,1,TSL:203|NGSL-GR:2906,,
highway,1,TSL:161|NGSL-GR:3210,,
hike,1,TSL:232|NGSL-GR:3764,,
hobby,1,TSL:498|NGSL-GR:3557,,
homework,1,TSL:258|NAWL:928|NGSL-GR:3400,,
hotline,1,TSL:679,,
hourly,1,TSL:419,,
housekeeper,1,TSL:344,,
hungry,1,TSL:135|NGSL-GR:3188,,
icy,1,TSL:523,very-short,3 letters or fewer.
identification,1,TSL:74|NAWL:57|NGSL-GR:3127,,
illogical,1,TSL:300,,
impact,1,TSL:171|NAWL:7|NGSL-GR:2864,,
inappropriate,1,TSL:576|NGSL-GR:4179,,
incomplete,1,TSL:243,,
inconvenience,1,TSL:116,,
incur,1,TSL:391|NGSL-GR:4546,,
indoor,1,TSL:151|NGSL-GR:3772,,
inexpensive,1,TSL:483,,
inexperience,1,TSL:465,,
infer,1,TSL:39,,
inference,1,TSL:68|NAWL:232,,
informal,1,TSL:499|NAWL:347|NGSL-GR:3369,,
informative,1,TSL:603,,
ingredient,1,TSL:144|NGSL-GR:3252,,
ink,1,TSL:198|NGSL-GR:4408,very-short,3 letters or fewer.
innovative,1,TSL:172|NGSL-GR:3580,,
inquire,1,TSL:173,,
inspect,1,TSL:139|NGSL-GR:4232,word-family-candidate,Part of derivational family candidate: inspect.
inspection,1,TSL:136|NGSL-GR:3027,word-family-candidate,Part of derivational family candidate: inspect.
inspector,1,TSL:306|NGSL-GR:3189,word-family-candidate,Part of derivational family candidate: inspect.
installation,1,TSL:227|NGSL-GR:3245,,
institute,1,TSL:604|NGSL-GR:3705,,
instruct,1,TSL:392|NGSL-GR:3778,,
instructor,1,TSL:90|NGSL-GR:4604,,
intern,1,TSL:307,,
internet,1,TSL:577,,
internship,1,TSL:345,,
interrupt,1,TSL:370|NAWL:734|NGSL-GR:3166,,
intonation,1,TSL:680,,
invention,1,TSL:681|NGSL-GR:3450,,
inventory,1,TSL:60|NGSL-GR:3683,,
invoice,1,TSL:19|NGSL-GR:4759,,
irregular,1,TSL:524,,
irritate,1,TSL:682|NGSL-GR:4393,,
itinerary,1,TSL:146,,
jam,1,TSL:548|NGSL-GR:3194,very-short,3 letters or fewer.
jazz,1,TSL:636|NAWL:757|NGSL-GR:2894,,
jet,1,TSL:382|NGSL-GR:3156,very-short,3 letters or fewer.
jewelry,1,TSL:163|NGSL-GR:4052,,
jog,1,TSL:404,very-short,3 letters or fewer.
juice,1,TSL:333|NGSL-GR:3117,,
keyboard,1,TSL:91|NGSL-GR:3944,,
kilometer,1,TSL:500|NAWL:837|NGSL-GR:3315,,
kit,1,TSL:605|NGSL-GR:3620,very-short,3 letters or fewer.
knowledgeable,1,TSL:346,,
lab,1,TSL:156|NAWL:799|NGSL-GR:3251,very-short,3 letters or fewer.
ladder,1,TSL:285|NGSL-GR:4295,,
lamp,1,TSL:247|NGSL-GR:3253,,
landlord,1,TSL:578|NGSL-GR:3759,,
lane,1,TSL:334|NGSL-GR:3051,,
laptop,1,TSL:96|NGSL-GR:4697,,
lately,1,TSL:248|NGSL-GR:3487,,
laundry,1,TSL:420,,
lawn,1,TSL:501|NGSL-GR:3850,,
layout,1,TSL:579|NAWL:745|NGSL-GR:4251,,
leak,1,TSL:292|NGSL-GR:3573,,
lease,1,TSL:48|NGSL-GR:3090,,
leisure,1,TSL:405|NAWL:692|NGSL-GR:2922,,
lengthy,1,TSL:466|NGSL-GR:4850,,
librarian,1,TSL:467,,
lifetime,1,TSL:637|NAWL:461|NGSL-GR:2942,,
lobby,1,TSL:24|NGSL-GR:3130,,
locally,1,TSL:606|NAWL:338|NGSL-GR:3837,,
locker,1,TSL:683,,
logical,1,TSL:8|NAWL:260|NGSL-GR:3224,,
login,1,TSL:525,,
logo,1,TSL:177,,
lounge,1,TSL:267|NGSL-GR:4209,,
loyal,1,TSL:393|NGSL-GR:3897,,
luggage,1,TSL:37|NGSL-GR:4866,,
luncheon,1,TSL:394,,
lunchtime,1,TSL:580,,
machinery,1,TSL:249|NAWL:688|NGSL-GR:3602,,
malfunction,1,TSL:445,,
mall,1,TSL:107|NAWL:953|NGSL-GR:3470,,
managerial,1,TSL:526,,
mandatory,1,TSL:421|NGSL-GR:4812,,
manual,1,TSL:55|NAWL:455|NGSL-GR:3213,,
mask,1,TSL:484|NGSL-GR:3017,,
massage,1,TSL:638,,
maximize,1,TSL:639|NAWL:429|NGSL-GR:4248,,
meantime,1,TSL:468|NGSL-GR:3696,,
mechanic,1,TSL:140|NAWL:652|NGSL-GR:4409,,
mechanical,1,TSL:422|NAWL:377|NGSL-GR:3738,,
media,1,TSL:92|NAWL:775,,
medication,1,TSL:108|NGSL-GR:3624,,
memo,1,TSL:6|NGSL-GR:4252,,
memorandum,1,TSL:259,,
mentor,1,TSL:607|NAWL:867|NGSL-GR:4886,,
merchandise,1,TSL:71,,
merge,1,TSL:469|NAWL:551|NGSL-GR:3425,,
merger,1,TSL:141|NGSL-GR:2946,,
microphone,1,TSL:395|NGSL-GR:4201,,
microscope,1,TSL:502,,
midnight,1,TSL:233|NGSL-GR:3377,,
mild,1,TSL:640|NGSL-GR:3365,,
mineral,1,TSL:527|NAWL:400|NGSL-GR:3344,,
mini,1,TSL:114,,
minimize,1,TSL:318|NAWL:321|NGSL-GR:3368,,
mislead,1,TSL:503|NGSL-GR:3553,,
misplace,1,TSL:504,,
mister,1,TSL:1,,
motorcycle,1,TSL:528,,
nail,1,TSL:549|NGSL-GR:3306,,
nap,1,TSL:406,very-short,3 letters or fewer.
necessity,1,TSL:529|NAWL:422|NGSL-GR:3099,,
newsletter,1,TSL:178,,
newsstand,1,TSL:505,,
nominate,1,TSL:608|NGSL-GR:3851,word-family-candidate,Part of derivational family candidate: nomin.
noon,1,TSL:21|NGSL-GR:4012,,
notify,1,TSL:50|NGSL-GR:4626,,
obtain,1,TSL:58|NAWL:2|NGSL-GR:2865,,
occupancy,1,TSL:293,,
occupation,1,TSL:64|NAWL:357|NGSL-GR:2913,,
omit,1,TSL:280|NGSL-GR:4159,,
ongoing,1,TSL:641|NGSL-GR:3022,potential-inflection,Ends with an inflection-like suffix; no matching base word found in the master list.
opt,1,TSL:609|NGSL-GR:3798,very-short,3 letters or fewer.
optimistic,1,TSL:550|NGSL-GR:3641,,
optional,1,TSL:319,,
organizer,1,TSL:347|NGSL-GR:3327,,
orientation,1,TSL:356|NAWL:87|NGSL-GR:3828,,
outdated,1,TSL:446,potential-inflection,Ends with an inflection-like suffix; no matching base word found in the master list.
outdoor,1,TSL:61|NGSL-GR:3168,,
outlet,1,TSL:357|NAWL:777|NGSL-GR:2999,,
outstanding,1,TSL:167|NGSL-GR:2902,potential-inflection,Ends with an inflection-like suffix; no matching base word found in the master list.
oval,1,TSL:59,,
oven,1,TSL:371|NGSL-GR:3728,,
overdue,1,TSL:348,,
overhead,1,TSL:506|NAWL:765|NGSL-GR:3720,,
overlook,1,TSL:684|NGSL-GR:3016,,
overnight,1,TSL:174|NGSL-GR:2992,,
overtime,1,TSL:164,,
overview,1,TSL:396|NAWL:287|NGSL-GR:4193,,
packet,1,TSL:358|NGSL-GR:4351,,
painter,1,TSL:268|NGSL-GR:3565,,
pant,1,TSL:372|NGSL-GR:3287,,
paperwork,1,TSL:222,,
parade,1,TSL:610|NGSL-GR:3841,,
passport,1,TSL:84|NGSL-GR:4394,,
password,1,TSL:190,,
patent,1,TSL:685|NGSL-GR:3588,,
patience,1,TSL:447|NGSL-GR:3807,,
patron,1,TSL:269|NGSL-GR:4856,,
payable,1,TSL:686,,
paycheck,1,TSL:320,,
payroll,1,TSL:581,,
pedestrian,1,TSL:551,,
performer,1,TSL:470|NGSL-GR:3326,,
periodically,1,TSL:642,word-family-candidate,Part of derivational family candidate: period.
pet,1,TSL:301|NGSL-GR:2995,very-short,3 letters or fewer.
pharmaceutical,1,TSL:582|NGSL-GR:4194,,
pharmacist,1,TSL:471,,
pharmacy,1,TSL:423,,
photocopier,1,TSL:260,,
photocopy,1,TSL:123,,
photographer,1,TSL:182|NGSL-GR:3438,word-family-candidate,Part of derivational family candidate: photograph.
photography,1,TSL:286|NGSL-GR:4081,word-family-candidate,Part of derivational family candidate: photograph.
physician,1,TSL:611|NAWL:171|NGSL-GR:3198,,
picnic,1,TSL:209|NGSL-GR:3893,,
pie,1,TSL:643|NGSL-GR:3121,very-short,3 letters or fewer.
pizza,1,TSL:472|NGSL-GR:3702,,
planner,1,TSL:530|NAWL:782|NGSL-GR:4823,,
plausible,1,TSL:583|NAWL:449,,
plug,1,TSL:644|NAWL:842|NGSL-GR:3370,,
plumber,1,TSL:359,,
polish,1,TSL:612|NGSL-GR:3722,,
polite,1,TSL:321|NGSL-GR:3958,,
popularity,1,TSL:335|NGSL-GR:3294,,
portfolio,1,TSL:507|NAWL:714|NGSL-GR:2908,,
postage,1,TSL:613,,
postcard,1,TSL:448|NGSL-GR:5027,,
poster,1,TSL:336|NAWL:862|NGSL-GR:3474,,
postpone,1,TSL:65|NGSL-GR:3985,,
precede,1,TSL:81|NAWL:84|NGSL-GR:3169,,
prediction,1,TSL:349|NAWL:98|NGSL-GR:3181,,
preliminary,1,TSL:687|NAWL:301|NGSL-GR:3453,,
premium,1,TSL:584|NGSL-GR:3093,,
prescription,1,TSL:270|NGSL-GR:3751,,
presenter,1,TSL:250,,
preview,1,TSL:51,,
productive,1,TSL:271|NAWL:412|NGSL-GR:3111,,
productivity,1,TSL:234|NAWL:360|NGSL-GR:2931,,
proficiency,1,TSL:294,,
profitable,1,TSL:373|NGSL-GR:3483,,
programmer,1,TSL:531,,
prohibit,1,TSL:191|NGSL-GR:3919,,
projection,1,TSL:552|NAWL:144|NGSL-GR:3536,,
projector,1,TSL:397,,
promotional,1,TSL:424,,
promptly,1,TSL:337,,
proofread,1,TSL:532,,
prospective,1,TSL:449|NGSL-GR:4196,,
protective,1,TSL:322|NGSL-GR:3872,,
provider,1,TSL:133|NGSL-GR:3002,,
publish,1,TSL:25|NAWL:9|NGSL-GR:2861,,
purchaser,1,TSL:485|NGSL-GR:4802,,
purse,1,TSL:486|NGSL-GR:4603,,
quarterly,1,TSL:425|NGSL-GR:4375,,
questionnaire,1,TSL:244|NAWL:333|NGSL-GR:3686,,
quit,1,TSL:223|NGSL-GR:3064,,
rack,1,TSL:508|NAWL:949|NGSL-GR:4137,,
rainy,1,TSL:235,,
realistic,1,TSL:383|NAWL:590|NGSL-GR:3267,,
realtor,1,TSL:487,,
rearrange,1,TSL:488,,
receipt,1,TSL:33|NGSL-GR:3860,,
reception,1,TSL:46|NGSL-GR:2911,,
receptionist,1,TSL:72,,
recipe,1,TSL:210|NAWL:892|NGSL-GR:3418,,
recipient,1,TSL:137|NGSL-GR:3920,,
recreational,1,TSL:614,,
recruiter,1,TSL:533,,
recruitment,1,TSL:645|NGSL-GR:3561,,
recycle,1,TSL:109|NGSL-GR:3160,,
referee,1,TSL:646|NGSL-GR:4911,,
referral,1,TSL:647,,
refreshment,1,TSL:211,,
refrigerator,1,TSL:374,,
refund,1,TSL:14,,
rehearse,1,TSL:615,,
reimburse,1,TSL:375,,
reinforce,1,TSL:407|NAWL:340|NGSL-GR:3124,,
relocate,1,TSL:236,,
remainder,1,TSL:534|NGSL-GR:4407,,
remodel,1,TSL:509,,
removal,1,TSL:616|NGSL-GR:3440,,
renew,1,TSL:110|NGSL-GR:3105,,
renewal,1,TSL:295|NGSL-GR:5014,,
renovate,1,TSL:124,,
renovation,1,TSL:79,,
renown,1,TSL:648,,
rental,1,TSL:41|NGSL-GR:4389,,
reopen,1,TSL:489,,
replacement,1,TSL:82|NAWL:430|NGSL-GR:2996,,
reschedule,1,TSL:77,,
reservation,1,TSL:7|NGSL-GR:3138,,
residential,1,TSL:426|NGSL-GR:3089,,
resignation,1,TSL:473|NGSL-GR:3817,,
respondent,1,TSL:162|NGSL-GR:3748,,
retailer,1,TSL:338|NGSL-GR:3337,,
reviewer,1,TSL:474,,
revision,1,TSL:450|NGSL-GR:4542,,
rewrite,1,TSL:145|NAWL:454|NGSL-GR:4891,,
runner,1,TSL:649|NGSL-GR:4288,,
safely,1,TSL:585|NGSL-GR:3654,,
salad,1,TSL:272|NGSL-GR:3430,,
salesman,1,TSL:688,,
salesperson,1,TSL:275,,
sandwich,1,TSL:112|NGSL-GR:3106,,
satisfactory,1,TSL:617|NGSL-GR:3729,,
sauna,1,TSL:689,,
scholarship,1,TSL:427|NAWL:511|NGSL-GR:3381,,
sculpture,1,TSL:287|NGSL-GR:3529,,
seasonal,1,TSL:618,,
seeker,1,TSL:428,,
seldom,1,TSL:251|NGSL-GR:4111,,
seller,1,TSL:323|NGSL-GR:3491,,
semester,1,TSL:308|NAWL:901,,
seminar,1,TSL:29|NAWL:800|NGSL-GR:2952,,
sender,1,TSL:408,,
separately,1,TSL:619|NAWL:395|NGSL-GR:3486,,
shipment,1,TSL:38,,
shopper,1,TSL:183,,
shortage,1,TSL:398|NGSL-GR:3292,,
shortly,1,TSL:129|NAWL:648|NGSL-GR:2886,,
showroom,1,TSL:376,,
shuttle,1,TSL:204|NAWL:932|NGSL-GR:4514,,
sidewalk,1,TSL:324,,
sightsee,1,TSL:325,,
signature,1,TSL:252|NGSL-GR:3204,,
simplify,1,TSL:586|NAWL:367|NGSL-GR:4290,,
sincerely,1,TSL:11|NGSL-GR:2883,,
skim,1,TSL:168,,
sleeve,1,TSL:553|NGSL-GR:4406,,
smoothly,1,TSL:690|NGSL-GR:4910,,
snack,1,TSL:130|NGSL-GR:3913,,
soap,1,TSL:490|NGSL-GR:3367,,
soccer,1,TSL:142|NGSL-GR:3242,,
sock,1,TSL:650|NGSL-GR:3905,,
sofa,1,TSL:216|NGSL-GR:4146,,
sometime,1,TSL:12|NAWL:889|NGSL-GR:3633,,
soup,1,TSL:326|NGSL-GR:3752,,
spacious,1,TSL:399,,
spam,1,TSL:651,,
specialty,1,TSL:587|NAWL:881|NGSL-GR:3960,,
specification,1,TSL:360|NAWL:169|NGSL-GR:3642,,
spite,1,TSL:281|NGSL-GR:2901,,
spokesperson,1,TSL:491,,
stack,1,TSL:273|NAWL:521|NGSL-GR:3527,,
stadium,1,TSL:192|NAWL:956|NGSL-GR:3853,,
stationery,1,TSL:205,,
statistics,1,TSL:510|NAWL:853,word-family-candidate,Part of derivational family candidate: statist.
statue,1,TSL:535|NGSL-GR:3812,,
steadily,1,TSL:536|NGSL-GR:3179,,
stockholder,1,TSL:537,,
strictly,1,TSL:451|NAWL:315|NGSL-GR:3289,,
submission,1,TSL:157|NGSL-GR:4500,,
subscribe,1,TSL:206,,
subscriber,1,TSL:350,,
subscription,1,TSL:53|NGSL-GR:4952,,
suburb,1,TSL:554|NGSL-GR:3250,,
subway,1,TSL:36,,
suitcase,1,TSL:62|NGSL-GR:4231,,
suite,1,TSL:261|NGSL-GR:3724,,
sunny,1,TSL:125|NGSL-GR:3334,,
sunshine,1,TSL:691|NGSL-GR:4618,,
superior,1,TSL:492|NAWL:269|NGSL-GR:2934,,
supermarket,1,TSL:93|NGSL-GR:2937,,
supervise,1,TSL:199|NGSL-GR:4243,,
supervisor,1,TSL:13|NGSL-GR:4241,,
surf,1,TSL:652|NGSL-GR:3881,,
sweater,1,TSL:143|NGSL-GR:4538,,
tactic,1,TSL:78|NGSL-GR:3515,,
tag,1,TSL:184|NGSL-GR:3493,very-short,3 letters or fewer.
takeover,1,TSL:555,,
taker,1,TSL:313,,
tech,1,TSL:588|NAWL:948|NGSL-GR:4781,,
technician,1,TSL:30,,
temporarily,1,TSL:429|NGSL-GR:4461,,
tenant,1,TSL:111|NGSL-GR:3560,,
terminal,1,TSL:193|NAWL:346|NGSL-GR:3164,word-family-candidate,Part of derivational family candidate: termin.
terminate,1,TSL:475|NGSL-GR:4398,word-family-candidate,Part of derivational family candidate: termin.
textbook,1,TSL:302|NAWL:584|NGSL-GR:4647,,
thorough,1,TSL:262|NGSL-GR:4348,,
thoroughly,1,TSL:384|NGSL-GR:3312,,
timetable,1,TSL:653|NGSL-GR:4124,,
tomato,1,TSL:452|NGSL-GR:3520,,
tow,1,TSL:692,very-short,3 letters or fewer.
towel,1,TSL:430|NGSL-GR:4283,,
trainee,1,TSL:237|NGSL-GR:4564,,
trainer,1,TSL:228|NGSL-GR:3501,,
transaction,1,TSL:238|NAWL:304|NGSL-GR:2878,,
transit,1,TSL:327,,
translation,1,TSL:476|NAWL:40|NGSL-GR:2904,,
translator,1,TSL:693|NGSL-GR:4305,,
trash,1,TSL:385|NGSL-GR:4934,,
traveler,1,TSL:34|NGSL-GR:2921,,
tray,1,TSL:453|NGSL-GR:4171,,
tuition,1,TSL:694|NGSL-GR:4223,,
tunnel,1,TSL:511|NGSL-GR:3291,,
turnover,1,TSL:620|NGSL-GR:2890,,
umbrella,1,TSL:67|NGSL-GR:4737,,
unattended,1,TSL:431,potential-inflection,Ends with an inflection-like suffix; no matching base word found in the master list.
unavailable,1,TSL:695,,
underline,1,TSL:97|NGSL-GR:4786,,
unexpected,1,TSL:589|NGSL-GR:3019,potential-inflection,Ends with an inflection-like suffix; no matching base word found in the master list.
unfamiliar,1,TSL:477|NGSL-GR:5023,,
unhappy,1,TSL:239|NGSL-GR:3118,,
unlimited,1,TSL:512,potential-inflection,Ends with an inflection-like suffix; no matching base word found in the master list.
unnecessary,1,TSL:621|NGSL-GR:3297,,
unreal,1,TSL:119,,
unspecified,1,TSL:590,potential-inflection,Ends with an inflection-like suffix; no matching base word found in the master list.
unsure,1,TSL:556,,
upcoming,1,TSL:86,potential-inflection,Ends with an inflection-like suffix; no matching base word found in the master list.
upgrade,1,TSL:80|NGSL-GR:3286,,
upstairs,1,TSL:557|NGSL-GR:3107,,
urgent,1,TSL:296|NGSL-GR:3119,,
usage,1,TSL:386|NAWL:262|NGSL-GR:3542,,
utility,1,TSL:314|NAWL:201|NGSL-GR:2949,,
vacancy,1,TSL:339,,
vacant,1,TSL:538,,
vacation,1,TSL:2|NGSL-GR:2941,,
vacuum,1,TSL:409|NGSL-GR:4610,,
valid,1,TSL:94|NAWL:195|NGSL-GR:3144,word-family-candidate,Part of derivational family candidate: valid.
vase,1,TSL:654,,
vegetarian,1,TSL:377|NGSL-GR:4580,,
vendor,1,TSL:454|NGSL-GR:3610,,
venue,1,TSL:175|NGSL-GR:3358,,
verbal,1,TSL:558|NAWL:204|NGSL-GR:3723,,
verify,1,TSL:240|NGSL-GR:4543,,
violation,1,TSL:696|NGSL-GR:3467,,
visa,1,TSL:559,,
vitamin,1,TSL:513|NAWL:690|NGSL-GR:4103,,
voucher,1,TSL:315,,
waiter,1,TSL:40|NGSL-GR:4574,,
waitress,1,TSL:200,,
wallet,1,TSL:328,,
warehouse,1,TSL:131|NGSL-GR:4098,,
warranty,1,TSL:42|NGSL-GR:4245,,
webpage,1,TSL:697,,
weekday,1,TSL:194,,
wildlife,1,TSL:560|NGSL-GR:4154,,
windy,1,TSL:387,,
wireless,1,TSL:410|NGSL-GR:4602,,
withdrawal,1,TSL:455|NGSL-GR:3199,,
workforce,1,TSL:561|NGSL-GR:4077,,
workplace,1,TSL:147|NGSL-GR:3550,,
workshop,1,TSL:16|NAWL:479|NGSL-GR:2912,,
worldwide,1,TSL:253|NGSL-GR:2895,,
yearly,1,TSL:411,,
zoo,1,TSL:514|NGSL-GR:3038,very-short,3 letters or fewer.
abide,2,TSL:1195,,
absorb,2,TSL:801|NAWL:458|NGSL-GR:2917,,
accent,2,TSL:750|NAWL:484|NGSL-GR:3029,,
acclaim,2,TSL:1243,,
accuracy,2,TSL:1098|NAWL:136|NGSL-GR:3578,,
acid,2,NAWL:21|NGSL-GR:2877,,
activate,2,TSL:957|NAWL:124|NGSL-GR:3813,,
actively,2,TSL:1196|NAWL:580|NGSL-GR:3687,,
acute,2,NAWL:200|NGSL-GR:3866,,
adaptation,2,NAWL:138|NGSL-GR:4104,word-family-candidate,Part of derivational family candidate: adapt.
adapter,2,TSL:1023,word-family-candidate,Part of derivational family candidate: adapt.
additionally,2,TSL:958|NGSL-GR:4425,,
administer,2,TSL:802|NGSL-GR:3272,,
adolescent,2,NAWL:125|NGSL-GR:3378,,
advisable,2,TSL:1024,,
advisory,2,TSL:751|NGSL-GR:4813,,
affirmative,2,TSL:959,,
aggregate,2,NAWL:205|NGSL-GR:3803,,
algebra,2,NAWL:284,,
algorithm,2,NAWL:32,,
allergy,2,TSL:1197,,
amateur,2,TSL:886|NGSL-GR:4067,,
ambassador,2,TSL:887|NGSL-GR:3786,,
amenity,2,TSL:845,,
amino,2,NAWL:299,,
ample,2,TSL:803,,
amplitude,2,NAWL:137,,
anew,2,TSL:888,,
antibody,2,NAWL:62|NGSL-GR:4651,,
antique,2,TSL:804|NGSL-GR:4495,,
anyhow,2,TSL:1099,,
appetizer,2,TSL:1100,,
apprehensive,2,TSL:1198,,
approximate,2,TSL:846|NAWL:270,,
approximation,2,NAWL:117,,
arbitrary,2,NAWL:180,,
arc,2,TSL:1101|NGSL-GR:4959,very-short,3 letters or fewer.
archaeology,2,NAWL:241,,
architectural,2,TSL:889|NGSL-GR:4447,,
archive,2,TSL:1025|NGSL-GR:4071,,
array,2,NAWL:229|NGSL-GR:3606,,
artistic,2,TSL:1026|NAWL:636|NGSL-GR:3674,,
asleep,2,TSL:752|NGSL-GR:3226,,
assert,2,NAWL:290|NGSL-GR:3296,,
assurance,2,TSL:1027|NGSL-GR:3865,,
athletic,2,TSL:1028|NAWL:934|NGSL-GR:4400,,
atom,2,NAWL:242|NGSL-GR:4336,,
attain,2,TSL:890|NGSL-GR:4367,,
attire,2,TSL:1029,,
audition,2,TSL:1102,,
auditor,2,TSL:1030|NGSL-GR:4864,,
authentic,2,TSL:753|NGSL-GR:4608,,
automotive,2,TSL:1199,,
autonomy,2,NAWL:246|NGSL-GR:4174,,
await,2,TSL:847|NGSL-GR:3443,,
axis,2,NAWL:113|NGSL-GR:4634,,
backpack,2,TSL:1103,,
bacteria,2,TSL:1200|NAWL:703|NGSL-GR:3524,,
baker,2,TSL:960,,
bakery,2,TSL:754,,
balloon,2,TSL:891|NGSL-GR:3622,,
ballroom,2,TSL:1104,,
bankruptcy,2,TSL:1031|NGSL-GR:4440,,
barbecue,2,TSL:848,,
beam,2,NAWL:94|NGSL-GR:3080,,
bean,2,TSL:805|NGSL-GR:3408,,
beginner,2,TSL:849,,
behavioral,2,NAWL:66|NGSL-GR:4055,,
beneficial,2,TSL:1105|NGSL-GR:3209,,
bilingual,2,NAWL:68|NGSL-GR:4755,,
biography,2,TSL:1106|NGSL-GR:3989,,
biology,2,TSL:850|NAWL:249|NGSL-GR:3932,,
blanket,2,TSL:851|NGSL-GR:3704,,
blueprint,2,TSL:892,,
bookcase,2,TSL:1233,,
bound,2,TSL:1107|NAWL:35|NGSL-GR:3387,,
brainstorm,2,TSL:961,,
broaden,2,TSL:1201|NGSL-GR:3765,,
broom,2,TSL:1108,,
browse,2,TSL:806,,
bug,2,TSL:893|NGSL-GR:3987,very-short,3 letters or fewer.
bulb,2,TSL:1202|NGSL-GR:4869,,
bulk,2,TSL:1032|NAWL:540|NGSL-GR:3459,,
butter,2,TSL:1033|NGSL-GR:3325,,
bye,2,TSL:807|NGSL-GR:3279,very-short,3 letters or fewer.
cage,2,TSL:962|NGSL-GR:3749,,
calcium,2,NAWL:313|NGSL-GR:4091,,
calculus,2,NAWL:261,,
careless,2,TSL:808,,
carton,2,TSL:755,,
cautious,2,TSL:894|NGSL-GR:4502,,
centimeter,2,TSL:1034,,
chairperson,2,TSL:852,,
characterization,2,NAWL:267,very-long,15 letters or more.
charitable,2,TSL:853,,
checkup,2,TSL:854,,
cheer,2,TSL:1204|NAWL:931|NGSL-GR:3088,,
cheeseburger,2,TSL:1109,,
chilly,2,TSL:1110,,
chromosome,2,NAWL:102|NGSL-GR:4729,,
chronic,2,TSL:1244|NAWL:158|NGSL-GR:3855,,
cinema,2,TSL:963|NAWL:841|NGSL-GR:2874,,
circuit,2,TSL:895|NGSL-GR:3020,,
circulate,2,TSL:1035|NAWL:618|NGSL-GR:4224,,
circus,2,TSL:1111,,
clap,2,TSL:896,,
classification,2,NAWL:120|NGSL-GR:4068,,
classroom,2,NAWL:254|NGSL-GR:2872,,
cleanliness,2,TSL:1234,,
coefficient,2,NAWL:39,,
cognitive,2,NAWL:17|NGSL-GR:3422,,
collaboration,2,TSL:964|NGSL-GR:3878,,
collective,2,NAWL:179|NGSL-GR:3152,,
collector,2,TSL:809|NGSL-GR:4183,,
colonial,2,NAWL:74|NGSL-GR:3950,,
colony,2,NAWL:281|NGSL-GR:3341,,
comb,2,TSL:1036,,
comfortably,2,TSL:1037,,
commerce,2,TSL:897|NGSL-GR:4321,,
comparable,2,NAWL:227|NGSL-GR:3436,,
comparative,2,NAWL:123|NGSL-GR:4073,,
compartment,2,TSL:756,,
compatible,2,TSL:757|NGSL-GR:4711,,
competence,2,NAWL:292|NGSL-GR:3618,,
complement,2,NAWL:202|NGSL-GR:4116,,
compliance,2,TSL:1038|NGSL-GR:3785,,
complication,2,TSL:1205|NAWL:432|NGSL-GR:4292,,
compliment,2,TSL:1112|NGSL-GR:4875,,
composer,2,NAWL:271|NGSL-GR:3202,,
computation,2,NAWL:172,,
conception,2,NAWL:161|NGSL-GR:3925,,
conceptual,2,NAWL:154|NGSL-GR:4156,,
conditional,2,NAWL:251,word-family-candidate,Part of derivational family candidate: condit.
condominium,2,TSL:965,,
cone,2,NAWL:146,,
configuration,2,NAWL:105|NGSL-GR:3894,,
conform,2,TSL:810|NGSL-GR:4892,,
congestion,2,TSL:811,,
consciousness,2,NAWL:234|NGSL-GR:3555,,
consecutive,2,TSL:966|NGSL-GR:4819,,
conservation,2,NAWL:295|NGSL-GR:3631,,
considerate,2,TSL:1206,,
consignment,2,TSL:1113,,
consonant,2,NAWL:248,,
constrain,2,NAWL:296|NGSL-GR:4769,,
consumption,2,TSL:758|NAWL:67|NGSL-GR:2916,,
contestant,2,TSL:1235,,
continental,2,TSL:1114,,
continuity,2,NAWL:219|NGSL-GR:4403,,
contraction,2,TSL:1039,,
contradiction,2,TSL:812|NAWL:381|NGSL-GR:4436,,
contrary,2,TSL:813|NAWL:252|NGSL-GR:2887,,
conveniently,2,TSL:759,,
converge,2,NAWL:273,,
convergence,2,NAWL:193,,
convey,2,TSL:898|NGSL-GR:3103,,
cookbook,2,TSL:1040,,
cooler,2,TSL:855,,
copyright,2,TSL:1115|NGSL-GR:4550,,
cord,2,TSL:899|NAWL:589|NGSL-GR:4621,,
cordless,2,TSL:967,,
corpus,2,NAWL:207,,
correction,2,TSL:706|NAWL:384|NGSL-GR:4095,,
correlate,2,NAWL:60|NGSL-GR:4674,,
correlation,2,NAWL:19|NGSL-GR:3510,,
cortex,2,NAWL:139,,
cosmetic,2,TSL:760,,
counselor,2,TSL:900|NGSL-GR:4595,,
countryside,2,TSL:1116|NGSL-GR:2875,,
courtesy,2,TSL:761|NGSL-GR:4138,,
crane,2,TSL:856,,
creativity,2,TSL:762|NGSL-GR:4414,,
critique,2,NAWL:318|NGSL-GR:4706,,
cue,2,NAWL:325|NGSL-GR:4396,very-short,3 letters or fewer.
cushion,2,TSL:1041|NGSL-GR:5001,,
customize,2,TSL:707,,
daytime,2,TSL:1207,,
dealership,2,TSL:857,,
debit,2,TSL:901,,
decoration,2,TSL:1208|NGSL-GR:4397,,
dedication,2,TSL:708,,
delicate,2,TSL:902|NGSL-GR:3822,,
deluxe,2,TSL:968,,
demolish,2,TSL:1117,,
denote,2,NAWL:10|NGSL-GR:4623,,
departmental,2,TSL:1118,,
dependable,2,TSL:858,,
dependence,2,TSL:903|NAWL:147|NGSL-GR:4395,,
depict,2,NAWL:324|NGSL-GR:3333,,
derivative,2,NAWL:285|NGSL-GR:5003,,
desirable,2,TSL:969|NGSL-GR:3775,,
desperate,2,TSL:1119|NGSL-GR:2971,,
detection,2,NAWL:155,,
deteriorate,2,TSL:1245|NGSL-GR:4783,,
devastate,2,TSL:1120|NGSL-GR:3530,,
developmental,2,NAWL:34|NGSL-GR:3830,word-family-candidate,Part of derivational family candidate: develop.
deviation,2,NAWL:184,,
diagnose,2,TSL:709|NAWL:483|NGSL-GR:3951,,
diagnosis,2,NAWL:56|NGSL-GR:3340,,
diagnostic,2,TSL:1121|NAWL:218,,
diagram,2,TSL:1122|NAWL:186|NGSL-GR:3590,,
dialect,2,NAWL:280|NGSL-GR:4638,,
diameter,2,NAWL:145|NGSL-GR:4212,,
diamond,2,TSL:1123|NGSL-GR:3826,,
differential,2,NAWL:92|NGSL-GR:4868,word-family-candidate,Part of derivational family candidate: differenti.
differentiate,2,NAWL:298|NGSL-GR:4136,word-family-candidate,Part of derivational family candidate: differenti.
differentiation,2,NAWL:319,word-family-candidate|very-long,Part of derivational family candidate: differenti. / 15 letters or more.
diffusion,2,NAWL:288,,
diploma,2,TSL:814,,
disable,2,TSL:1124|NGSL-GR:3026,,
disagreement,2,TSL:763|NGSL-GR:4042,,
disappointment,2,TSL:764|NGSL-GR:3651,,
discard,2,TSL:1209|NGSL-GR:4688,,
disconnect,2,TSL:859,,
discontinue,2,TSL:710,,
discourse,2,NAWL:25|NGSL-GR:3382,,
discrepancy,2,TSL:970,,
discrete,2,NAWL:253,,
disgust,2,TSL:1125|NGSL-GR:3779,,
dishwasher,2,TSL:711,,
dispatch,2,TSL:971|NGSL-GR:4060,,
dispose,2,TSL:860|NGSL-GR:4497,,
disrupt,2,TSL:861|NGSL-GR:4512,,
dissatisfy,2,TSL:765,,
distraction,2,TSL:904,word-family-candidate,Part of derivational family candidate: distract.
distributor,2,TSL:815|NGSL-GR:4738,,
disturbance,2,NAWL:236|NGSL-GR:4433,,
dive,2,TSL:816|NGSL-GR:3108,,
diverse,2,NAWL:217|NGSL-GR:3054,,
domain,2,NAWL:8|NGSL-GR:2919,,
dominant,2,NAWL:80|NGSL-GR:2973,,
donut,2,TSL:1126,,
doorman,2,TSL:1127,,
dose,2,TSL:1042|NAWL:110|NGSL-GR:2978,,
downsize,2,TSL:905,,
drastically,2,TSL:1210,,
drawback,2,TSL:972|NGSL-GR:4844,,
drought,2,TSL:712|NGSL-GR:4938,,
drum,2,TSL:1043|NGSL-GR:3475,,
dull,2,TSL:973|NGSL-GR:3506,,
dynamic,2,TSL:862|NAWL:6|NGSL-GR:2880,,
economically,2,TSL:974|NAWL:725|NGSL-GR:4405,word-family-candidate,Part of derivational family candidate: econom.
economize,2,TSL:713,word-family-candidate,Part of derivational family candidate: econom.
electron,2,NAWL:29|NGSL-GR:4062,,
electronically,2,TSL:1128,,
elephant,2,TSL:906|NGSL-GR:3677,,
elevate,2,TSL:1129|NAWL:445|NGSL-GR:4322,,
elite,2,NAWL:116|NGSL-GR:3186,,
embed,2,TSL:1044|NAWL:199|NGSL-GR:3791,potential-inflection,Ends with an inflection-like suffix; no matching base word found in the master list.
emergence,2,NAWL:149|NGSL-GR:4240,,
emission,2,NAWL:231|NGSL-GR:2958,,
empirical,2,NAWL:49|NGSL-GR:4085,,
encode,2,NAWL:128,,
energetic,2,TSL:817,,
engagement,2,TSL:1130|NGSL-GR:3247,,
enjoyable,2,TSL:766|NGSL-GR:3882,,
enrollment,2,TSL:1131,,
enthusiasm,2,TSL:907|NGSL-GR:2989,,
enthusiast,2,TSL:908,word-family-candidate,Part of derivational family candidate: enthusiast.
enthusiastically,2,TSL:863,word-family-candidate|very-long,Part of derivational family candidate: enthusiast. / 15 letters or more.
entity,2,NAWL:211|NGSL-GR:3076,,
environmentally,2,TSL:818,very-long,15 letters or more.
enzyme,2,NAWL:160|NGSL-GR:4760,,
equality,2,NAWL:206|NGSL-GR:3829,,
equilibrium,2,NAWL:53|NGSL-GR:4782,,
erase,2,TSL:1211|NAWL:845,,
escalator,2,TSL:819,,
essentially,2,NAWL:100|NGSL-GR:2871,,
estimation,2,NAWL:182,,
ethical,2,NAWL:268|NGSL-GR:3833,,
ethics,2,TSL:1236|NAWL:388|NGSL-GR:3323,,
euro,2,TSL:1132|NGSL-GR:4666,,
evacuate,2,TSL:1045,,
evenly,2,TSL:975,,
evident,2,TSL:909|NAWL:153|NGSL-GR:3062,,
evolutionary,2,NAWL:177|NGSL-GR:5049,,
ex,2,NAWL:162|NGSL-GR:3122,very-short|typing-suitability,3 letters or fewer. / Length may be awkward for the typing-game target experience.
excellence,2,TSL:976,,
exclusively,2,TSL:977|NGSL-GR:3628,,
exotic,2,TSL:820|NGSL-GR:3877,,
expedite,2,TSL:1046,,
explicit,2,NAWL:72|NGSL-GR:3532,,
explicitly,2,NAWL:152|NGSL-GR:4126,,
explorer,2,TSL:1212,,
extinguisher,2,TSL:1047,,
fabric,2,TSL:821|NAWL:746|NGSL-GR:3237,,
factual,2,TSL:1213,,
faculty,2,TSL:767|NAWL:637|NGSL-GR:3332,,
familiarity,2,TSL:1048,,
farewell,2,TSL:978,,
fatigue,2,TSL:979|NAWL:655,,
favorable,2,TSL:768|NGSL-GR:3634,,
fertility,2,NAWL:328|NGSL-GR:5018,,
fetal,2,NAWL:274,,
fiber,2,NAWL:213|NGSL-GR:3167,,
finite,2,NAWL:26,,
firework,2,TSL:715,,
fiscal,2,TSL:980|NGSL-GR:2990,,
fixture,2,TSL:1214,,
flaw,2,TSL:1049|NGSL-GR:4028,,
fleet,2,TSL:981|NGSL-GR:3801,,
flexibility,2,TSL:910|NAWL:588|NGSL-GR:3240,,
flextime,2,TSL:911,,
flour,2,TSL:982|NGSL-GR:5047,,
fluctuate,2,TSL:1050|NGSL-GR:4829,,
fluent,2,TSL:1051,,
fluid,2,NAWL:33|NGSL-GR:3230,,
fog,2,TSL:983,very-short,3 letters or fewer.
footwear,2,TSL:1215,,
forbid,2,TSL:1133|NGSL-GR:3547,,
foreman,2,TSL:769,,
fork,2,TSL:1134|NGSL-GR:4162,,
formally,2,TSL:984|NAWL:504|NGSL-GR:3721,,
formulation,2,NAWL:279,,
fortunately,2,TSL:912|NGSL-GR:3087,,
forum,2,TSL:770|NAWL:763|NGSL-GR:4311,,
foster,2,TSL:1135|NGSL-GR:3151,,
founder,2,TSL:771|NGSL-GR:2962,,
fraction,2,NAWL:181|NGSL-GR:3320,,
freelance,2,TSL:864,,
freight,2,TSL:716,,
freighter,2,TSL:913,,
fry,2,TSL:717|NGSL-GR:3744,very-short,3 letters or fewer.
fundraise,2,TSL:772,,
fusion,2,NAWL:294|NGSL-GR:4672,,
gallon,2,TSL:718|NGSL-GR:4525,,
gardener,2,TSL:719,,
generalization,2,TSL:822|NAWL:334,word-family-candidate,Part of derivational family candidate: gener.
generalize,2,NAWL:93|NGSL-GR:4883,word-family-candidate,Part of derivational family candidate: gener.
generator,2,TSL:914,,
genre,2,TSL:1216|NGSL-GR:3710,,
getaway,2,TSL:1136,,
gossip,2,TSL:1137|NGSL-GR:4533,,
gradient,2,NAWL:209,,
gram,2,TSL:985|NAWL:815,,
grammatical,2,NAWL:135,,
graphics,2,TSL:773|NGSL-GR:3716,potential-plural|word-family-candidate,Looks like a plural form of: graphic. / Part of derivational family candidate: graph.
grill,2,TSL:865|NGSL-GR:4456,,
guidance,2,TSL:823|NGSL-GR:3056,,
gum,2,TSL:824,very-short,3 letters or fewer.
gymnasium,2,TSL:1217,,
habitual,2,TSL:866,,
hacker,2,TSL:1138,,
hallway,2,TSL:915,,
hamburger,2,TSL:916,,
handbook,2,TSL:986,,
handy,2,TSL:774|NGSL-GR:4803,,
hardworking,2,TSL:1139,potential-inflection,Ends with an inflection-like suffix; no matching base word found in the master list.
hazard,2,TSL:917|NGSL-GR:4099,,
hazardous,2,TSL:775,,
headphone,2,TSL:987,,
healthcare,2,TSL:776,,
healthful,2,TSL:1237,,
heater,2,TSL:988,,
helmet,2,TSL:989|NGSL-GR:4905,,
hereby,2,TSL:1218,,
hesitant,2,TSL:825,,
hesitation,2,TSL:1219,,
hierarchy,2,NAWL:237|NGSL-GR:4057,,
hiker,2,TSL:990,,
homeless,2,TSL:991|NGSL-GR:3788,,
homemade,2,TSL:1220,,
homeowner,2,TSL:918,,
honestly,2,TSL:1052|NGSL-GR:3592,,
horizontal,2,NAWL:142|NGSL-GR:4417,,
hospitality,2,TSL:1221|NGSL-GR:4882,,
housekeep,2,TSL:1053,,
humidity,2,TSL:777,,
hurricane,2,TSL:1054|NGSL-GR:4667,,
hygiene,2,TSL:1055,,
ideally,2,TSL:720,,
identical,2,NAWL:90|NGSL-GR:3135,,
ideology,2,NAWL:163|NGSL-GR:3725,,
immune,2,NAWL:282|NGSL-GR:4022,,
impatient,2,TSL:1140,,
imperative,2,TSL:919|NGSL-GR:4818,,
implicit,2,NAWL:276|NGSL-GR:4792,,
incidence,2,NAWL:130|NGSL-GR:4387,,
inclusion,2,NAWL:230|NGSL-GR:4347,,
inclusive,2,TSL:721,,
incoming,2,TSL:1222,potential-inflection,Ends with an inflection-like suffix; no matching base word found in the master list.
independently,2,NAWL:308|NGSL-GR:4001,,
indicator,2,TSL:826|NAWL:175|NGSL-GR:3096,,
indigenous,2,NAWL:306|NGSL-GR:4833,,
indirect,2,TSL:1141|NAWL:312|NGSL-GR:4237,,
individually,2,TSL:827|NAWL:659|NGSL-GR:4016,,
induce,2,NAWL:22|NGSL-GR:3091,,
induction,2,TSL:1223|NAWL:131,,
inefficient,2,TSL:1238,,
inequality,2,NAWL:89|NGSL-GR:4549,,
infect,2,NAWL:103|NGSL-GR:3363,,
infinite,2,NAWL:216,,
inflate,2,TSL:920,,
influential,2,TSL:778|NAWL:507|NGSL-GR:3556,,
inhibit,2,NAWL:247|NGSL-GR:4460,,
initiate,2,NAWL:245|NGSL-GR:3217,,
injection,2,NAWL:257|NGSL-GR:3637,,
insect,2,NAWL:259|NGSL-GR:3562,,
insert,2,TSL:921|NAWL:407|NGSL-GR:3324,,
inspiration,2,TSL:1224|NGSL-GR:3780,,
instability,2,NAWL:167,,
insufficient,2,TSL:722|NGSL-GR:4848,,
integral,2,TSL:1056|NAWL:159|NGSL-GR:4527,,
integration,2,NAWL:79|NGSL-GR:2960,,
intensity,2,NAWL:54|NGSL-GR:3273,,
intently,2,TSL:1225,,
interact,2,NAWL:156|NGSL-GR:3281,,
interactive,2,TSL:1057|NGSL-GR:4316,,
interface,2,NAWL:196|NGSL-GR:3434,,
interfere,2,TSL:1058|NAWL:621|NGSL-GR:3568,,
intermediate,2,NAWL:108|NGSL-GR:4756,,
internationally,2,TSL:867,very-long,15 letters or more.
interpreter,2,TSL:1142|NGSL-GR:4822,,
intersection,2,TSL:1143,,
interval,2,NAWL:24|NGSL-GR:2994,,
introductory,2,TSL:723,,
invaluable,2,TSL:868,,
ion,2,NAWL:14,very-short,3 letters or fewer.
irrelevant,2,TSL:1144|NAWL:651|NGSL-GR:4435,,
jeans,2,TSL:1145|NGSL-GR:2910,,
journalism,2,TSL:1146|NGSL-GR:4750,,
junior,2,TSL:828|NAWL:835|NGSL-GR:2984,,
junk,2,TSL:724|NGSL-GR:4464,,
kilogram,2,TSL:1059,,
lateral,2,NAWL:256,,
layoff,2,TSL:1060,,
leaf,2,NAWL:203|NGSL-GR:3796,,
lecturer,2,TSL:922|NAWL:860,,
letterhead,2,TSL:1147,,
lexical,2,NAWL:44,,
lifeguard,2,TSL:1148,,
lifestyle,2,TSL:829|NAWL:716|NGSL-GR:2925,,
lighter,2,TSL:992,comparative-superlative,Looks like a comparative/superlative form of: light.
lightweight,2,TSL:1061,,
likelihood,2,NAWL:226|NGSL-GR:3923,,
likewise,2,TSL:830|NAWL:438|NGSL-GR:3982,,
linear,2,NAWL:16|NGSL-GR:4330,,
linguistic,2,NAWL:20|NGSL-GR:3444,,
liter,2,TSL:1239|NAWL:872,,
locus,2,NAWL:115,,
longitudinal,2,NAWL:263,,
loop,2,NAWL:283|NGSL-GR:3734,,
loudly,2,TSL:993,,
loyalty,2,TSL:994|NGSL-GR:3396,,
magnetic,2,NAWL:104|NGSL-GR:4112,,
magnitude,2,NAWL:228|NGSL-GR:4205,,
manuscript,2,NAWL:133|NGSL-GR:3512,,
marginal,2,NAWL:265|NGSL-GR:4296,,
marker,2,NAWL:48|NGSL-GR:3770,,
maternal,2,NAWL:112|NGSL-GR:4329,,
mathematical,2,NAWL:225|NGSL-GR:4065,,
matrix,2,NAWL:15|NGSL-GR:4084,,
meaningful,2,TSL:923|NAWL:481|NGSL-GR:3665,,
mediate,2,NAWL:168,,
membrane,2,NAWL:41|NGSL-GR:4184,,
memorize,2,TSL:924|NAWL:910,,
merchant,2,TSL:925|NGSL-GR:3361,,
merit,2,TSL:1062|NGSL-GR:3214,,
messenger,2,TSL:869|NAWL:821,,
methodology,2,NAWL:210|NGSL-GR:4356,,
microwave,2,TSL:995,,
mid,2,NAWL:174|NGSL-GR:2889,very-short,3 letters or fewer.
migration,2,NAWL:224|NGSL-GR:4092,,
mileage,2,TSL:726,,
minimal,2,NAWL:140|NGSL-GR:3730,,
misidentify,2,TSL:996,,
modem,2,TSL:1149,,
modification,2,TSL:926|NAWL:243|NGSL-GR:3896,,
molecular,2,NAWL:36|NGSL-GR:4294,,
molecule,2,NAWL:47|NGSL-GR:3522,,
monument,2,TSL:1150|NGSL-GR:3246,,
morale,2,TSL:831|NGSL-GR:4897,,
morphological,2,NAWL:255,possibly-specialized,Long academic-looking technical form; review suitability for typing practice.
morphology,2,NAWL:188,,
mortality,2,NAWL:61|NGSL-GR:3717,,
mosquito,2,TSL:1151,,
mower,2,TSL:1226,,
mutation,2,NAWL:73,,
namely,2,NAWL:107|NGSL-GR:3266,,
nationwide,2,TSL:779|NGSL-GR:4522,,
neat,2,TSL:997|NAWL:897|NGSL-GR:3316,,
necklace,2,TSL:1063,,
needy,2,TSL:1064,,
neural,2,NAWL:157,,
neuron,2,NAWL:42,,
neutral,2,NAWL:264|NGSL-GR:3756,,
node,2,NAWL:58|NGSL-GR:4763,,
noisy,2,TSL:727|NAWL:875|NGSL-GR:4038,,
nomination,2,TSL:998|NGSL-GR:3458,word-family-candidate,Part of derivational family candidate: nomin.
non,2,NAWL:233|NGSL-GR:4132,very-short,3 letters or fewer.
nonlinear,2,NAWL:183,,
norm,2,NAWL:96|NGSL-GR:3392,,
notation,2,NAWL:222,,
nucleus,2,NAWL:77|NGSL-GR:4035,,
numerical,2,NAWL:106,,
nutrition,2,TSL:1227,,
obligate,2,TSL:1152,,
oblige,2,TSL:1153|NGSL-GR:3157,,
observer,2,NAWL:331|NGSL-GR:3069,,
occupant,2,TSL:927,,
occurrence,2,TSL:1154|NAWL:111|NGSL-GR:4267,,
officially,2,TSL:999|NGSL-GR:3546,,
onset,2,NAWL:78|NGSL-GR:4675,,
operational,2,TSL:1155|NGSL-GR:3856,,
optimal,2,NAWL:71|NGSL-GR:4971,,
oral,2,NAWL:173|NGSL-GR:3586,,
orchestra,2,TSL:832|NGSL-GR:4274,,
organ,2,NAWL:208|NGSL-GR:3043,,
organism,2,NAWL:148|NGSL-GR:3863,,
organizational,2,TSL:833|NGSL-GR:2959,,
outage,2,TSL:1156,,
outer,2,NAWL:221|NGSL-GR:3417,,
outfit,2,TSL:1000|NGSL-GR:3986,,
outlook,2,TSL:834|NGSL-GR:4563,,
overcharge,2,TSL:928,,
overcrowd,2,TSL:1157,,
overlap,2,NAWL:150|NGSL-GR:3820,,
overpay,2,TSL:1065,,
oversee,2,TSL:929|NGSL-GR:4411,,
oxygen,2,NAWL:278|NGSL-GR:3421,,
pad,2,TSL:780|NGSL-GR:3559,very-short,3 letters or fewer.
pamphlet,2,TSL:1066,,
pan,2,TSL:728|NGSL-GR:3827,very-short,3 letters or fewer.
paperback,2,TSL:870,,
par,2,NAWL:13|NGSL-GR:2975,very-short,3 letters or fewer.
paradigm,2,NAWL:214|NGSL-GR:4735,,
paralegal,2,TSL:1158,,
parameter,2,NAWL:4|NGSL-GR:3161,,
paraphrase,2,TSL:781,,
parcel,2,TSL:729|NAWL:859|NGSL-GR:4491,,
parental,2,NAWL:326|NGSL-GR:3842,,
partial,2,TSL:1067|NAWL:59|NGSL-GR:3385,,
partially,2,TSL:1159|NAWL:300|NGSL-GR:3797,,
particle,2,NAWL:64|NGSL-GR:3216,,
partition,2,NAWL:244,,
pasta,2,TSL:730,,
pastry,2,TSL:1001,,
pathway,2,NAWL:81|NGSL-GR:4372,,
penalize,2,TSL:1068,,
pepper,2,TSL:1160|NGSL-GR:4114,,
periodic,2,NAWL:240,word-family-candidate,Part of derivational family candidate: period.
periodical,2,TSL:731,word-family-candidate,Part of derivational family candidate: period.
permanently,2,TSL:1161|NGSL-GR:4509,,
personalize,2,TSL:1002,,
petition,2,TSL:930|NGSL-GR:4279,,
philosophical,2,NAWL:302|NGSL-GR:4298,,
phonological,2,NAWL:76,possibly-specialized,Long academic-looking technical form; review suitability for typing practice.
physics,2,TSL:835|NAWL:628|NGSL-GR:4976,,
physiological,2,NAWL:311,possibly-specialized,Long academic-looking technical form; review suitability for typing practice.
pill,2,TSL:732|NGSL-GR:3838,,
pillow,2,TSL:931|NGSL-GR:4766,,
placement,2,TSL:782|NGSL-GR:4494,,
plow,2,TSL:1162|NGSL-GR:4987,,
pole,2,TSL:836|NAWL:612|NGSL-GR:3482,,
pollute,2,TSL:1069|NGSL-GR:4854,,
poorly,2,TSL:1003|NGSL-GR:4011,,
popcorn,2,TSL:932,,
portable,2,TSL:733|NGSL-GR:4673,,
postal,2,TSL:783,,
pottery,2,TSL:933,,
pre,2,NAWL:303,very-short,3 letters or fewer.
prescribe,2,TSL:1070|NGSL-GR:2983,,
prestigious,2,TSL:1004,,
prevalence,2,NAWL:91,,
probable,2,TSL:1071|NGSL-GR:4961,,
probe,2,NAWL:223|NGSL-GR:3415,,
professionally,2,TSL:934,,
prominent,2,TSL:1072|NAWL:305|NGSL-GR:2940,,
proposition,2,NAWL:88|NGSL-GR:3159,,
psychiatric,2,NAWL:317|NGSL-GR:4931,,
psychology,2,NAWL:215|NGSL-GR:3411,,
publicity,2,TSL:784|NGSL-GR:3011,word-family-candidate,Part of derivational family candidate: public.
publicize,2,TSL:935,word-family-candidate,Part of derivational family candidate: public.
pulse,2,NAWL:95|NGSL-GR:3776,,
punctual,2,TSL:734,,
purser,2,TSL:1005,,
puzzle,2,TSL:837|NAWL:613|NGSL-GR:3014,,
quantitative,2,NAWL:165|NGSL-GR:4808,,
query,2,TSL:1163|NGSL-GR:3393,,
radiation,2,NAWL:197|NGSL-GR:3615,,
railway,2,TSL:1164|NGSL-GR:2885,,
raincoat,2,TSL:1165,,
rainfall,2,TSL:1073|NAWL:573,,
rational,2,NAWL:114|NGSL-GR:3403,,
ray,2,TSL:936|NAWL:536|NGSL-GR:4418,very-short,3 letters or fewer.
readily,2,NAWL:330|NGSL-GR:3346,,
reassure,2,TSL:1006|NGSL-GR:3806,,
rebate,2,TSL:871,,
receptor,2,NAWL:30,,
recession,2,TSL:1240|NGSL-GR:2977,,
reconsider,2,TSL:1166,,
recreation,2,TSL:735,,
recur,2,TSL:872,,
redecorate,2,TSL:937,,
redesign,2,TSL:1167,,
refinery,2,TSL:938,,
reflexive,2,TSL:838,,
refresh,2,TSL:939|NGSL-GR:4410,,
refundable,2,TSL:940,,
regime,2,NAWL:45|NGSL-GR:2873,,
regression,2,NAWL:55,,
rehearsal,2,TSL:1168|NGSL-GR:5040,,
reimbursement,2,TSL:941,,
relaxation,2,TSL:1169|NGSL-GR:5042,,
reliability,2,TSL:942|NAWL:402|NGSL-GR:3619,,
relieve,2,TSL:736|NGSL-GR:3007,,
relocation,2,TSL:1074,,
reluctant,2,TSL:943|NGSL-GR:3462,,
reminder,2,TSL:737|NGSL-GR:4102,,
render,2,NAWL:307|NGSL-GR:3009,,
renter,2,TSL:785,,
repairperson,2,TSL:786,,
repeatedly,2,TSL:787|NGSL-GR:3601,,
repertoire,2,NAWL:1|NGSL-GR:2866,,
repetition,2,TSL:1170|NGSL-GR:4947,,
reproduce,2,TSL:873|NAWL:362|NGSL-GR:4021,,
resemble,2,TSL:1246|NAWL:419|NGSL-GR:3405,,
residence,2,TSL:1075|NGSL-GR:3413,,
residual,2,NAWL:293,,
restatement,2,TSL:1228,,
restroom,2,TSL:788,,
resume,2,TSL:1007|NGSL-GR:3052,,
retreat,2,TSL:1171|NGSL-GR:3420,,
retrieve,2,TSL:1076|NAWL:631|NGSL-GR:4682,,
reunion,2,TSL:1008,,
revolutionize,2,TSL:1009,,
rider,2,TSL:1077|NGSL-GR:4149,,
ritual,2,NAWL:327|NGSL-GR:3265,,
robot,2,NAWL:50|NGSL-GR:3509,,
rotation,2,NAWL:238|NGSL-GR:4926,,
rubber,2,TSL:1078|NGSL-GR:3269,,
rug,2,TSL:1079,very-short,3 letters or fewer.
rumor,2,TSL:738|NGSL-GR:3049,,
salespeople,2,TSL:1080,,
salon,2,TSL:1172,,
satellite,2,TSL:1173|NGSL-GR:2932,,
scarf,2,TSL:739,,
scenario,2,NAWL:250|NGSL-GR:2997,,
scenery,2,TSL:1174|NGSL-GR:4979,,
seafood,2,TSL:1010,,
seaside,2,TSL:740,,
sedan,2,TSL:1229,,
selective,2,NAWL:322|NGSL-GR:4565,,
semantic,2,NAWL:12|NGSL-GR:4226,,
sensitivity,2,NAWL:69|NGSL-GR:3539,,
separation,2,NAWL:192|NGSL-GR:3359,,
serial,2,TSL:1175|NGSL-GR:3298,,
sew,2,TSL:1176|NGSL-GR:4374,very-short,3 letters or fewer.
sewer,2,TSL:944,,
sharply,2,TSL:1081|NGSL-GR:2956,,
shorten,2,TSL:741,,
signify,2,TSL:1011,,
silently,2,TSL:789,,
similarity,2,TSL:1082|NAWL:70|NGSL-GR:3454,,
simulation,2,NAWL:43|NGSL-GR:4515,,
simultaneously,2,NAWL:235|NGSL-GR:3280,,
sin,2,NAWL:119|NGSL-GR:3141,very-short,3 letters or fewer.
singular,2,NAWL:272,,
skate,2,TSL:945|NGSL-GR:4843,,
skateboard,2,TSL:946,,
sketch,2,TSL:1177|NAWL:459|NGSL-GR:3662,,
sleepy,2,TSL:947,,
slot,2,TSL:1012|NAWL:772|NGSL-GR:3432,,
smartphone,2,TSL:1178,,
snowy,2,TSL:839,,
soar,2,TSL:1179|NGSL-GR:3844,,
someday,2,TSL:1083,,
spa,2,TSL:790,very-short,3 letters or fewer.
span,2,NAWL:277|NGSL-GR:3300,,
spatial,2,NAWL:38,,
specially,2,TSL:742|NGSL-GR:3134,,
specimen,2,NAWL:289|NGSL-GR:4051,,
spectator,2,TSL:1084|NGSL-GR:4832,,
spectrum,2,NAWL:75|NGSL-GR:3241,,
sperm,2,NAWL:164|NGSL-GR:3220,,
sphere,2,NAWL:166|NGSL-GR:4026,,
spill,2,TSL:743|NGSL-GR:3741,,
spouse,2,TSL:744|NGSL-GR:4234,,
spray,2,TSL:874|NAWL:840|NGSL-GR:3540,,
spreadsheet,2,TSL:791,,
staple,2,TSL:875,,
stapler,2,TSL:792,,
statistical,2,NAWL:51|NGSL-GR:3354,word-family-candidate,Part of derivational family candidate: statist.
steak,2,TSL:840,,
steer,2,TSL:1013|NGSL-GR:3569,,
stereo,2,TSL:1085,,
sticker,2,TSL:841,,
stimulus,2,TSL:1180|NAWL:27|NGSL-GR:3195,,
stockbroker,2,TSL:1181,,
storeroom,2,TSL:1086,,
strategic,2,TSL:876|NAWL:456|NGSL-GR:2882,,
streamline,2,TSL:793,,
stripe,2,TSL:877|NAWL:834|NGSL-GR:4587,,
subset,2,NAWL:85,,
subsidize,2,TSL:1087,,
substantially,2,TSL:794|NGSL-GR:3668,,
substitution,2,NAWL:151,,
subtract,2,TSL:745|NAWL:804,,
sue,2,TSL:1014|NGSL-GR:3398,very-short,3 letters or fewer.
sufficiently,2,NAWL:194|NGSL-GR:3526,,
sunscreen,2,TSL:1230,,
superb,2,TSL:1015|NGSL-GR:3793,,
suspicious,2,TSL:1088|NGSL-GR:4096,,
syllable,2,NAWL:101|NGSL-GR:4716,,
symbolic,2,NAWL:309|NGSL-GR:4046,,
syndrome,2,NAWL:122|NGSL-GR:4291,,
syntactic,2,NAWL:86,,
syntax,2,NAWL:190,,
synthesis,2,NAWL:143,,
systematic,2,NAWL:141|NGSL-GR:3970,,
tablecloth,2,TSL:1182,,
tablet,2,TSL:746,,
tailor,2,TSL:948|NGSL-GR:4552,,
tasty,2,TSL:1089,,
teen,2,TSL:878|NGSL-GR:3362,,
telecommunication,2,TSL:842|NGSL-GR:4477,very-long,15 letters or more.
teller,2,TSL:795,,
temporal,2,NAWL:63,,
tempt,2,TSL:879|NAWL:776|NGSL-GR:3328,,
termination,2,TSL:949,word-family-candidate,Part of derivational family candidate: termin.
terrific,2,TSL:1090|NGSL-GR:4386,,
theft,2,TSL:950|NGSL-GR:4516,,
theorem,2,NAWL:31,,
thereby,2,NAWL:189|NGSL-GR:3196,,
thesis,2,NAWL:118|NGSL-GR:3805,,
thirsty,2,TSL:1183,,
threshold,2,NAWL:121|NGSL-GR:3966,,
thrill,2,TSL:1184|NGSL-GR:3262,,
thunderstorm,2,TSL:951,,
tidy,2,TSL:796|NGSL-GR:4313,,
tile,2,TSL:1185|NGSL-GR:3972,,
timeline,2,TSL:1241,,
timely,2,TSL:843,,
timer,2,TSL:880,,
toiletry,2,TSL:1186,,
toll,2,TSL:797|NGSL-GR:4306,,
ton,2,TSL:747|NAWL:679|NGSL-GR:3082,very-short,3 letters or fewer.
toner,2,TSL:798,,
trademark,2,TSL:1187,,
traditionally,2,TSL:1016|NAWL:544|NGSL-GR:3270,,
trait,2,NAWL:97|NGSL-GR:3873,,
trajectory,2,NAWL:132,,
transformation,2,NAWL:37|NGSL-GR:3034,,
transmission,2,TSL:952|NAWL:109|NGSL-GR:3664,,
transmit,2,TSL:953|NAWL:416|NGSL-GR:3517,,
tremendous,2,TSL:1017|NAWL:825|NGSL-GR:2928,,
tropical,2,TSL:1188|NAWL:187|NGSL-GR:3660,,
tumor,2,NAWL:212|NGSL-GR:3869,,
tuna,2,TSL:1189,,
unauthorized,2,TSL:1247,potential-inflection,Ends with an inflection-like suffix; no matching base word found in the master list.
uncomfortable,2,TSL:844|NGSL-GR:3357,,
underground,2,TSL:1091|NGSL-GR:2914,,
underway,2,TSL:1018,,
unemployed,2,TSL:1190|NAWL:759|NGSL-GR:3407,potential-inflection,Ends with an inflection-like suffix; no matching base word found in the master list.
unity,2,NAWL:316|NGSL-GR:3867,,
unload,2,TSL:881,,
unpaid,2,TSL:1092,,
unpleasant,2,TSL:1019|NGSL-GR:4285,,
unplug,2,TSL:1249,,
unreliable,2,TSL:1242,,
unused,2,TSL:954,potential-inflection,Ends with an inflection-like suffix; no matching base word found in the master list.
unusually,2,TSL:882|NGSL-GR:4980,,
urgently,2,TSL:799,,
utilize,2,NAWL:310|NGSL-GR:3771,,
utterance,2,NAWL:127|NGSL-GR:4592,,
vacate,2,TSL:883,,
validate,2,TSL:1191,word-family-candidate,Part of derivational family candidate: valid.
validity,2,NAWL:239|NGSL-GR:4360,word-family-candidate,Part of derivational family candidate: valid.
vanilla,2,TSL:1192,,
variability,2,NAWL:220,,
variance,2,NAWL:46,,
variant,2,NAWL:176|NGSL-GR:4809,,
vector,2,NAWL:28,,
velocity,2,NAWL:23|NGSL-GR:4965,,
vend,2,TSL:748,,
vertical,2,NAWL:198|NGSL-GR:3648,,
videoconference,2,TSL:1250,very-long,15 letters or more.
violate,2,TSL:1248|NGSL-GR:3374,,
violin,2,TSL:1020,,
virtue,2,NAWL:297|NGSL-GR:3065,,
vocabulary,2,NAWL:126|NGSL-GR:2986,,
volleyball,2,TSL:1093,,
vowel,2,NAWL:52|NGSL-GR:4838,,
waive,2,TSL:955,,
walkway,2,TSL:800,,
ward,2,TSL:1021|NGSL-GR:3552,,
wellness,2,TSL:1231,,
whale,2,TSL:884|NGSL-GR:3464,,
wheelchair,2,TSL:1094,,
whoever,2,TSL:1095|NAWL:912|NGSL-GR:3582,,
widespread,2,NAWL:291|NGSL-GR:2957,,
willingness,2,TSL:1193|NGSL-GR:3883,,
wisely,2,TSL:885,,
wool,2,TSL:1096|NGSL-GR:4448,,
workbook,2,TSL:1232,,
worthwhile,2,TSL:1022|NGSL-GR:4266,,
wrinkle,2,TSL:1097,,
wristwatch,2,TSL:1194,,
yen,2,TSL:956,very-short,3 letters or fewer.
yoga,2,TSL:749,,
a,3,NGSL-GR:56,very-short|possibly-too-basic|typing-suitability,3 letters or fewer. / Common basic word appears in an advanced level. / Length may be awkward for the typing-game target experience.
abdominal,3,NAWL:774,,
able,3,NGSL-GR:321,,
about,3,NGSL-GR:87,possibly-too-basic,Common basic word appears in an advanced level.
above,3,NGSL-GR:490,,
absorption,3,NAWL:435,,
accelerate,3,NAWL:502|NGSL-GR:3583,,
acceleration,3,NAWL:470,,
account,3,NGSL-GR:486,,
accumulation,3,NAWL:389,,
acidic,3,NAWL:855,,
across,3,NGSL-GR:433,,
action,3,NGSL-GR:524,,
activity,3,NGSL-GR:482,,
actually,3,NGSL-GR:341,,
adaptive,3,NAWL:349,word-family-candidate,Part of derivational family candidate: adapt.
add,3,NGSL-GR:464,very-short,3 letters or fewer.
adverse,3,NAWL:448|NGSL-GR:4206,,
aerosol,3,NAWL:933,,
aesthetic,3,NAWL:353|NGSL-GR:4424,,
affirm,3,NAWL:754,,
after,3,NGSL-GR:134,possibly-too-basic,Common basic word appears in an advanced level.
again,3,NGSL-GR:225,possibly-too-basic,Common basic word appears in an advanced level.
against,3,NGSL-GR:274,,
age,3,NGSL-GR:332,very-short,3 letters or fewer.
ago,3,NGSL-GR:422,very-short,3 letters or fewer.
agree,3,NGSL-GR:470,,
agriculture,3,NAWL:355|NGSL-GR:3079,,
alien,3,NAWL:713|NGSL-GR:3753,,
all,3,NGSL-GR:83,very-short|possibly-too-basic,3 letters or fewer. / Common basic word appears in an advanced level.
alliance,3,NAWL:518|NGSL-GR:3055,,
allocation,3,NAWL:410|NGSL-GR:3735,,
allow,3,NGSL-GR:374,,
almost,3,NGSL-GR:357,,
along,3,NGSL-GR:438,,
already,3,NGSL-GR:352,,
also,3,NGSL-GR:122,possibly-too-basic,Common basic word appears in an advanced level.
although,3,NGSL-GR:328,,
altitude,3,NAWL:787,,
aluminum,3,NAWL:814|NGSL-GR:4704,,
always,3,NGSL-GR:233,,
among,3,NGSL-GR:426,,
amongst,3,NAWL:431|NGSL-GR:2898,,
analogy,3,NAWL:447|NGSL-GR:4772,,
ancestor,3,NAWL:607|NGSL-GR:4056,,
and,3,NGSL-GR:53,very-short|possibly-too-basic,3 letters or fewer. / Common basic word appears in an advanced level.
another,3,NGSL-GR:190,,
answer,3,NGSL-GR:405,,
anthropology,3,NAWL:638,possibly-specialized,Long academic-looking technical form; review suitability for typing practice.
anti,3,NAWL:732,,
antibiotic,3,NAWL:639|NGSL-GR:4894,,
antiquity,3,NAWL:758,,
any,3,NGSL-GR:133,very-short|possibly-too-basic,3 letters or fewer. / Common basic word appears in an advanced level.
anything,3,NGSL-GR:368,potential-inflection,Ends with an inflection-like suffix; no matching base word found in the master list.
appear,3,NGSL-GR:455,,
applause,3,NAWL:950,,
approach,3,NGSL-GR:545,,
area,3,NGSL-GR:254,,
around,3,NGSL-GR:220,,
arrow,3,NAWL:361|NGSL-GR:4072,,
articulate,3,NAWL:440|NGSL-GR:3831,,
artifact,3,NAWL:529|NGSL-GR:4556,,
artificial,3,NAWL:369|NGSL-GR:3372,,
artwork,3,NAWL:917,,
as,3,NGSL-GR:72,very-short|possibly-too-basic|typing-suitability,3 letters or fewer. / Common basic word appears in an advanced level. / Length may be awkward for the typing-game target experience.
ask,3,NGSL-GR:184,very-short|possibly-too-basic,3 letters or fewer. / Common basic word appears in an advanced level.
at,3,NGSL-GR:73,very-short|possibly-too-basic|typing-suitability,3 letters or fewer. / Common basic word appears in an advanced level. / Length may be awkward for the typing-game target experience.
atomic,3,NAWL:601,,
audio,3,NAWL:803|NGSL-GR:3936,,
available,3,NGSL-GR:509,,
away,3,NGSL-GR:284,,
axiom,3,NAWL:643,,
back,3,NGSL-GR:144,possibly-too-basic,Common basic word appears in an advanced level.
backward,3,NAWL:568|NGSL-GR:3129,,
bacterial,3,NAWL:498,,
bad,3,NGSL-GR:318,very-short,3 letters or fewer.
bang,3,NAWL:923|NGSL-GR:3543,,
barrel,3,NAWL:866|NGSL-GR:3603,,
base,3,NGSL-GR:377,,
basin,3,NAWL:487|NGSL-GR:4853,,
bat,3,NAWL:667|NGSL-GR:3205,very-short,3 letters or fewer.
be,3,NGSL-GR:52,very-short|possibly-too-basic|typing-suitability,3 letters or fewer. / Common basic word appears in an advanced level. / Length may be awkward for the typing-game target experience.
bear,3,NGSL-GR:505,,
because,3,NGSL-GR:112,possibly-too-basic,Common basic word appears in an advanced level.
become,3,NGSL-GR:191,,
before,3,NGSL-GR:156,,
begin,3,NGSL-GR:239,,
behind,3,NGSL-GR:542,,
believe,3,NGSL-GR:275,,
between,3,NGSL-GR:166,,
big,3,NGSL-GR:234,very-short|possibly-too-basic,3 letters or fewer. / Common basic word appears in an advanced level.
billion,3,NGSL-GR:48,,
binary,3,NAWL:462,,
biodiversity,3,NAWL:808,,
biologist,3,NAWL:822,,
bit,3,NGSL-GR:402,very-short,3 letters or fewer.
bizarre,3,NAWL:880|NGSL-GR:4335,,
black,3,NGSL-GR:461,,
blank,3,NAWL:791|NGSL-GR:3283,,
bleed,3,NAWL:764|NGSL-GR:3792,potential-inflection,Ends with an inflection-like suffix; no matching base word found in the master list.
bodily,3,NAWL:751,,
body,3,NGSL-GR:451,,
book,3,NGSL-GR:221,,
both,3,NGSL-GR:178,,
bracket,3,NAWL:681|NGSL-GR:4657,,
break,3,NGSL-GR:418,,
breakdown,3,NAWL:563|NGSL-GR:3554,,
bring,3,NGSL-GR:246,,
broadly,3,NAWL:548|NGSL-GR:4049,,
bubble,3,NAWL:680|NGSL-GR:3593,,
bucket,3,NAWL:890|NGSL-GR:4582,,
build,3,NGSL-GR:271,,
bullet,3,NAWL:914|NGSL-GR:3548,,
bundle,3,NAWL:585|NGSL-GR:3577,,
business,3,NGSL-GR:261,,
but,3,NGSL-GR:75,very-short|possibly-too-basic,3 letters or fewer. / Common basic word appears in an advanced level.
buy,3,NGSL-GR:292,very-short,3 letters or fewer.
by,3,NGSL-GR:77,very-short|possibly-too-basic|typing-suitability,3 letters or fewer. / Common basic word appears in an advanced level. / Length may be awkward for the typing-game target experience.
call,3,NGSL-GR:155,,
can,3,NGSL-GR:88,very-short|possibly-too-basic,3 letters or fewer. / Common basic word appears in an advanced level.
capillary,3,NAWL:710,,
capitalism,3,NAWL:577|NGSL-GR:4312,,
capitalist,3,NAWL:587|NGSL-GR:4775,,
car,3,NGSL-GR:310,very-short,3 letters or fewer.
care,3,NGSL-GR:363,,
carry,3,NGSL-GR:496,,
case,3,NGSL-GR:218,,
cattle,3,NAWL:379|NGSL-GR:3086,,
cause,3,NGSL-GR:369,,
censor,3,NAWL:851,,
center,3,NGSL-GR:384,,
certain,3,NGSL-GR:501,,
change,3,NGSL-GR:163,,
charge,3,NGSL-GR:548,,
cheat,3,NAWL:906|NGSL-GR:4004,,
chemotherapy,3,NAWL:708,,
chess,3,NAWL:935|NGSL-GR:4940,,
child,3,NGSL-GR:152,,
chloride,3,NAWL:792,,
choose,3,NGSL-GR:497,,
chunk,3,NAWL:809|NGSL-GR:4982,,
circa,3,NAWL:938,,
city,3,NGSL-GR:319,,
civilization,3,NAWL:496|NGSL-GR:3304,,
class,3,NGSL-GR:412,,
clay,3,NAWL:719|NGSL-GR:4032,,
clear,3,NGSL-GR:419,,
clever,3,NAWL:887|NGSL-GR:3037,,
clone,3,NAWL:403,,
close,3,NGSL-GR:289,,
coherent,3,NAWL:494|NGSL-GR:4900,,
color,3,NGSL-GR:428,,
come,3,NGSL-GR:115,possibly-too-basic,Common basic word appears in an advanced level.
comma,3,NAWL:879,,
commentary,3,NAWL:363|NGSL-GR:3891,,
commodity,3,NAWL:597|NGSL-GR:3676,,
communicative,3,NAWL:571,,
communist,3,NAWL:626|NGSL-GR:3185,,
community,3,NGSL-GR:515,,
company,3,NGSL-GR:157,,
competent,3,NAWL:743|NGSL-GR:4253,,
composite,3,NAWL:582|NGSL-GR:4857,,
computer,3,NGSL-GR:479,,
conceive,3,NAWL:417|NGSL-GR:3815,,
concern,3,NGSL-GR:353,,
condition,3,NGSL-GR:495,word-family-candidate,Part of derivational family candidate: condit.
conduction,3,NAWL:802,,
confine,3,NAWL:398|NGSL-GR:3190,,
confound,3,NAWL:742,,
congruent,3,NAWL:858,,
connector,3,NAWL:941,,
connotation,3,NAWL:823,,
conscious,3,NAWL:414|NGSL-GR:2981,,
consensus,3,NAWL:366|NGSL-GR:3109,,
conserve,3,NAWL:537,,
consider,3,NGSL-GR:345,,
constitution,3,NAWL:469|NGSL-GR:3395,,
continent,3,NAWL:627|NGSL-GR:3303,,
continue,3,NGSL-GR:358,,
contour,3,NAWL:464,,
contradictory,3,NAWL:684,,
control,3,NGSL-GR:351,,
controversy,3,NAWL:452|NGSL-GR:3001,,
coordination,3,NAWL:532|NGSL-GR:4978,,
coronary,3,NAWL:562,,
corruption,3,NAWL:617|NGSL-GR:3412,,
cost,3,NGSL-GR:302,,
could,3,NGSL-GR:116,,
country,3,NGSL-GR:193,,
course,3,NGSL-GR:214,,
cover,3,NGSL-GR:474,,
create,3,NGSL-GR:436,,
credibility,3,NAWL:810|NGSL-GR:4131,,
critically,3,NAWL:726,,
crude,3,NAWL:705|NGSL-GR:4118,,
crystal,3,NAWL:519|NGSL-GR:3675,,
cure,3,NAWL:683|NGSL-GR:2974,,
curriculum,3,NAWL:492|NGSL-GR:2930,,
customer,3,NGSL-GR:537,,
cut,3,NGSL-GR:506,very-short,3 letters or fewer.
cyclic,3,NAWL:695,,
cylinder,3,NAWL:510,,
damp,3,NAWL:724|NGSL-GR:4258,,
date,3,NGSL-GR:533,,
day,3,NGSL-GR:135,very-short|possibly-too-basic,3 letters or fewer. / Common basic word appears in an advanced level.
deal,3,NGSL-GR:371,,
decay,3,NAWL:413|NGSL-GR:4541,,
deceive,3,NAWL:895,,
decide,3,NGSL-GR:409,,
decision,3,NGSL-GR:499,,
deficiency,3,NAWL:499,,
deflection,3,NAWL:894,,
degrade,3,NAWL:744,,
deliberately,3,NAWL:707|NGSL-GR:3406,,
delta,3,NAWL:824,,
demonstrator,3,NAWL:951,,
denominator,3,NAWL:833,,
dense,3,NAWL:343|NGSL-GR:4195,,
descendent,3,NAWL:957,,
describe,3,NGSL-GR:507,,
descriptor,3,NAWL:900,,
design,3,NGSL-GR:491,,
detail,3,NGSL-GR:522,,
develop,3,NGSL-GR:400,word-family-candidate,Part of derivational family candidate: develop.
development,3,NGSL-GR:413,word-family-candidate,Part of derivational family candidate: develop.
diary,3,NAWL:663|NGSL-GR:2892,,
dictate,3,NAWL:689|NGSL-GR:4033,,
dictionary,3,NAWL:468|NGSL-GR:3225,,
die,3,NGSL-GR:504,very-short,3 letters or fewer.
difference,3,NGSL-GR:523,,
different,3,NGSL-GR:199,,
difficult,3,NGSL-GR:520,,
dilemma,3,NAWL:552|NGSL-GR:3949,,
dilute,3,NAWL:722,,
dimensional,3,NAWL:526,,
dioxide,3,NAWL:739|NGSL-GR:4481,,
directive,3,NAWL:711|NGSL-GR:4985,,
disability,3,NAWL:378|NGSL-GR:3356,,
disadvantage,3,NAWL:472|NGSL-GR:2879,,
discharge,3,NAWL:348|NGSL-GR:3489,,
discrimination,3,NAWL:394|NGSL-GR:3233,,
displacement,3,NAWL:493,,
dissection,3,NAWL:850,,
dissertation,3,NAWL:559,,
dissolve,3,NAWL:654|NGSL-GR:4199,,
do,3,NGSL-GR:71,very-short|possibly-too-basic|typing-suitability,3 letters or fewer. / Common basic word appears in an advanced level. / Length may be awkward for the typing-game target experience.
dominance,3,NAWL:409|NGSL-GR:4993,,
domination,3,NAWL:735,,
donor,3,NAWL:441|NGSL-GR:3655,,
door,3,NGSL-GR:540,,
down,3,NGSL-GR:159,possibly-too-basic,Common basic word appears in an advanced level.
drain,3,NAWL:773|NGSL-GR:3101,,
draw,3,NGSL-GR:531,,
drift,3,NAWL:522|NGSL-GR:3173,,
drive,3,NGSL-GR:437,,
during,3,NGSL-GR:232,potential-inflection,Ends with an inflection-like suffix; no matching base word found in the master list.
dye,3,NAWL:720,very-short,3 letters or fewer.
each,3,NGSL-GR:195,,
early,3,NGSL-GR:247,,
easy,3,NGSL-GR:458,,
eat,3,NGSL-GR:526,very-short|possibly-too-basic,3 letters or fewer. / Common basic word appears in an advanced level.
ecological,3,NAWL:350,,
ecology,3,NAWL:344,,
economic,3,NGSL-GR:543,word-family-candidate,Part of derivational family candidate: econom.
effect,3,NGSL-GR:365,,
eight,3,NGSL-GR:25,,
eighteen,3,NGSL-GR:35,,
eighty,3,NGSL-GR:43,,
either,3,NGSL-GR:421,,
elaborate,3,NAWL:405|NGSL-GR:3201,,
elastic,3,NAWL:687,,
elasticity,3,NAWL:682,,
elementary,3,NAWL:586|NGSL-GR:4192,,
elevation,3,NAWL:598,,
eleven,3,NGSL-GR:28,,
elimination,3,NAWL:615,,
else,3,NGSL-GR:516,,
emit,3,NAWL:741,,
emperor,3,NAWL:786,,
end,3,NGSL-GR:202,very-short,3 letters or fewer.
enforcement,3,NAWL:693|NGSL-GR:3274,,
enormously,3,NAWL:884,,
enough,3,NGSL-GR:317,,
entrant,3,NAWL:945,,
epidemic,3,NAWL:649|NGSL-GR:4708,,
epidemiology,3,NAWL:653,possibly-specialized,Long academic-looking technical form; review suitability for typing practice.
equivalence,3,NAWL:358,,
especially,3,NGSL-GR:510,,
essence,3,NAWL:509|NGSL-GR:3538,,
even,3,NGSL-GR:146,,
event,3,NGSL-GR:492,,
ever,3,NGSL-GR:367,,
every,3,NGSL-GR:230,,
everything,3,NGSL-GR:472,potential-inflection,Ends with an inflection-like suffix; no matching base word found in the master list.
example,3,NGSL-GR:285,,
execute,3,NAWL:545|NGSL-GR:2979,,
execution,3,NAWL:465|NGSL-GR:3301,,
expect,3,NGSL-GR:364,,
experience,3,NGSL-GR:314,,
explain,3,NGSL-GR:539,,
exploit,3,NAWL:354|NGSL-GR:2951,,
exponential,3,NAWL:503,,
eye,3,NGSL-GR:441,very-short,3 letters or fewer.
face,3,NGSL-GR:299,,
facet,3,NAWL:805,,
fact,3,NGSL-GR:252,,
factorial,3,NAWL:898,,
fall,3,NGSL-GR:370,,
family,3,NGSL-GR:222,,
far,3,NGSL-GR:295,very-short,3 letters or fewer.
father,3,NGSL-GR:498,,
feel,3,NGSL-GR:167,,
fever,3,NAWL:669|NGSL-GR:4122,,
few,3,NGSL-GR:245,very-short,3 letters or fewer.
fifteen,3,NGSL-GR:32,,
fifty,3,NGSL-GR:40,,
figure,3,NGSL-GR:407,,
film,3,NGSL-GR:483,,
fin,3,NAWL:813,very-short,3 letters or fewer.
find,3,NGSL-GR:131,,
first,3,NGSL-GR:128,,
five,3,NGSL-GR:22,,
flesh,3,NAWL:827|NGSL-GR:3653,,
flip,3,NAWL:857|NGSL-GR:3857,,
flux,3,NAWL:442,,
follow,3,NGSL-GR:238,,
food,3,NGSL-GR:417,,
footnote,3,NAWL:750,,
for,3,NGSL-GR:62,very-short|possibly-too-basic,3 letters or fewer. / Common basic word appears in an advanced level.
force,3,NGSL-GR:396,,
form,3,NGSL-GR:307,,
forty,3,NGSL-GR:39,,
forward,3,NGSL-GR:502,,
fossil,3,NAWL:524|NGSL-GR:4790,,
four,3,NGSL-GR:21,,
fourteen,3,NGSL-GR:31,,
fracture,3,NAWL:645,,
free,3,NGSL-GR:445,,
freely,3,NAWL:595|NGSL-GR:3638,,
friction,3,NAWL:697,,
friend,3,NGSL-GR:258,,
fringe,3,NAWL:820|NGSL-GR:4645,,
from,3,NGSL-GR:76,possibly-too-basic,Common basic word appears in an advanced level.
front,3,NGSL-GR:538,,
full,3,NGSL-GR:460,,
fundamentally,3,NAWL:676|NGSL-GR:4663,,
fungus,3,NAWL:748,,
further,3,NGSL-GR:450,,
future,3,NGSL-GR:420,,
game,3,NGSL-GR:443,,
gauge,3,NAWL:788|NGSL-GR:4956,,
general,3,NGSL-GR:454,word-family-candidate,Part of derivational family candidate: gener.
genetically,3,NAWL:702,,
genetics,3,NAWL:608,,
get,3,NGSL-GR:93,very-short|possibly-too-basic,3 letters or fewer. / Common basic word appears in an advanced level.
ghost,3,NAWL:828|NGSL-GR:3481,,
girl,3,NGSL-GR:513,,
give,3,NGSL-GR:127,possibly-too-basic,Common basic word appears in an advanced level.
globalization,3,NAWL:712|NGSL-GR:4366,,
go,3,NGSL-GR:81,very-short|possibly-too-basic|typing-suitability,3 letters or fewer. / Common basic word appears in an advanced level. / Length may be awkward for the typing-game target experience.
goat,3,NAWL:740|NGSL-GR:4302,,
good,3,NGSL-GR:106,possibly-too-basic,Common basic word appears in an advanced level.
goodness,3,NAWL:768|NGSL-GR:3731,,
government,3,NGSL-GR:266,,
grasp,3,NAWL:539|NGSL-GR:3257,,
gravity,3,NAWL:611|NGSL-GR:4379,,
great,3,NGSL-GR:174,,
grid,3,NAWL:491|NGSL-GR:4109,,
gross,3,NAWL:624|NGSL-GR:3115,,
group,3,NGSL-GR:217,,
grow,3,NGSL-GR:385,,
gut,3,NAWL:784|NGSL-GR:3694,very-short,3 letters or fewer.
habitat,3,NAWL:374|NGSL-GR:4318,,
half,3,NGSL-GR:415,,
halfway,3,NAWL:921|NGSL-GR:4332,,
hand,3,NGSL-GR:248,,
handout,3,NAWL:947,,
happen,3,NGSL-GR:286,,
hard,3,NGSL-GR:348,,
harvest,3,NAWL:370|NGSL-GR:3416,,
have,3,NGSL-GR:58,possibly-too-basic,Common basic word appears in an advanced level.
hawk,3,NAWL:946,,
he,3,NGSL-GR:61,very-short|possibly-too-basic|typing-suitability,3 letters or fewer. / Common basic word appears in an advanced level. / Length may be awkward for the typing-game target experience.
head,3,NGSL-GR:309,,
headquarters,3,NAWL:876,potential-plural,Looks like a plural form of: headquarter.
health,3,NGSL-GR:525,,
hear,3,NGSL-GR:228,,
hedge,3,NAWL:839|NGSL-GR:3441,,
helix,3,NAWL:733,,
help,3,NGSL-GR:183,,
hepatitis,3,NAWL:678,,
herbicide,3,NAWL:904,,
here,3,NGSL-GR:148,possibly-too-basic,Common basic word appears in an advanced level.
high,3,NGSL-GR:198,,
himself,3,NGSL-GR:508,,
hip,3,NAWL:728|NGSL-GR:3154,very-short,3 letters or fewer.
historically,3,NAWL:583|NGSL-GR:3758,,
history,3,NGSL-GR:435,,
hold,3,NGSL-GR:272,,
home,3,NGSL-GR:211,,
hope,3,NGSL-GR:300,,
horizon,3,NAWL:592|NGSL-GR:3401,,
hormone,3,NAWL:386|NGSL-GR:3992,,
hour,3,NGSL-GR:297,,
house,3,NGSL-GR:215,,
how,3,NGSL-GR:143,very-short|possibly-too-basic,3 letters or fewer. / Common basic word appears in an advanced level.
however,3,NGSL-GR:253,,
human,3,NGSL-GR:478,,
hundred,3,NGSL-GR:45,potential-inflection,Ends with an inflection-like suffix; no matching base word found in the master list.
hydrogen,3,NAWL:558|NGSL-GR:4476,,
i,3,NGSL-GR:70,very-short|possibly-too-basic|typing-suitability,3 letters or fewer. / Common basic word appears in an advanced level. / Length may be awkward for the typing-game target experience.
idea,3,NGSL-GR:301,,
if,3,NGSL-GR:84,very-short|possibly-too-basic|typing-suitability,3 letters or fewer. / Common basic word appears in an advanced level. / Length may be awkward for the typing-game target experience.
illusion,3,NAWL:666|NGSL-GR:4364,,
important,3,NGSL-GR:240,,
importantly,3,NAWL:520|NGSL-GR:3495,,
impulse,3,NAWL:515|NGSL-GR:4342,,
in,3,NGSL-GR:57,very-short|possibly-too-basic|typing-suitability,3 letters or fewer. / Common basic word appears in an advanced level. / Length may be awkward for the typing-game target experience.
incline,3,NAWL:691|NGSL-GR:3669,,
include,3,NGSL-GR:213,,
increase,3,NGSL-GR:280,,
incredible,3,NAWL:920|NGSL-GR:2936,,
incredibly,3,NAWL:943|NGSL-GR:3650,,
incumbent,3,NAWL:807,,
indifference,3,NAWL:844,,
individual,3,NGSL-GR:459,,
industrialization,3,NAWL:798,very-long,15 letters or more.
industrialize,3,NAWL:832,,
inevitably,3,NAWL:576|NGSL-GR:3277,,
infectious,3,NAWL:658,,
inferior,3,NAWL:579,,
infinity,3,NAWL:674,,
information,3,NGSL-GR:263,,
inhibition,3,NAWL:332,,
initiation,3,NAWL:591,,
inject,3,NAWL:564|NGSL-GR:3974,,
innate,3,NAWL:738,,
instinct,3,NAWL:831|NGSL-GR:3900,,
intensive,3,NAWL:546|NGSL-GR:3819,,
interest,3,NGSL-GR:192,,
interestingly,3,NAWL:489|NGSL-GR:4752,,
intervene,3,NAWL:599|NGSL-GR:3656,,
interviewer,3,NAWL:780,,
into,3,NGSL-GR:123,,
invade,3,NAWL:779|NGSL-GR:3952,,
invasion,3,NAWL:575|NGSL-GR:3228,,
inversion,3,NAWL:650,,
invert,3,NAWL:717,,
involve,3,NGSL-GR:429,,
irrigation,3,NAWL:662,,
issue,3,NGSL-GR:268,,
it,3,NGSL-GR:59,potential-abbreviation|very-short|possibly-too-basic|typing-suitability,Known abbreviation-like token after lowercasing. / 3 letters or fewer. / Common basic word appears in an advanced level. / Length may be awkward for the typing-game target experience.
job,3,NGSL-GR:281,very-short,3 letters or fewer.
join,3,NGSL-GR:519,,
just,3,NGSL-GR:114,,
justification,3,NAWL:460|NGSL-GR:4045,,
keep,3,NGSL-GR:227,,
kidney,3,NAWL:671|NGSL-GR:4877,,
kind,3,NGSL-GR:226,,
know,3,NGSL-GR:91,possibly-too-basic,Common basic word appears in an advanced level.
land,3,NGSL-GR:547,,
language,3,NGSL-GR:410,,
large,3,NGSL-GR:260,,
last,3,NGSL-GR:151,,
late,3,NGSL-GR:197,,
law,3,NGSL-GR:471,very-short,3 letters or fewer.
lead,3,NGSL-GR:291,,
learn,3,NGSL-GR:311,,
least,3,NGSL-GR:331,,
leave,3,NGSL-GR:176,,
legend,3,NAWL:771|NGSL-GR:3433,,
legitimate,3,NAWL:500|NGSL-GR:3386,,
less,3,NGSL-GR:303,,
let,3,NGSL-GR:224,very-short,3 letters or fewer.
letter,3,NGSL-GR:408,,
level,3,NGSL-GR:312,,
lever,3,NAWL:899,,
liable,3,NAWL:816|NGSL-GR:4612,,
life,3,NGSL-GR:161,,
light,3,NGSL-GR:399,,
like,3,NGSL-GR:95,possibly-too-basic,Common basic word appears in an advanced level.
limb,3,NAWL:630|NGSL-GR:4168,,
line,3,NGSL-GR:324,,
linguistics,3,NAWL:385,potential-plural,Looks like a plural form of: linguistic.
little,3,NGSL-GR:182,,
live,3,NGSL-GR:203,,
liver,3,NAWL:425|NGSL-GR:3983,,
local,3,NGSL-GR:350,,
long,3,NGSL-GR:165,,
look,3,NGSL-GR:125,possibly-too-basic,Common basic word appears in an advanced level.
lose,3,NGSL-GR:355,,
lot,3,NGSL-GR:173,very-short,3 letters or fewer.
love,3,NGSL-GR:279,,
low,3,NGSL-GR:333,very-short,3 letters or fewer.
lump,3,NAWL:869|NGSL-GR:4163,,
lung,3,NAWL:411|NGSL-GR:3249,,
main,3,NGSL-GR:503,,
major,3,NGSL-GR:488,,
make,3,NGSL-GR:98,possibly-too-basic,Common basic word appears in an advanced level.
man,3,NGSL-GR:162,very-short|possibly-too-basic,3 letters or fewer. / Common basic word appears in an advanced level.
manipulate,3,NAWL:517|NGSL-GR:3823,,
manipulation,3,NAWL:444|NGSL-GR:4990,,
many,3,NGSL-GR:149,,
marble,3,NAWL:817|NGSL-GR:4275,,
market,3,NGSL-GR:269,,
marrow,3,NAWL:829,,
matter,3,NGSL-GR:390,,
may,3,NGSL-GR:147,very-short,3 letters or fewer.
maybe,3,NGSL-GR:514,,
mean,3,NGSL-GR:145,,
meet,3,NGSL-GR:185,,
member,3,NGSL-GR:316,,
mercury,3,NAWL:874,,
metabolism,3,NAWL:549,,
metaphor,3,NAWL:423|NGSL-GR:3935,,
micro,3,NAWL:847,,
might,3,NGSL-GR:209,,
migrate,3,NAWL:673,,
millimeter,3,NAWL:919,,
million,3,NGSL-GR:47,,
mind,3,NGSL-GR:391,,
minus,3,NAWL:801|NGSL-GR:4449,,
minute,3,NGSL-GR:416,,
missile,3,NAWL:907|NGSL-GR:2948,,
mobility,3,NAWL:443|NGSL-GR:4949,,
model,3,NGSL-GR:535,,
mole,3,NAWL:888,,
moment,3,NGSL-GR:447,,
momentum,3,NAWL:566|NGSL-GR:4277,,
monetary,3,NAWL:436|NGSL-GR:4115,,
money,3,NGSL-GR:251,,
monkey,3,NAWL:373|NGSL-GR:3808,,
monopoly,3,NAWL:715|NGSL-GR:4438,,
month,3,NGSL-GR:259,,
morality,3,NAWL:570|NGSL-GR:4627,,
more,3,NGSL-GR:92,,
morning,3,NGSL-GR:484,potential-inflection,Ends with an inflection-like suffix; no matching base word found in the master list.
most,3,NGSL-GR:138,,
mother,3,NGSL-GR:388,,
motif,3,NAWL:553,,
motive,3,NAWL:554|NGSL-GR:3343,,
move,3,NGSL-GR:250,,
much,3,NGSL-GR:141,,
multi,3,NAWL:927,,
multinational,3,NAWL:878|NGSL-GR:4962,,
multiply,3,NAWL:569|NGSL-GR:4480,,
music,3,NGSL-GR:442,,
must,3,NGSL-GR:210,,
myth,3,NAWL:473|NGSL-GR:3478,,
naked,3,NAWL:843|NGSL-GR:3449,potential-inflection,Ends with an inflection-like suffix; no matching base word found in the master list.
name,3,NGSL-GR:256,,
nasty,3,NAWL:942|NGSL-GR:3531,,
nationalism,3,NAWL:446,,
near,3,NGSL-GR:477,,
need,3,NGSL-GR:140,,
neo,3,NAWL:944,very-short,3 letters or fewer.
nest,3,NAWL:523|NGSL-GR:3404,,
never,3,NGSL-GR:212,,
new,3,NGSL-GR:129,very-short|possibly-too-basic,3 letters or fewer. / Common basic word appears in an advanced level.
next,3,NGSL-GR:201,,
nicely,3,NAWL:868|NGSL-GR:4544,,
niche,3,NAWL:752,,
night,3,NGSL-GR:320,,
nine,3,NGSL-GR:26,,
nineteen,3,NGSL-GR:36,,
ninety,3,NGSL-GR:44,,
nitrogen,3,NAWL:450,,
no,3,NGSL-GR:110,very-short|possibly-too-basic|typing-suitability,3 letters or fewer. / Common basic word appears in an advanced level. / Length may be awkward for the typing-game target experience.
noble,3,NAWL:699|NGSL-GR:4150,,
nominal,3,NAWL:406,word-family-candidate,Part of derivational family candidate: nomin.
nonetheless,3,NAWL:656|NGSL-GR:4765,,
not,3,NGSL-GR:64,very-short|possibly-too-basic,3 letters or fewer. / Common basic word appears in an advanced level.
note,3,NGSL-GR:434,,
nothing,3,NGSL-GR:386,potential-inflection,Ends with an inflection-like suffix; no matching base word found in the master list.
novice,3,NAWL:883,,
now,3,NGSL-GR:120,very-short|possibly-too-basic,3 letters or fewer. / Common basic word appears in an advanced level.
null,3,NAWL:345,,
number,3,NGSL-GR:177,,
nutrient,3,NAWL:339|NGSL-GR:5024,,
objection,3,NAWL:480|NGSL-GR:3299,,
obscure,3,NAWL:619|NGSL-GR:3745,,
of,3,NGSL-GR:54,very-short|possibly-too-basic|typing-suitability,3 letters or fewer. / Common basic word appears in an advanced level. / Length may be awkward for the typing-game target experience.
off,3,NGSL-GR:200,very-short,3 letters or fewer.
offer,3,NGSL-GR:287,,
office,3,NGSL-GR:393,,
offspring,3,NAWL:418|NGSL-GR:4493,potential-inflection,Ends with an inflection-like suffix; no matching base word found in the master list.
often,3,NGSL-GR:338,,
old,3,NGSL-GR:194,very-short,3 letters or fewer.
on,3,NGSL-GR:67,very-short|possibly-too-basic|typing-suitability,3 letters or fewer. / Common basic word appears in an advanced level. / Length may be awkward for the typing-game target experience.
once,3,NGSL-GR:315,,
one,3,NGSL-GR:85,very-short|possibly-too-basic,3 letters or fewer. / Common basic word appears in an advanced level.
only,3,NGSL-GR:124,,
onwards,3,NAWL:731,,
open,3,NGSL-GR:264,,
optical,3,NAWL:625,,
optimum,3,NAWL:668,,
or,3,NGSL-GR:79,very-short|possibly-too-basic|typing-suitability,3 letters or fewer. / Common basic word appears in an advanced level. / Length may be awkward for the typing-game target experience.
order,3,NGSL-GR:265,,
orient,3,NAWL:404|NGSL-GR:4437,,
oscillation,3,NAWL:514,,
other,3,NGSL-GR:104,,
out,3,NGSL-GR:105,very-short|possibly-too-basic,3 letters or fewer. / Common basic word appears in an advanced level.
outside,3,NGSL-GR:541,,
over,3,NGSL-GR:132,,
own,3,NGSL-GR:179,very-short,3 letters or fewer.
oxidize,3,NAWL:873,,
painful,3,NAWL:797|NGSL-GR:3123,,
paper,3,NGSL-GR:475,,
paradox,3,NAWL:670,,
pardon,3,NAWL:918|NGSL-GR:4345,,
parent,3,NGSL-GR:347,,
parenthesis,3,NAWL:698,,
part,3,NGSL-GR:180,,
particular,3,NGSL-GR:517,,
party,3,NGSL-GR:349,,
pass,3,NGSL-GR:466,,
past,3,NGSL-GR:380,,
pay,3,NGSL-GR:270,very-short,3 letters or fewer.
peasant,3,NAWL:457|NGSL-GR:3845,,
people,3,NGSL-GR:107,possibly-too-basic,Common basic word appears in an advanced level.
per,3,NGSL-GR:423,very-short,3 letters or fewer.
perhaps,3,NGSL-GR:463,,
period,3,NGSL-GR:432,word-family-candidate,Part of derivational family candidate: period.
peripheral,3,NAWL:399|NGSL-GR:4899,,
person,3,NGSL-GR:313,,
pest,3,NAWL:644,,
pesticide,3,NAWL:818,,
phenomenal,3,NAWL:877,,
philosopher,3,NAWL:477|NGSL-GR:4457,,
phone,3,NGSL-GR:529,,
phosphate,3,NAWL:610,,
photographic,3,NAWL:864,word-family-candidate,Part of derivational family candidate: photograph.
physically,3,NAWL:572|NGSL-GR:3047,,
pi,3,NAWL:372,very-short|typing-suitability,3 letters or fewer. / Length may be awkward for the typing-game target experience.
place,3,NGSL-GR:164,,
plan,3,NGSL-GR:282,,
plantation,3,NAWL:729,,
play,3,NGSL-GR:208,,
please,3,NGSL-GR:521,,
plural,3,NAWL:434,,
point,3,NGSL-GR:181,,
polar,3,NAWL:567,,
policy,3,NGSL-GR:449,,
political,3,NGSL-GR:444,,
politically,3,NAWL:574|NGSL-GR:3219,,
portray,3,NAWL:640|NGSL-GR:3594,,
portrayal,3,NAWL:852,,
position,3,NGSL-GR:476,,
positively,3,NAWL:497|NGSL-GR:3961,,
possible,3,NGSL-GR:340,,
postgraduate,3,NAWL:916,,
potassium,3,NAWL:700,,
powder,3,NAWL:846|NGSL-GR:3750,,
power,3,NGSL-GR:381,,
practice,3,NGSL-GR:534,,
practitioner,3,NAWL:356|NGSL-GR:3727,,
pragmatic,3,NAWL:359|NGSL-GR:4834,,
precipitate,3,NAWL:796,,
precipitation,3,NAWL:778,,
predator,3,NAWL:672|NGSL-GR:5007,,
predominantly,3,NAWL:513|NGSL-GR:4555,,
prejudice,3,NAWL:730|NGSL-GR:3678,,
present,3,NGSL-GR:325,,
presume,3,NAWL:632|NGSL-GR:3839,,
prey,3,NAWL:694|NGSL-GR:4499,,
price,3,NGSL-GR:346,,
primer,3,NAWL:538,,
primitive,3,NAWL:387|NGSL-GR:4443,,
probably,3,NGSL-GR:378,,
problem,3,NGSL-GR:170,,
problematic,3,NAWL:383|NGSL-GR:4596,,
process,3,NGSL-GR:336,,
processor,3,NAWL:767|NGSL-GR:3498,,
produce,3,NGSL-GR:467,,
product,3,NGSL-GR:354,,
profound,3,NAWL:605|NGSL-GR:3663,,
program,3,NGSL-GR:290,,
progression,3,NAWL:508,,
progressive,3,NAWL:352|NGSL-GR:3551,,
pronounce,3,NAWL:478|NGSL-GR:3275,,
protocol,3,NAWL:351|NGSL-GR:4439,,
proton,3,NAWL:609,,
provide,3,NGSL-GR:255,,
psychologist,3,NAWL:660|NGSL-GR:4147,possibly-specialized,Long academic-looking technical form; review suitability for typing practice.
public,3,NGSL-GR:337,word-family-candidate,Part of derivational family candidate: public.
punch,3,NAWL:915|NGSL-GR:3360,,
punish,3,NAWL:762|NGSL-GR:3371,,
punishment,3,NAWL:527|NGSL-GR:2991,,
purely,3,NAWL:380|NGSL-GR:3384,,
put,3,NGSL-GR:189,very-short,3 letters or fewer.
quadrillion,3,NGSL-GR:50,,
qualitative,3,NAWL:335,,
quantum,3,NAWL:534,,
question,3,NGSL-GR:231,,
quite,3,NGSL-GR:327,,
quiz,3,NAWL:870,,
quotation,3,NAWL:581|NGSL-GR:3999,,
radar,3,NAWL:909,,
radius,3,NAWL:368,,
raise,3,NGSL-GR:536,,
randomize,3,NAWL:396,,
randomly,3,NAWL:476,,
rate,3,NGSL-GR:362,,
rather,3,NGSL-GR:342,,
rationality,3,NAWL:633,,
reach,3,NGSL-GR:430,,
reactive,3,NAWL:701,,
reactor,3,NAWL:903,,
read,3,NGSL-GR:257,,
real,3,NGSL-GR:404,,
realism,3,NAWL:706,,
really,3,NGSL-GR:154,,
realm,3,NAWL:485|NGSL-GR:4187,,
reason,3,NGSL-GR:306,,
receive,3,NGSL-GR:446,,
reconstruct,3,NAWL:547,,
record,3,NGSL-GR:394,,
rehabilitation,3,NAWL:665,,
rejection,3,NAWL:428|NGSL-GR:4218,,
remain,3,NGSL-GR:424,,
remember,3,NGSL-GR:401,,
replicate,3,NAWL:376|NGSL-GR:5010,,
replication,3,NAWL:486,,
report,3,NGSL-GR:216,,
reproduction,3,NAWL:408|NGSL-GR:4951,,
republic,3,NAWL:766|NGSL-GR:3715,,
require,3,NGSL-GR:452,,
research,3,NGSL-GR:473,,
reservoir,3,NAWL:749|NGSL-GR:4904,,
residue,3,NAWL:364,,
resistant,3,NAWL:525,,
respiratory,3,NAWL:614,,
result,3,NGSL-GR:283,,
return,3,NGSL-GR:387,,
revolutionary,3,NAWL:550|NGSL-GR:3535,,
rhetoric,3,NAWL:528|NGSL-GR:4063,,
rhythm,3,NAWL:466|NGSL-GR:3259,,
ridiculous,3,NAWL:926|NGSL-GR:3442,,
right,3,NGSL-GR:142,,
rise,3,NGSL-GR:512,,
role,3,NGSL-GR:518,,
room,3,NGSL-GR:304,,
rope,3,NAWL:885|NGSL-GR:3492,,
rotate,3,NAWL:596|NGSL-GR:4879,,
rub,3,NAWL:908|NGSL-GR:3471,very-short,3 letters or fewer.
rule,3,NGSL-GR:465,,
ruler,3,NAWL:594|NGSL-GR:3795,,
run,3,NGSL-GR:242,very-short,3 letters or fewer.
sale,3,NGSL-GR:448,,
same,3,NGSL-GR:172,,
say,3,NGSL-GR:80,very-short|possibly-too-basic,3 letters or fewer. / Common basic word appears in an advanced level.
scatter,3,NAWL:382|NGSL-GR:3031,,
school,3,NGSL-GR:196,,
scripture,3,NAWL:911,,
scroll,3,NAWL:939,,
second,3,NGSL-GR:276,,
secrete,3,NAWL:727,,
sediment,3,NAWL:535,,
see,3,NGSL-GR:100,very-short|possibly-too-basic,3 letters or fewer. / Common basic word appears in an advanced level.
seem,3,NGSL-GR:223,,
sell,3,NGSL-GR:468,,
semi,3,NAWL:924,,
send,3,NGSL-GR:373,,
sensation,3,NAWL:685|NGSL-GR:3858,,
sense,3,NGSL-GR:462,,
sensible,3,NAWL:793|NGSL-GR:3236,,
sensory,3,NAWL:397,,
service,3,NGSL-GR:273,,
set,3,NGSL-GR:235,very-short,3 letters or fewer.
seven,3,NGSL-GR:24,,
seventeen,3,NGSL-GR:34,,
seventy,3,NGSL-GR:42,,
several,3,NGSL-GR:398,,
sexuality,3,NAWL:641|NGSL-GR:4685,,
shallow,3,NAWL:675|NGSL-GR:4225,,
share,3,NGSL-GR:403,,
she,3,NGSL-GR:74,very-short|possibly-too-basic,3 letters or fewer. / Common basic word appears in an advanced level.
shop,3,NGSL-GR:487,,
short,3,NGSL-GR:469,,
should,3,NGSL-GR:139,,
show,3,NGSL-GR:160,,
side,3,NGSL-GR:326,,
simulate,3,NAWL:342,,
since,3,NGSL-GR:241,,
sit,3,NGSL-GR:406,very-short,3 letters or fewer.
site,3,NGSL-GR:544,,
situation,3,NGSL-GR:480,,
six,3,NGSL-GR:23,very-short,3 letters or fewer.
sixteen,3,NGSL-GR:33,,
sixty,3,NGSL-GR:41,,
skip,3,NAWL:861|NGSL-GR:3825,,
slab,3,NAWL:838,,
slash,3,NAWL:925,,
slavery,3,NAWL:635|NGSL-GR:4044,,
small,3,NGSL-GR:236,,
snake,3,NAWL:826|NGSL-GR:4066,,
sneeze,3,NAWL:954,,
sniff,3,NAWL:955|NGSL-GR:4677,,
so,3,NGSL-GR:82,very-short|possibly-too-basic|typing-suitability,3 letters or fewer. / Common basic word appears in an advanced level. / Length may be awkward for the typing-game target experience.
social,3,NGSL-GR:431,word-family-candidate,Part of derivational family candidate: social.
socialize,3,NAWL:882,word-family-candidate,Part of derivational family candidate: social.
socially,3,NAWL:505|NGSL-GR:4087,word-family-candidate,Part of derivational family candidate: social.
sodium,3,NAWL:512,,
soluble,3,NAWL:737,,
solute,3,NAWL:849,,
solvent,3,NAWL:836,,
some,3,NGSL-GR:103,possibly-too-basic,Common basic word appears in an advanced level.
someone,3,NGSL-GR:489,,
something,3,NGSL-GR:188,potential-inflection,Ends with an inflection-like suffix; no matching base word found in the master list.
sometimes,3,NGSL-GR:494,potential-plural,Looks like a plural form of: sometime.
soon,3,NGSL-GR:375,,
sophisticate,3,NAWL:501|NGSL-GR:2899,,
sort,3,NGSL-GR:366,,
sound,3,NGSL-GR:440,,
speak,3,NGSL-GR:334,,
special,3,NGSL-GR:493,,
spend,3,NGSL-GR:308,,
splice,3,NAWL:806,,
sponsorship,3,NAWL:940,,
spontaneous,3,NAWL:401|NGSL-GR:4661,,
stabilize,3,NAWL:604|NGSL-GR:4754,,
staff,3,NGSL-GR:481,,
stance,3,NAWL:603|NGSL-GR:3613,,
stand,3,NGSL-GR:359,,
standardize,3,NAWL:495|NGSL-GR:4526,,
start,3,NGSL-GR:186,,
state,3,NGSL-GR:249,,
static,3,NAWL:390|NGSL-GR:4629,,
statistically,3,NAWL:341,word-family-candidate,Part of derivational family candidate: statist.
stay,3,NGSL-GR:395,,
step,3,NGSL-GR:527,,
stereotype,3,NAWL:634|NGSL-GR:3954,,
still,3,NGSL-GR:169,,
stop,3,NGSL-GR:397,,
story,3,NGSL-GR:356,,
straightforward,3,NAWL:393|NGSL-GR:3740,very-long,15 letters or more.
strand,3,NAWL:474|NGSL-GR:3375,,
strong,3,NGSL-GR:511,,
student,3,NGSL-GR:298,,
study,3,NGSL-GR:237,,
sub,3,NAWL:790|NGSL-GR:4700,very-short,3 letters or fewer.
subject,3,NGSL-GR:411,,
subjective,3,NAWL:426|NGSL-GR:4828,,
substrate,3,NAWL:392,,
subtle,3,NAWL:555|NGSL-GR:3424,,
such,3,NGSL-GR:150,,
suggest,3,NGSL-GR:379,,
suicide,3,NAWL:371|NGSL-GR:2907,,
super,3,NAWL:812|NGSL-GR:4007,,
support,3,NGSL-GR:322,,
supposedly,3,NAWL:783|NGSL-GR:4293,,
sure,3,NGSL-GR:329,,
surgeon,3,NAWL:830|NGSL-GR:3774,,
surgical,3,NAWL:531,,
surplus,3,NAWL:709|NGSL-GR:3570,,
susceptible,3,NAWL:560,,
sustainable,3,NAWL:686|NGSL-GR:4211,,
swap,3,NAWL:891|NGSL-GR:4378,,
swell,3,NAWL:785|NGSL-GR:3494,,
sword,3,NAWL:863|NGSL-GR:4422,,
syllabus,3,NAWL:896,,
synthetic,3,NAWL:677,,
system,3,NGSL-GR:229,,
table,3,NGSL-GR:500,,
take,3,NGSL-GR:109,possibly-too-basic,Common basic word appears in an advanced level.
talk,3,NGSL-GR:187,,
teacher,3,NGSL-GR:546,,
team,3,NGSL-GR:457,,
technically,3,NAWL:819|NGSL-GR:4496,,
tell,3,NGSL-GR:153,,
ten,3,NGSL-GR:27,very-short,3 letters or fewer.
tense,3,NAWL:336|NGSL-GR:3284,,
term,3,NGSL-GR:330,,
terminology,3,NAWL:541,,
terribly,3,NAWL:936|NGSL-GR:3690,,
test,3,NGSL-GR:382,,
than,3,NGSL-GR:119,,
thank,3,NGSL-GR:294,,
that,3,NGSL-GR:65,possibly-too-basic,Common basic word appears in an advanced level.
the,3,NGSL-GR:51,very-short|possibly-too-basic,3 letters or fewer. / Common basic word appears in an advanced level.
themselves,3,NGSL-GR:530,,
then,3,NGSL-GR:121,possibly-too-basic,Common basic word appears in an advanced level.
theorist,3,NAWL:516,,
there,3,NGSL-GR:90,possibly-too-basic,Common basic word appears in an advanced level.
thermal,3,NAWL:437,,
they,3,NGSL-GR:63,possibly-too-basic,Common basic word appears in an advanced level.
thickness,3,NAWL:415,,
thing,3,NGSL-GR:137,,
think,3,NGSL-GR:97,,
thirteen,3,NGSL-GR:30,,
thirty,3,NGSL-GR:38,,
this,3,NGSL-GR:69,possibly-too-basic,Common basic word appears in an advanced level.
though,3,NGSL-GR:277,,
thousand,3,NGSL-GR:46,,
thread,3,NAWL:718|NGSL-GR:3596,,
three,3,NGSL-GR:20,,
through,3,NGSL-GR:158,,
thumb,3,NAWL:854|NGSL-GR:3994,,
time,3,NGSL-GR:99,possibly-too-basic,Common basic word appears in an advanced level.
to,3,NGSL-GR:55,very-short|possibly-too-basic|typing-suitability,3 letters or fewer. / Common basic word appears in an advanced level. / Length may be awkward for the typing-game target experience.
today,3,NGSL-GR:296,,
together,3,NGSL-GR:344,,
tolerance,3,NAWL:439|NGSL-GR:4317,,
too,3,NGSL-GR:168,very-short,3 letters or fewer.
top,3,NGSL-GR:425,very-short,3 letters or fewer.
toward,3,NGSL-GR:456,,
town,3,NGSL-GR:414,,
toxic,3,NAWL:760|NGSL-GR:4350,,
tract,3,NAWL:424,,
train,3,NGSL-GR:339,,
trans,3,NAWL:661,,
transcribe,3,NAWL:721,,
transcription,3,NAWL:337,,
transparency,3,NAWL:789,,
transplant,3,NAWL:646|NGSL-GR:4732,,
trauma,3,NAWL:622|NGSL-GR:4719,,
treaty,3,NAWL:664|NGSL-GR:3048,,
triangle,3,NAWL:543,,
tribe,3,NAWL:723|NGSL-GR:3351,,
tricky,3,NAWL:930|NGSL-GR:4986,,
trillion,3,NGSL-GR:49,,
trivial,3,NAWL:602,,
try,3,NGSL-GR:175,very-short,3 letters or fewer.
turbulent,3,NAWL:533,,
turn,3,NGSL-GR:244,,
tutor,3,NAWL:811|NGSL-GR:4106,,
twelve,3,NGSL-GR:29,,
twenty,3,NGSL-GR:37,,
two,3,NGSL-GR:19,very-short|possibly-too-basic,3 letters or fewer. / Common basic word appears in an advanced level.
type,3,NGSL-GR:439,,
ultimate,3,NAWL:467|NGSL-GR:2943,,
under,3,NGSL-GR:243,,
undergraduate,3,NAWL:736|NGSL-GR:4793,,
undermine,3,NAWL:471|NGSL-GR:3307,,
underneath,3,NAWL:902|NGSL-GR:3563,,
understand,3,NGSL-GR:293,,
unify,3,NAWL:475|NGSL-GR:4377,,
unintelligible,3,NAWL:937|NGSL-GR:4649,,
unstable,3,NAWL:365,,
until,3,NGSL-GR:305,,
up,3,NGSL-GR:102,very-short|possibly-too-basic|typing-suitability,3 letters or fewer. / Common basic word appears in an advanced level. / Length may be awkward for the typing-game target experience.
uplift,3,NAWL:856,,
upward,3,NAWL:623|NGSL-GR:2939,,
urine,3,NAWL:755,,
use,3,NGSL-GR:118,very-short|possibly-too-basic,3 letters or fewer. / Common basic word appears in an advanced level.
vague,3,NAWL:753|NGSL-GR:4129,,
value,3,NGSL-GR:392,,
valve,3,NAWL:433|NGSL-GR:4511,,
vegetation,3,NAWL:542,,
vein,3,NAWL:451|NGSL-GR:4094,,
very,3,NGSL-GR:113,,
viable,3,NAWL:629|NGSL-GR:4327,,
view,3,NGSL-GR:343,,
visit,3,NGSL-GR:383,,
volition,3,NAWL:929,,
wait,3,NGSL-GR:453,,
walk,3,NGSL-GR:389,,
want,3,NGSL-GR:126,possibly-too-basic,Common basic word appears in an advanced level.
war,3,NGSL-GR:485,very-short,3 letters or fewer.
watch,3,NGSL-GR:376,,
water,3,NGSL-GR:372,,
watershed,3,NAWL:871,potential-inflection,Ends with an inflection-like suffix; no matching base word found in the master list.
wavelength,3,NAWL:482,,
way,3,NGSL-GR:130,very-short,3 letters or fewer.
we,3,NGSL-GR:66,very-short|possibly-too-basic|typing-suitability,3 letters or fewer. / Common basic word appears in an advanced level. / Length may be awkward for the typing-game target experience.
weave,3,NAWL:794|NGSL-GR:3836,,
week,3,NGSL-GR:207,,
well,3,NGSL-GR:111,,
what,3,NGSL-GR:101,possibly-too-basic,Common basic word appears in an advanced level.
wheat,3,NAWL:453|NGSL-GR:3646,,
when,3,NGSL-GR:96,possibly-too-basic,Common basic word appears in an advanced level.
where,3,NGSL-GR:136,,
whereby,3,NAWL:606|NGSL-GR:4518,,
whether,3,NGSL-GR:323,,
which,3,NGSL-GR:89,possibly-too-basic,Common basic word appears in an advanced level.
whichever,3,NAWL:913,,
while,3,NGSL-GR:205,,
white,3,NGSL-GR:532,,
who,3,NGSL-GR:94,very-short|possibly-too-basic,3 letters or fewer. / Common basic word appears in an advanced level.
whole,3,NGSL-GR:360,,
why,3,NGSL-GR:204,very-short,3 letters or fewer.
will,3,NGSL-GR:78,possibly-too-basic,Common basic word appears in an advanced level.
win,3,NGSL-GR:427,very-short,3 letters or fewer.
wisdom,3,NAWL:704|NGSL-GR:3276,,
with,3,NGSL-GR:68,possibly-too-basic,Common basic word appears in an advanced level.
within,3,NGSL-GR:335,,
without,3,NGSL-GR:262,,
woman,3,NGSL-GR:219,,
word,3,NGSL-GR:267,,
work,3,NGSL-GR:117,possibly-too-basic,Common basic word appears in an advanced level.
world,3,NGSL-GR:206,,
would,3,NGSL-GR:86,,
write,3,NGSL-GR:171,possibly-too-basic,Common basic word appears in an advanced level.
year,3,NGSL-GR:108,possibly-too-basic,Common basic word appears in an advanced level.
yeast,3,NAWL:761,,
yes,3,NGSL-GR:278,very-short|possibly-too-basic,3 letters or fewer. / Common basic word appears in an advanced level.
yet,3,NGSL-GR:361,very-short|possibly-too-basic,3 letters or fewer. / Common basic word appears in an advanced level.
you,3,NGSL-GR:60,very-short|possibly-too-basic,3 letters or fewer. / Common basic word appears in an advanced level.
young,3,NGSL-GR:288,,
zero,3,NGSL-GR:18,,
