word,level,selectedMeaning1,selectedMeaning2,selectedMeaning3,selectedPOS1,selectedPOS2,selectedPOS3,totalSynsets,totalJapaneseLemmas,reviewFlags,selectionReason
mister,1,-氏,,,noun,,,1,1,UNNATURAL_JAPANESE,1. noun 06341340-n: -氏 (sense rank 0 used as a weak lower-is-better signal; tag count/freq 2 used as a weak higher-is-better signal; selected 1 representative lemma(s) from 1 lemma(s) in this synset; lemma choice is heuristic; raw Japanese WordNet lemmas are preserved) Review categories: UNNATURAL_JAPANESE; Selected display text may be unnatural for game display: -氏.
correctly,1,正しく・正確,,,adverb,,,1,6,,1. adverb 00203922-r: 正しく・正確 (sense rank 0 used as a weak lower-is-better signal; tag count/freq 6 used as a weak higher-is-better signal; selected 2 representative lemma(s) from 6 lemma(s) in this synset; lemma choice is heuristic; raw Japanese WordNet lemmas are preserved) No machine review flags; still requires human semantic spot-check before production.
keyboard,1,鍵盤・キーボード,,,noun,,,2,2,,1. noun 03614007-n: 鍵盤・キーボード (sense rank 0 used as a weak lower-is-better signal; tag count/freq 2 used as a weak higher-is-better signal; selected 2 representative lemma(s) from 2 lemma(s) in this synset; lemma choice is heuristic; raw Japanese WordNet lemmas are preserved) No machine review flags; still requires human semantic spot-check before production.
inspection,1,審査・検査,,,noun,,,1,18,TOO_MANY_JAPANESE_LEMMAS,"1. noun 00879271-n: 審査・検査 (sense rank 0 used as a weak lower-is-better signal; tag count/freq 10 used as a weak higher-is-better signal; selected 2 representative lemma(s) from 18 lemma(s) in this synset; lemma choice is heuristic; raw Japanese WordNet lemmas are preserved) Review categories: TOO_MANY_JAPANESE_LEMMAS; This word has 18 unique Japanese lemmas. At least one synset has many Japanese lemmas, so representative lemma choice needs review."
advisor,1,顧問・相談役,,,noun,,,1,12,TOO_MANY_JAPANESE_LEMMAS,"1. noun 09774266-n: 顧問・相談役 (sense rank 0 used as a weak lower-is-better signal; tag count/freq 1 used as a weak higher-is-better signal; selected 2 representative lemma(s) from 12 lemma(s) in this synset; lemma choice is heuristic; raw Japanese WordNet lemmas are preserved) Review categories: TOO_MANY_JAPANESE_LEMMAS; This word has 12 unique Japanese lemmas. At least one synset has many Japanese lemmas, so representative lemma choice needs review."
quit,1,止める・廃す,去る・離れる,辞める・辞す,verb,verb,verb,5,64,TOO_MANY_JAPANESE_LEMMAS|AMBIGUOUS_PRIMARY_SENSE,"1. verb 02680814-v: 止める・廃す (sense rank 0 used as a weak lower-is-better signal; tag count/freq 13 used as a weak higher-is-better signal; selected 2 representative lemma(s) from 27 lemma(s) in this synset; lemma choice is heuristic; raw Japanese WordNet lemmas are preserved) / 2. verb 02008396-v: 去る・離れる (sense rank 0 used as a weak lower-is-better signal; tag count/freq 1 used as a weak higher-is-better signal; selected 2 representative lemma(s) from 18 lemma(s) in this synset; lemma choice is heuristic; raw Japanese WordNet lemmas are preserved) / 3. verb 02382367-v: 辞める・辞す (sense rank 0 used as a weak lower-is-better signal; tag count/freq 1 used as a weak higher-is-better signal; selected 2 representative lemma(s) from 10 lemma(s) in this synset; lemma choice is heuristic; raw Japanese WordNet lemmas are preserved) Review categories: TOO_MANY_JAPANESE_LEMMAS|AMBIGUOUS_PRIMARY_SENSE; This word has 64 unique Japanese lemmas. 5 viable synset-level primary candidates existed, but only 3 display rows are allowed. At least one synset has many Japanese lemmas, so representative lemma choice needs review."
lounge,1,待合室・待ち合い室,うろつく・ぶらつく,ソファ・寝いす,noun,verb,noun,4,29,TOO_MANY_JAPANESE_LEMMAS,"1. noun 03691817-n: 待合室・待ち合い室 (sense rank 0 used as a weak lower-is-better signal; tag count/freq 0 used as a weak higher-is-better signal; selected 2 representative lemma(s) from 8 lemma(s) in this synset; lemma choice is heuristic; raw Japanese WordNet lemmas are preserved) / 2. verb 02639075-v: うろつく・ぶらつく (sense rank 0 used as a weak lower-is-better signal; tag count/freq 0 used as a weak higher-is-better signal; selected 2 representative lemma(s) from 14 lemma(s) in this synset; lemma choice is heuristic; raw Japanese WordNet lemmas are preserved) / 3. noun 04256520-n: ソファ・寝いす (sense rank 0 used as a weak lower-is-better signal; tag count/freq 0 used as a weak higher-is-better signal; selected 2 representative lemma(s) from 7 lemma(s) in this synset; lemma choice is heuristic; raw Japanese WordNet lemmas are preserved) Review categories: TOO_MANY_JAPANESE_LEMMAS; This word has 29 unique Japanese lemmas. At least one synset has many Japanese lemmas, so representative lemma choice needs review."
expertise,1,熟練さ・熟練していること,,,noun,,,1,2,UNNATURAL_JAPANESE,1. noun 05640729-n: 熟練さ・熟練していること (sense rank 0 used as a weak lower-is-better signal; tag count/freq 2 used as a weak higher-is-better signal; selected 2 representative lemma(s) from 2 lemma(s) in this synset; lemma choice is heuristic; raw Japanese WordNet lemmas are preserved) Review categories: UNNATURAL_JAPANESE; Selected display text may be unnatural for game display: 熟練さ・熟練していること.
garment,1,お召し物・御召し物,衣服を着せる,,noun,verb,,2,3,,1. noun 03419014-n: お召し物・御召し物 (sense rank 0 used as a weak lower-is-better signal; tag count/freq 4 used as a weak higher-is-better signal; selected 2 representative lemma(s) from 2 lemma(s) in this synset; lemma choice is heuristic; raw Japanese WordNet lemmas are preserved) / 2. verb 00047945-v: 衣服を着せる (sense rank 0 used as a weak lower-is-better signal; tag count/freq 0 used as a weak higher-is-better signal; selected 1 representative lemma(s) from 1 lemma(s) in this synset; lemma choice is heuristic; raw Japanese WordNet lemmas are preserved) No machine review flags; still requires human semantic spot-check before production.
spacious,1,広い・手広い,,,adjective,,,2,20,TOO_MANY_JAPANESE_LEMMAS,"1. adjective 01384212-a: 広い・手広い (sense rank 0 used as a weak lower-is-better signal; tag count/freq 2 used as a weak higher-is-better signal; selected 2 representative lemma(s) from 18 lemma(s) in this synset; lemma choice is heuristic; raw Japanese WordNet lemmas are preserved) Review categories: TOO_MANY_JAPANESE_LEMMAS; This word has 20 unique Japanese lemmas. At least one synset has many Japanese lemmas, so representative lemma choice needs review."
durable,1,丈夫・永続的,長持ちする,,adjective,adjective,,3,3,,1. adjective 01439496-a: 丈夫・永続的 (sense rank 0 used as a weak lower-is-better signal; tag count/freq 1 used as a weak higher-is-better signal; selected 2 representative lemma(s) from 2 lemma(s) in this synset; lemma choice is heuristic; raw Japanese WordNet lemmas are preserved) / 2. adjective 02124096-a: 長持ちする (sense rank 0 used as a weak lower-is-better signal; tag count/freq 0 used as a weak higher-is-better signal; selected 1 representative lemma(s) from 1 lemma(s) in this synset; lemma choice is heuristic; raw Japanese WordNet lemmas are preserved) No machine review flags; still requires human semantic spot-check before production.
purse,1,ハンドバッグ・ハンドバック,口をすぼめる,財布・金入,noun,verb,noun,6,18,TOO_MANY_JAPANESE_LEMMAS|AMBIGUOUS_PRIMARY_SENSE,"1. noun 02774152-n: ハンドバッグ・ハンドバック (sense rank 0 used as a weak lower-is-better signal; tag count/freq 5 used as a weak higher-is-better signal; selected 2 representative lemma(s) from 2 lemma(s) in this synset; lemma choice is heuristic; raw Japanese WordNet lemmas are preserved) / 2. verb 00145902-v: 口をすぼめる (sense rank 0 used as a weak lower-is-better signal; tag count/freq 2 used as a weak higher-is-better signal; selected 1 representative lemma(s) from 1 lemma(s) in this synset; lemma choice is heuristic; raw Japanese WordNet lemmas are preserved) / 3. noun 04026417-n: 財布・金入 (sense rank 0 used as a weak lower-is-better signal; tag count/freq 1 used as a weak higher-is-better signal; selected 2 representative lemma(s) from 10 lemma(s) in this synset; lemma choice is heuristic; raw Japanese WordNet lemmas are preserved) Review categories: TOO_MANY_JAPANESE_LEMMAS|AMBIGUOUS_PRIMARY_SENSE; This word has 18 unique Japanese lemmas. 5 viable synset-level primary candidates existed, but only 3 display rows are allowed. At least one synset has many Japanese lemmas, so representative lemma choice needs review. A lower-scored unselected candidate exists, indicating selection order should be checked."
planner,1,立案者・計画者,,,noun,,,2,3,,1. noun 10438172-n: 立案者・計画者 (sense rank 0 used as a weak lower-is-better signal; tag count/freq 4 used as a weak higher-is-better signal; selected 2 representative lemma(s) from 3 lemma(s) in this synset; lemma choice is heuristic; raw Japanese WordNet lemmas are preserved) No machine review flags; still requires human semantic spot-check before production.
facilitate,1,和らげる・楽にする,助ける・役立つ,,verb,verb,,3,13,TOO_MANY_JAPANESE_LEMMAS,1. verb 00518395-v: 和らげる・楽にする (sense rank 0 used as a weak lower-is-better signal; tag count/freq 5 used as a weak higher-is-better signal; selected 2 representative lemma(s) from 4 lemma(s) in this synset; lemma choice is heuristic; raw Japanese WordNet lemmas are preserved) / 2. verb 02735897-v: 助ける・役立つ (sense rank 0 used as a weak lower-is-better signal; tag count/freq 0 used as a weak higher-is-better signal; selected 2 representative lemma(s) from 9 lemma(s) in this synset; lemma choice is heuristic; raw Japanese WordNet lemmas are preserved) Review categories: TOO_MANY_JAPANESE_LEMMAS; This word has 13 unique Japanese lemmas.
satisfactory,1,良い・宜しい,充分・十分,,adjective,adjective,,2,9,,1. adjective 02080577-a: 良い・宜しい (sense rank 0 used as a weak lower-is-better signal; tag count/freq 14 used as a weak higher-is-better signal; selected 2 representative lemma(s) from 9 lemma(s) in this synset; lemma choice is heuristic; raw Japanese WordNet lemmas are preserved) / 2. adjective 01124768-a: 充分・十分 (sense rank 0 used as a weak lower-is-better signal; tag count/freq 7 used as a weak higher-is-better signal; selected 2 representative lemma(s) from 3 lemma(s) in this synset; lemma choice is heuristic; raw Japanese WordNet lemmas are preserved) No machine review flags; still requires human semantic spot-check before production.
authorization,1,承認・許可,認可・免許,委任・権力,noun,noun,noun,4,22,TOO_MANY_JAPANESE_LEMMAS|DUPLICATE_MEANINGS|AMBIGUOUS_PRIMARY_SENSE,"1. noun 06556481-n: 承認・許可 (sense rank 0 used as a weak lower-is-better signal; tag count/freq 5 used as a weak higher-is-better signal; selected 2 representative lemma(s) from 13 lemma(s) in this synset; lemma choice is heuristic; raw Japanese WordNet lemmas are preserved) / 2. noun 01138670-n: 認可・免許 (sense rank 0 used as a weak lower-is-better signal; tag count/freq 0 used as a weak higher-is-better signal; selected 2 representative lemma(s) from 5 lemma(s) in this synset; lemma choice is heuristic; raw Japanese WordNet lemmas are preserved) / 3. noun 05196582-n: 委任・権力 (sense rank 0 used as a weak lower-is-better signal; tag count/freq 0 used as a weak higher-is-better signal; selected 2 representative lemma(s) from 6 lemma(s) in this synset; lemma choice is heuristic; raw Japanese WordNet lemmas are preserved) Review categories: TOO_MANY_JAPANESE_LEMMAS|DUPLICATE_MEANINGS|AMBIGUOUS_PRIMARY_SENSE; This word has 22 unique Japanese lemmas. Many Japanese lemmas repeat across synsets or normalize to the same form. 4 viable synset-level primary candidates existed, but only 3 display rows are allowed. At least one synset has many Japanese lemmas, so representative lemma choice needs review. A lower-scored unselected candidate exists, indicating selection order should be checked."
compile,1,編む・組み上げる,纏める・集める,,verb,verb,,3,35,TOO_MANY_JAPANESE_LEMMAS,"1. verb 01626138-v: 編む・組み上げる (sense rank 0 used as a weak lower-is-better signal; tag count/freq 3 used as a weak higher-is-better signal; selected 2 representative lemma(s) from 16 lemma(s) in this synset; lemma choice is heuristic; raw Japanese WordNet lemmas are preserved) / 2. verb 02304982-v: 纏める・集める (sense rank 0 used as a weak lower-is-better signal; tag count/freq 3 used as a weak higher-is-better signal; selected 2 representative lemma(s) from 19 lemma(s) in this synset; lemma choice is heuristic; raw Japanese WordNet lemmas are preserved) Review categories: TOO_MANY_JAPANESE_LEMMAS; This word has 35 unique Japanese lemmas. At least one synset has many Japanese lemmas, so representative lemma choice needs review."
correction,2,修正・訂正,訂正,補正,noun,noun,noun,7,29,TOO_MANY_JAPANESE_LEMMAS|AMBIGUOUS_PRIMARY_SENSE,"1. noun 00258854-n: 修正・訂正 (sense rank 0 used as a weak lower-is-better signal; tag count/freq 2 used as a weak higher-is-better signal; selected 2 representative lemma(s) from 24 lemma(s) in this synset; lemma choice is heuristic; raw Japanese WordNet lemmas are preserved) / 2. noun 06428537-n: 訂正 (sense rank 0 used as a weak lower-is-better signal; tag count/freq 1 used as a weak higher-is-better signal; selected 1 representative lemma(s) from 1 lemma(s) in this synset; lemma choice is heuristic; raw Japanese WordNet lemmas are preserved) / 3. noun 13755957-n: 補正 (sense rank 0 used as a weak lower-is-better signal; tag count/freq 1 used as a weak higher-is-better signal; selected 1 representative lemma(s) from 1 lemma(s) in this synset; lemma choice is heuristic; raw Japanese WordNet lemmas are preserved) Review categories: TOO_MANY_JAPANESE_LEMMAS|AMBIGUOUS_PRIMARY_SENSE; This word has 29 unique Japanese lemmas. 6 viable synset-level primary candidates existed, but only 3 display rows are allowed. At least one synset has many Japanese lemmas, so representative lemma choice needs review."
compatible,2,互換的・互換の,,,adjective,,,3,8,,1. adjective 00509039-a: 互換的・互換の (sense rank 0 used as a weak lower-is-better signal; tag count/freq 1 used as a weak higher-is-better signal; selected 2 representative lemma(s) from 8 lemma(s) in this synset; lemma choice is heuristic; raw Japanese WordNet lemmas are preserved) No machine review flags; still requires human semantic spot-check before production.
bye,2,左様なら・おさらば,パス,,noun,noun,,2,4,,1. noun 06629610-n: 左様なら・おさらば (sense rank 0 used as a weak lower-is-better signal; tag count/freq 0 used as a weak higher-is-better signal; selected 2 representative lemma(s) from 3 lemma(s) in this synset; lemma choice is heuristic; raw Japanese WordNet lemmas are preserved) / 2. noun 07176499-n: パス (sense rank 0 used as a weak lower-is-better signal; tag count/freq 0 used as a weak higher-is-better signal; selected 1 representative lemma(s) from 1 lemma(s) in this synset; lemma choice is heuristic; raw Japanese WordNet lemmas are preserved) No machine review flags; still requires human semantic spot-check before production.
dealership,2,フランチャイズ,,,noun,,,1,1,,1. noun 08060193-n: フランチャイズ (sense rank 0 used as a weak lower-is-better signal; tag count/freq 0 used as a weak higher-is-better signal; selected 1 representative lemma(s) from 1 lemma(s) in this synset; lemma choice is heuristic; raw Japanese WordNet lemmas are preserved) No machine review flags; still requires human semantic spot-check before production.
enthusiasm,2,情熱・意慾,忘我・情熱,熱狂・熱,noun,noun,noun,3,23,TOO_MANY_JAPANESE_LEMMAS,"1. noun 04634540-n: 情熱・意慾 (sense rank 0 used as a weak lower-is-better signal; tag count/freq 5 used as a weak higher-is-better signal; selected 2 representative lemma(s) from 9 lemma(s) in this synset; lemma choice is heuristic; raw Japanese WordNet lemmas are preserved) / 2. noun 07555014-n: 忘我・情熱 (sense rank 0 used as a weak lower-is-better signal; tag count/freq 5 used as a weak higher-is-better signal; selected 2 representative lemma(s) from 19 lemma(s) in this synset; lemma choice is heuristic; raw Japanese WordNet lemmas are preserved) / 3. noun 05670343-n: 熱狂・熱 (sense rank 0 used as a weak lower-is-better signal; tag count/freq 3 used as a weak higher-is-better signal; selected 2 representative lemma(s) from 2 lemma(s) in this synset; lemma choice is heuristic; raw Japanese WordNet lemmas are preserved) Review categories: TOO_MANY_JAPANESE_LEMMAS; This word has 23 unique Japanese lemmas. At least one synset has many Japanese lemmas, so representative lemma choice needs review."
activate,2,触発・誘発,賦活・活性化,活性化,verb,verb,verb,5,4,,1. verb 01643657-v: 触発・誘発 (sense rank 0 used as a weak lower-is-better signal; tag count/freq 3 used as a weak higher-is-better signal; selected 2 representative lemma(s) from 2 lemma(s) in this synset; lemma choice is heuristic; raw Japanese WordNet lemmas are preserved) / 2. verb 00190682-v: 賦活・活性化 (sense rank 0 used as a weak lower-is-better signal; tag count/freq 2 used as a weak higher-is-better signal; selected 2 representative lemma(s) from 2 lemma(s) in this synset; lemma choice is heuristic; raw Japanese WordNet lemmas are preserved) / 3. verb 00191385-v: 活性化 (sense rank 0 used as a weak lower-is-better signal; tag count/freq 0 used as a weak higher-is-better signal; selected 1 representative lemma(s) from 1 lemma(s) in this synset; lemma choice is heuristic; raw Japanese WordNet lemmas are preserved) No machine review flags; still requires human semantic spot-check before production.
resume,2,仕直す・やり直す,展望・概観,履歴書,verb,noun,noun,6,41,TOO_MANY_JAPANESE_LEMMAS|AMBIGUOUS_PRIMARY_SENSE,"1. verb 00350104-v: 仕直す・やり直す (sense rank 0 used as a weak lower-is-better signal; tag count/freq 17 used as a weak higher-is-better signal; selected 2 representative lemma(s) from 5 lemma(s) in this synset; lemma choice is heuristic; raw Japanese WordNet lemmas are preserved) / 2. noun 06469694-n: 展望・概観 (sense rank 0 used as a weak lower-is-better signal; tag count/freq 4 used as a weak higher-is-better signal; selected 2 representative lemma(s) from 7 lemma(s) in this synset; lemma choice is heuristic; raw Japanese WordNet lemmas are preserved) / 3. noun 06468403-n: 履歴書 (sense rank 0 used as a weak lower-is-better signal; tag count/freq 0 used as a weak higher-is-better signal; selected 1 representative lemma(s) from 1 lemma(s) in this synset; lemma choice is heuristic; raw Japanese WordNet lemmas are preserved) Review categories: TOO_MANY_JAPANESE_LEMMAS|AMBIGUOUS_PRIMARY_SENSE; This word has 41 unique Japanese lemmas. 6 viable synset-level primary candidates existed, but only 3 display rows are allowed. At least one synset has many Japanese lemmas, so representative lemma choice needs review."
interactive,2,相乗的,相互作用的,,adjective,adjective,,2,2,,1. adjective 00623356-a: 相乗的 (sense rank 0 used as a weak lower-is-better signal; tag count/freq 0 used as a weak higher-is-better signal; selected 1 representative lemma(s) from 1 lemma(s) in this synset; lemma choice is heuristic; raw Japanese WordNet lemmas are preserved) / 2. adjective 01946439-a: 相互作用的 (sense rank 0 used as a weak lower-is-better signal; tag count/freq 0 used as a weak higher-is-better signal; selected 1 representative lemma(s) from 1 lemma(s) in this synset; lemma choice is heuristic; raw Japanese WordNet lemmas are preserved) No machine review flags; still requires human semantic spot-check before production.
bound,2,境界・境目,弾む・跳ぶ,縛られた,noun,verb,adjective,17,62,TOO_MANY_SENSES|TOO_MANY_JAPANESE_LEMMAS|DUPLICATE_MEANINGS|AMBIGUOUS_PRIMARY_SENSE,"1. noun 13903079-n: 境界・境目 (sense rank 0 used as a weak lower-is-better signal; tag count/freq 1 used as a weak higher-is-better signal; selected 2 representative lemma(s) from 9 lemma(s) in this synset; lemma choice is heuristic; raw Japanese WordNet lemmas are preserved) / 2. verb 01963942-v: 弾む・跳ぶ (sense rank 0 used as a weak lower-is-better signal; tag count/freq 4 used as a weak higher-is-better signal; selected 2 representative lemma(s) from 12 lemma(s) in this synset; lemma choice is heuristic; raw Japanese WordNet lemmas are preserved) / 3. adjective 00252954-a: 縛られた (sense rank 0 used as a weak lower-is-better signal; tag count/freq 4 used as a weak higher-is-better signal; selected 1 representative lemma(s) from 1 lemma(s) in this synset; lemma choice is heuristic; raw Japanese WordNet lemmas are preserved) Review categories: TOO_MANY_SENSES|TOO_MANY_JAPANESE_LEMMAS|DUPLICATE_MEANINGS|AMBIGUOUS_PRIMARY_SENSE; This word has 17 synsets, so top-3 selection is likely ambiguous. This word has 62 unique Japanese lemmas. Many Japanese lemmas repeat across synsets or normalize to the same form. 9 viable synset-level primary candidates existed, but only 3 display rows are allowed. At least one synset has many Japanese lemmas, so representative lemma choice needs review. A lower-scored unselected candidate exists, indicating selection order should be checked."
overcrowd,2,,,,,,,2,0,MISSING_JAPANESE,No game-display candidate was selected because no Japanese lemma was available.
decoration,2,修飾・化粧,修飾・勲章,勲章・栄典,noun,noun,noun,3,42,TOO_MANY_JAPANESE_LEMMAS,"1. noun 03169390-n: 修飾・化粧 (sense rank 0 used as a weak lower-is-better signal; tag count/freq 4 used as a weak higher-is-better signal; selected 2 representative lemma(s) from 29 lemma(s) in this synset; lemma choice is heuristic; raw Japanese WordNet lemmas are preserved) / 2. noun 00262249-n: 修飾・勲章 (sense rank 0 used as a weak lower-is-better signal; tag count/freq 0 used as a weak higher-is-better signal; selected 2 representative lemma(s) from 5 lemma(s) in this synset; lemma choice is heuristic; raw Japanese WordNet lemmas are preserved) / 3. noun 06706676-n: 勲章・栄典 (sense rank 0 used as a weak lower-is-better signal; tag count/freq 0 used as a weak higher-is-better signal; selected 2 representative lemma(s) from 13 lemma(s) in this synset; lemma choice is heuristic; raw Japanese WordNet lemmas are preserved) Review categories: TOO_MANY_JAPANESE_LEMMAS; This word has 42 unique Japanese lemmas. At least one synset has many Japanese lemmas, so representative lemma choice needs review."
matrix,2,行列・マトリクス,基質・細胞間物質,,noun,noun,,6,5,,1. noun 08267640-n: 行列・マトリクス (sense rank 0 used as a weak lower-is-better signal; tag count/freq 1 used as a weak higher-is-better signal; selected 2 representative lemma(s) from 3 lemma(s) in this synset; lemma choice is heuristic; raw Japanese WordNet lemmas are preserved) / 2. noun 05582305-n: 基質・細胞間物質 (sense rank 0 used as a weak lower-is-better signal; tag count/freq 0 used as a weak higher-is-better signal; selected 2 representative lemma(s) from 2 lemma(s) in this synset; lemma choice is heuristic; raw Japanese WordNet lemmas are preserved) No machine review flags; still requires human semantic spot-check before production.
colonial,2,コロニアル,,,noun,,,4,1,,1. noun 09937688-n: コロニアル (sense rank 0 used as a weak lower-is-better signal; tag count/freq 1 used as a weak higher-is-better signal; selected 1 representative lemma(s) from 1 lemma(s) in this synset; lemma choice is heuristic; raw Japanese WordNet lemmas are preserved) No machine review flags; still requires human semantic spot-check before production.
adaptation,2,改作・翻案,順応,即応・同化,noun,noun,noun,3,8,,1. noun 06408779-n: 改作・翻案 (sense rank 0 used as a weak lower-is-better signal; tag count/freq 1 used as a weak higher-is-better signal; selected 2 representative lemma(s) from 3 lemma(s) in this synset; lemma choice is heuristic; raw Japanese WordNet lemmas are preserved) / 2. noun 00193406-n: 順応 (sense rank 0 used as a weak lower-is-better signal; tag count/freq 0 used as a weak higher-is-better signal; selected 1 representative lemma(s) from 1 lemma(s) in this synset; lemma choice is heuristic; raw Japanese WordNet lemmas are preserved) / 3. noun 13427078-n: 即応・同化 (sense rank 0 used as a weak lower-is-better signal; tag count/freq 0 used as a weak higher-is-better signal; selected 2 representative lemma(s) from 7 lemma(s) in this synset; lemma choice is heuristic; raw Japanese WordNet lemmas are preserved) No machine review flags; still requires human semantic spot-check before production.
equality,2,一律・互角,同一・同値,,noun,noun,,2,18,TOO_MANY_JAPANESE_LEMMAS,"1. noun 04747899-n: 一律・互角 (sense rank 0 used as a weak lower-is-better signal; tag count/freq 2 used as a weak higher-is-better signal; selected 2 representative lemma(s) from 10 lemma(s) in this synset; lemma choice is heuristic; raw Japanese WordNet lemmas are preserved) / 2. noun 13946760-n: 同一・同値 (sense rank 0 used as a weak lower-is-better signal; tag count/freq 1 used as a weak higher-is-better signal; selected 2 representative lemma(s) from 12 lemma(s) in this synset; lemma choice is heuristic; raw Japanese WordNet lemmas are preserved) Review categories: TOO_MANY_JAPANESE_LEMMAS; This word has 18 unique Japanese lemmas. At least one synset has many Japanese lemmas, so representative lemma choice needs review."
neutral,2,中立的・ニュートラル,中立の・ニュートラル,特徴のない,adjective,adjective,adjective,8,5,AMBIGUOUS_PRIMARY_SENSE,"1. adjective 01615625-a: 中立的・ニュートラル (sense rank 0 used as a weak lower-is-better signal; tag count/freq 5 used as a weak higher-is-better signal; selected 2 representative lemma(s) from 2 lemma(s) in this synset; lemma choice is heuristic; raw Japanese WordNet lemmas are preserved) / 2. adjective 00732160-a: 中立の・ニュートラル (sense rank 0 used as a weak lower-is-better signal; tag count/freq 3 used as a weak higher-is-better signal; selected 2 representative lemma(s) from 2 lemma(s) in this synset; lemma choice is heuristic; raw Japanese WordNet lemmas are preserved) / 3. adjective 00408284-a: 特徴のない (sense rank 0 used as a weak lower-is-better signal; tag count/freq 1 used as a weak higher-is-better signal; selected 1 representative lemma(s) from 1 lemma(s) in this synset; lemma choice is heuristic; raw Japanese WordNet lemmas are preserved) Review categories: AMBIGUOUS_PRIMARY_SENSE; 4 viable synset-level primary candidates existed, but only 3 display rows are allowed."
observer,2,知覚者・見る者,評者・解説者,,noun,noun,,2,10,TOO_MANY_JAPANESE_LEMMAS,1. noun 09626589-n: 知覚者・見る者 (sense rank 0 used as a weak lower-is-better signal; tag count/freq 11 used as a weak higher-is-better signal; selected 2 representative lemma(s) from 3 lemma(s) in this synset; lemma choice is heuristic; raw Japanese WordNet lemmas are preserved) / 2. noun 10369528-n: 評者・解説者 (sense rank 0 used as a weak lower-is-better signal; tag count/freq 9 used as a weak higher-is-better signal; selected 2 representative lemma(s) from 7 lemma(s) in this synset; lemma choice is heuristic; raw Japanese WordNet lemmas are preserved) Review categories: TOO_MANY_JAPANESE_LEMMAS; This word has 10 unique Japanese lemmas.
inhibition,3,制御・制禦,禁止,抑制・禁止,noun,noun,noun,4,9,AMBIGUOUS_PRIMARY_SENSE,"1. noun 01070892-n: 制御・制禦 (sense rank 0 used as a weak lower-is-better signal; tag count/freq 3 used as a weak higher-is-better signal; selected 2 representative lemma(s) from 8 lemma(s) in this synset; lemma choice is heuristic; raw Japanese WordNet lemmas are preserved) / 2. noun 04884072-n: 禁止 (sense rank 0 used as a weak lower-is-better signal; tag count/freq 2 used as a weak higher-is-better signal; selected 1 representative lemma(s) from 1 lemma(s) in this synset; lemma choice is heuristic; raw Japanese WordNet lemmas are preserved) / 3. noun 00201923-n: 抑制・禁止 (sense rank 0 used as a weak lower-is-better signal; tag count/freq 0 used as a weak higher-is-better signal; selected 2 representative lemma(s) from 2 lemma(s) in this synset; lemma choice is heuristic; raw Japanese WordNet lemmas are preserved) Review categories: AMBIGUOUS_PRIMARY_SENSE; 4 viable synset-level primary candidates existed, but only 3 display rows are allowed."
tract,3,土地,冊子・小冊,神経経路,noun,noun,noun,4,10,TOO_MANY_JAPANESE_LEMMAS,1. noun 08673395-n: 土地 (sense rank 0 used as a weak lower-is-better signal; tag count/freq 3 used as a weak higher-is-better signal; selected 1 representative lemma(s) from 1 lemma(s) in this synset; lemma choice is heuristic; raw Japanese WordNet lemmas are preserved) / 2. noun 06409290-n: 冊子・小冊 (sense rank 0 used as a weak lower-is-better signal; tag count/freq 1 used as a weak higher-is-better signal; selected 2 representative lemma(s) from 8 lemma(s) in this synset; lemma choice is heuristic; raw Japanese WordNet lemmas are preserved) / 3. noun 05475878-n: 神経経路 (sense rank 0 used as a weak lower-is-better signal; tag count/freq 0 used as a weak higher-is-better signal; selected 1 representative lemma(s) from 1 lemma(s) in this synset; lemma choice is heuristic; raw Japanese WordNet lemmas are preserved) Review categories: TOO_MANY_JAPANESE_LEMMAS; This word has 10 unique Japanese lemmas.
impulse,3,衝動・衝迫,活動電位・神経衝撃,余勢・衝動,noun,noun,noun,6,21,TOO_MANY_JAPANESE_LEMMAS|AMBIGUOUS_PRIMARY_SENSE,"1. noun 09180431-n: 衝動・衝迫 (sense rank 0 used as a weak lower-is-better signal; tag count/freq 10 used as a weak higher-is-better signal; selected 2 representative lemma(s) from 2 lemma(s) in this synset; lemma choice is heuristic; raw Japanese WordNet lemmas are preserved) / 2. noun 07308042-n: 活動電位・神経衝撃 (sense rank 0 used as a weak lower-is-better signal; tag count/freq 2 used as a weak higher-is-better signal; selected 2 representative lemma(s) from 4 lemma(s) in this synset; lemma choice is heuristic; raw Japanese WordNet lemmas are preserved) / 3. noun 00104249-n: 余勢・衝動 (sense rank 0 used as a weak lower-is-better signal; tag count/freq 1 used as a weak higher-is-better signal; selected 2 representative lemma(s) from 6 lemma(s) in this synset; lemma choice is heuristic; raw Japanese WordNet lemmas are preserved) Review categories: TOO_MANY_JAPANESE_LEMMAS|AMBIGUOUS_PRIMARY_SENSE; This word has 21 unique Japanese lemmas. 6 viable synset-level primary candidates existed, but only 3 display rows are allowed. A lower-scored unselected candidate exists, indicating selection order should be checked."
intervene,3,割込む・妨げる,,,verb,,,3,7,,1. verb 02538765-v: 割込む・妨げる (sense rank 0 used as a weak lower-is-better signal; tag count/freq 4 used as a weak higher-is-better signal; selected 2 representative lemma(s) from 7 lemma(s) in this synset; lemma choice is heuristic; raw Japanese WordNet lemmas are preserved) No machine review flags; still requires human semantic spot-check before production.
sustainable,3,,,,,,,1,0,MISSING_JAPANESE,No game-display candidate was selected because no Japanese lemma was available.
drain,3,排水・除水,流出す・流れだす,枯渇・流出,noun,verb,noun,8,22,TOO_MANY_JAPANESE_LEMMAS|AMBIGUOUS_PRIMARY_SENSE,"1. noun 00396029-n: 排水・除水 (sense rank 0 used as a weak lower-is-better signal; tag count/freq 1 used as a weak higher-is-better signal; selected 2 representative lemma(s) from 4 lemma(s) in this synset; lemma choice is heuristic; raw Japanese WordNet lemmas are preserved) / 2. verb 02071457-v: 流出す・流れだす (sense rank 0 used as a weak lower-is-better signal; tag count/freq 2 used as a weak higher-is-better signal; selected 2 representative lemma(s) from 5 lemma(s) in this synset; lemma choice is heuristic; raw Japanese WordNet lemmas are preserved) / 3. noun 01062255-n: 枯渇・流出 (sense rank 0 used as a weak lower-is-better signal; tag count/freq 0 used as a weak higher-is-better signal; selected 2 representative lemma(s) from 2 lemma(s) in this synset; lemma choice is heuristic; raw Japanese WordNet lemmas are preserved) Review categories: TOO_MANY_JAPANESE_LEMMAS|AMBIGUOUS_PRIMARY_SENSE; This word has 22 unique Japanese lemmas. 7 viable synset-level primary candidates existed, but only 3 display rows are allowed. A lower-scored unselected candidate exists, indicating selection order should be checked."
sword,3,兵刃・刀刃,,,noun,,,1,21,TOO_MANY_JAPANESE_LEMMAS,"1. noun 04373894-n: 兵刃・刀刃 (sense rank 0 used as a weak lower-is-better signal; tag count/freq 9 used as a weak higher-is-better signal; selected 2 representative lemma(s) from 21 lemma(s) in this synset; lemma choice is heuristic; raw Japanese WordNet lemmas are preserved) Review categories: TOO_MANY_JAPANESE_LEMMAS; This word has 21 unique Japanese lemmas. At least one synset has many Japanese lemmas, so representative lemma choice needs review."
demonstrator,3,実地教授者・実地授業助手,デモンストレータ・デモンストレーター,デモンストレーター,noun,noun,noun,3,4,UNNATURAL_JAPANESE,1. noun 10003120-n: 実地教授者・実地授業助手 (sense rank 0 used as a weak lower-is-better signal; tag count/freq 1 used as a weak higher-is-better signal; selected 2 representative lemma(s) from 4 lemma(s) in this synset; lemma choice is heuristic; raw Japanese WordNet lemmas are preserved) / 2. noun 10002760-n: デモンストレータ・デモンストレーター (sense rank 0 used as a weak lower-is-better signal; tag count/freq 0 used as a weak higher-is-better signal; selected 2 representative lemma(s) from 2 lemma(s) in this synset; lemma choice is heuristic; raw Japanese WordNet lemmas are preserved) / 3. noun 10002982-n: デモンストレーター (sense rank 0 used as a weak lower-is-better signal; tag count/freq 0 used as a weak higher-is-better signal; selected 1 representative lemma(s) from 1 lemma(s) in this synset; lemma choice is heuristic; raw Japanese WordNet lemmas are preserved) Review categories: UNNATURAL_JAPANESE; Selected display text may be unnatural for game display: デモンストレータ・デモンストレーター.
say,3,云う・仰る,意見,主張,verb,noun,verb,12,70,TOO_MANY_SENSES|TOO_MANY_JAPANESE_LEMMAS|DUPLICATE_MEANINGS|AMBIGUOUS_PRIMARY_SENSE,"1. verb 01009240-v: 云う・仰る (sense rank 0 used as a weak lower-is-better signal; tag count/freq 1861 used as a weak higher-is-better signal; selected 2 representative lemma(s) from 39 lemma(s) in this synset; lemma choice is heuristic; raw Japanese WordNet lemmas are preserved) / 2. noun 14485526-n: 意見 (sense rank 0 used as a weak lower-is-better signal; tag count/freq 0 used as a weak higher-is-better signal; selected 1 representative lemma(s) from 1 lemma(s) in this synset; lemma choice is heuristic; raw Japanese WordNet lemmas are preserved) / 3. verb 01016002-v: 主張 (sense rank 0 used as a weak lower-is-better signal; tag count/freq 254 used as a weak higher-is-better signal; selected 1 representative lemma(s) from 1 lemma(s) in this synset; lemma choice is heuristic; raw Japanese WordNet lemmas are preserved) Review categories: TOO_MANY_SENSES|TOO_MANY_JAPANESE_LEMMAS|DUPLICATE_MEANINGS|AMBIGUOUS_PRIMARY_SENSE; This word has 12 synsets, so top-3 selection is likely ambiguous. This word has 70 unique Japanese lemmas. Many Japanese lemmas repeat across synsets or normalize to the same form. 11 viable synset-level primary candidates existed, but only 3 display rows are allowed. At least one synset has many Japanese lemmas, so representative lemma choice needs review. A lower-scored unselected candidate exists, indicating selection order should be checked."
may,3,五月,,,noun,,,2,1,,1. noun 15211484-n: 五月 (sense rank 0 used as a weak lower-is-better signal; tag count/freq 29 used as a weak higher-is-better signal; selected 1 representative lemma(s) from 1 lemma(s) in this synset; lemma choice is heuristic; raw Japanese WordNet lemmas are preserved) No machine review flags; still requires human semantic spot-check before production.
course,3,課程・講座,流れる,論なく・論無く,noun,verb,adverb,13,53,TOO_MANY_SENSES|TOO_MANY_JAPANESE_LEMMAS|AMBIGUOUS_PRIMARY_SENSE,"1. noun 00884466-n: 課程・講座 (sense rank 0 used as a weak lower-is-better signal; tag count/freq 61 used as a weak higher-is-better signal; selected 2 representative lemma(s) from 5 lemma(s) in this synset; lemma choice is heuristic; raw Japanese WordNet lemmas are preserved) / 2. verb 02066939-v: 流れる (sense rank 0 used as a weak lower-is-better signal; tag count/freq 0 used as a weak higher-is-better signal; selected 1 representative lemma(s) from 1 lemma(s) in this synset; lemma choice is heuristic; raw Japanese WordNet lemmas are preserved) / 3. adverb 00038625-r: 論なく・論無く (sense rank 0 used as a weak lower-is-better signal; tag count/freq 1 used as a weak higher-is-better signal; selected 2 representative lemma(s) from 6 lemma(s) in this synset; lemma choice is heuristic; raw Japanese WordNet lemmas are preserved) Review categories: TOO_MANY_SENSES|TOO_MANY_JAPANESE_LEMMAS|AMBIGUOUS_PRIMARY_SENSE; This word has 13 synsets, so top-3 selection is likely ambiguous. This word has 53 unique Japanese lemmas. 11 viable synset-level primary candidates existed, but only 3 display rows are allowed. At least one synset has many Japanese lemmas, so representative lemma choice needs review. A lower-scored unselected candidate exists, indicating selection order should be checked."
increase,3,益す・増える,加増・加算,増す・益す,verb,noun,verb,7,44,TOO_MANY_JAPANESE_LEMMAS|DUPLICATE_MEANINGS|AMBIGUOUS_PRIMARY_SENSE,"1. verb 00156601-v: 益す・増える (sense rank 0 used as a weak lower-is-better signal; tag count/freq 86 used as a weak higher-is-better signal; selected 2 representative lemma(s) from 8 lemma(s) in this synset; lemma choice is heuristic; raw Japanese WordNet lemmas are preserved) / 2. noun 13754293-n: 加増・加算 (sense rank 0 used as a weak lower-is-better signal; tag count/freq 49 used as a weak higher-is-better signal; selected 2 representative lemma(s) from 9 lemma(s) in this synset; lemma choice is heuristic; raw Japanese WordNet lemmas are preserved) / 3. verb 00153263-v: 増す・益す (sense rank 0 used as a weak lower-is-better signal; tag count/freq 61 used as a weak higher-is-better signal; selected 2 representative lemma(s) from 10 lemma(s) in this synset; lemma choice is heuristic; raw Japanese WordNet lemmas are preserved) Review categories: TOO_MANY_JAPANESE_LEMMAS|DUPLICATE_MEANINGS|AMBIGUOUS_PRIMARY_SENSE; This word has 44 unique Japanese lemmas. Many Japanese lemmas repeat across synsets or normalize to the same form. 7 viable synset-level primary candidates existed, but only 3 display rows are allowed. At least one synset has many Japanese lemmas, so representative lemma choice needs review."
parent,3,親者人・親じゃ人,育む・養う,,noun,verb,,3,21,TOO_MANY_JAPANESE_LEMMAS,"1. noun 10399491-n: 親者人・親じゃ人 (sense rank 0 used as a weak lower-is-better signal; tag count/freq 35 used as a weak higher-is-better signal; selected 2 representative lemma(s) from 4 lemma(s) in this synset; lemma choice is heuristic; raw Japanese WordNet lemmas are preserved) / 2. verb 02539788-v: 育む・養う (sense rank 0 used as a weak lower-is-better signal; tag count/freq 0 used as a weak higher-is-better signal; selected 2 representative lemma(s) from 17 lemma(s) in this synset; lemma choice is heuristic; raw Japanese WordNet lemmas are preserved) Review categories: TOO_MANY_JAPANESE_LEMMAS; This word has 21 unique Japanese lemmas. At least one synset has many Japanese lemmas, so representative lemma choice needs review."
development,3,発展させること,展開・発展,化生・増殖,noun,noun,noun,9,28,TOO_MANY_JAPANESE_LEMMAS|AMBIGUOUS_PRIMARY_SENSE|UNNATURAL_JAPANESE,"1. noun 00250259-n: 発展させること (sense rank 0 used as a weak lower-is-better signal; tag count/freq 52 used as a weak higher-is-better signal; selected 1 representative lemma(s) from 1 lemma(s) in this synset; lemma choice is heuristic; raw Japanese WordNet lemmas are preserved) / 2. noun 13464820-n: 展開・発展 (sense rank 0 used as a weak lower-is-better signal; tag count/freq 46 used as a weak higher-is-better signal; selected 2 representative lemma(s) from 8 lemma(s) in this synset; lemma choice is heuristic; raw Japanese WordNet lemmas are preserved) / 3. noun 13489037-n: 化生・増殖 (sense rank 0 used as a weak lower-is-better signal; tag count/freq 11 used as a weak higher-is-better signal; selected 2 representative lemma(s) from 11 lemma(s) in this synset; lemma choice is heuristic; raw Japanese WordNet lemmas are preserved) Review categories: TOO_MANY_JAPANESE_LEMMAS|AMBIGUOUS_PRIMARY_SENSE|UNNATURAL_JAPANESE; This word has 28 unique Japanese lemmas. 7 viable synset-level primary candidates existed, but only 3 display rows are allowed. At least one synset has many Japanese lemmas, so representative lemma choice needs review. Selected display text may be unnatural for game display: 発展させること."
situation,3,事態・具合,境遇・立場,位地・地位,noun,noun,noun,5,28,TOO_MANY_JAPANESE_LEMMAS|AMBIGUOUS_PRIMARY_SENSE,"1. noun 13927383-n: 事態・具合 (sense rank 0 used as a weak lower-is-better signal; tag count/freq 66 used as a weak higher-is-better signal; selected 2 representative lemma(s) from 19 lemma(s) in this synset; lemma choice is heuristic; raw Japanese WordNet lemmas are preserved) / 2. noun 13925752-n: 境遇・立場 (sense rank 0 used as a weak lower-is-better signal; tag count/freq 18 used as a weak higher-is-better signal; selected 2 representative lemma(s) from 7 lemma(s) in this synset; lemma choice is heuristic; raw Japanese WordNet lemmas are preserved) / 3. noun 00586262-n: 位地・地位 (sense rank 0 used as a weak lower-is-better signal; tag count/freq 0 used as a weak higher-is-better signal; selected 2 representative lemma(s) from 7 lemma(s) in this synset; lemma choice is heuristic; raw Japanese WordNet lemmas are preserved) Review categories: TOO_MANY_JAPANESE_LEMMAS|AMBIGUOUS_PRIMARY_SENSE; This word has 28 unique Japanese lemmas. 4 viable synset-level primary candidates existed, but only 3 display rows are allowed. At least one synset has many Japanese lemmas, so representative lemma choice needs review."
charge,3,突撃・突貫,突撃・突貫,告発・告訴,noun,verb,noun,40,88,TOO_MANY_SENSES|TOO_MANY_JAPANESE_LEMMAS|DUPLICATE_MEANINGS|AMBIGUOUS_PRIMARY_SENSE,"1. noun 00974762-n: 突撃・突貫 (sense rank 0 used as a weak lower-is-better signal; tag count/freq 16 used as a weak higher-is-better signal; selected 2 representative lemma(s) from 4 lemma(s) in this synset; lemma choice is heuristic; raw Japanese WordNet lemmas are preserved) / 2. verb 01121719-v: 突撃・突貫 (sense rank 0 used as a weak lower-is-better signal; tag count/freq 16 used as a weak higher-is-better signal; selected 2 representative lemma(s) from 5 lemma(s) in this synset; lemma choice is heuristic; raw Japanese WordNet lemmas are preserved) / 3. noun 06561942-n: 告発・告訴 (sense rank 0 used as a weak lower-is-better signal; tag count/freq 13 used as a weak higher-is-better signal; selected 2 representative lemma(s) from 2 lemma(s) in this synset; lemma choice is heuristic; raw Japanese WordNet lemmas are preserved) Review categories: TOO_MANY_SENSES|TOO_MANY_JAPANESE_LEMMAS|DUPLICATE_MEANINGS|AMBIGUOUS_PRIMARY_SENSE; This word has 40 synsets, so top-3 selection is likely ambiguous. This word has 88 unique Japanese lemmas. Many Japanese lemmas repeat across synsets or normalize to the same form. 33 viable synset-level primary candidates existed, but only 3 display rows are allowed. At least one synset has many Japanese lemmas, so representative lemma choice needs review. Two or more selected display rows are effectively identical after safe normalization."
