word,priority,pos,synset,japanese,allJapaneseLemmas,senseRank,tagCount,selected,primaryRank,reason
quit,1,verb,02680814-v,止める・廃す,うち切り|とり止まる|とり止める|ほうる|ストップ|中止|停める|停止|取りやめる|取り止める|取止める|廃す|廃する|打ち切り|打ち切る|抛る|措く|放る|断ちきる|断つ|止す|止める|止らす|留める|終える|絶つ|置く,0,13,YES,1,sense rank 0 used as a weak lower-is-better signal; tag count/freq 13 used as a weak higher-is-better signal; selected 2 representative lemma(s) from 27 lemma(s) in this synset; lemma choice is heuristic; raw Japanese WordNet lemmas are preserved
quit,2,verb,02008396-v,去る・離れる,去る|引き上げる|引き下がる|引き払う|引き揚げる|引上げる|引下がる|立ちさる|立ち去る|立去る|辞す|辞する|退去|退散|離れさる|離れる|離れ去る|離去る,0,1,YES,2,sense rank 0 used as a weak lower-is-better signal; tag count/freq 1 used as a weak higher-is-better signal; selected 2 representative lemma(s) from 18 lemma(s) in this synset; lemma choice is heuristic; raw Japanese WordNet lemmas are preserved
quit,3,verb,02382367-v,辞める・辞す,下りる|罷める|辞す|辞する|辞める|辞任|辞職|退く|退陣|降りる,0,1,YES,3,sense rank 0 used as a weak lower-is-better signal; tag count/freq 1 used as a weak higher-is-better signal; selected 2 representative lemma(s) from 10 lemma(s) in this synset; lemma choice is heuristic; raw Japanese WordNet lemmas are preserved
quit,4,verb,01083044-v,諦める・参る,ギブアップ|万歳|参る|思断つ|断念|棄権|絶念|観念|諦める|降参,0,0,NO,,sense rank 0 used as a weak lower-is-better signal; tag count/freq 0 used as a weak higher-is-better signal; selected 2 representative lemma(s) from 10 lemma(s) in this synset; lemma choice is heuristic; raw Japanese WordNet lemmas are preserved; not selected because max 3 display rows were already filled by higher-priority candidates
quit,5,verb,02227487-v,断つ・絶つ,捨てる|断つ|絶つ,0,0,NO,,sense rank 0 used as a weak lower-is-better signal; tag count/freq 0 used as a weak higher-is-better signal; selected 2 representative lemma(s) from 3 lemma(s) in this synset; lemma choice is heuristic; raw Japanese WordNet lemmas are preserved; not selected because max 3 display rows were already filled by higher-priority candidates
purse,1,noun,02774152-n,ハンドバッグ・ハンドバック,ハンドバック|ハンドバッグ,0,5,YES,1,sense rank 0 used as a weak lower-is-better signal; tag count/freq 5 used as a weak higher-is-better signal; selected 2 representative lemma(s) from 2 lemma(s) in this synset; lemma choice is heuristic; raw Japanese WordNet lemmas are preserved
purse,2,noun,04026417-n,財布・金入,がま口|パース|蝦蟇口|蟇口|財嚢|財布|金入|金入れ|銭入|銭入れ,0,1,YES,3,sense rank 0 used as a weak lower-is-better signal; tag count/freq 1 used as a weak higher-is-better signal; selected 2 representative lemma(s) from 10 lemma(s) in this synset; lemma choice is heuristic; raw Japanese WordNet lemmas are preserved
purse,3,noun,13413294-n,財布,財布,0,1,NO,,sense rank 0 used as a weak lower-is-better signal; tag count/freq 1 used as a weak higher-is-better signal; selected 1 representative lemma(s) from 1 lemma(s) in this synset; lemma choice is heuristic; raw Japanese WordNet lemmas are preserved; not selected because max 3 display rows were already filled by higher-priority candidates
purse,4,verb,00145902-v,口をすぼめる,口をすぼめる,0,2,YES,2,sense rank 0 used as a weak lower-is-better signal; tag count/freq 2 used as a weak higher-is-better signal; selected 1 representative lemma(s) from 1 lemma(s) in this synset; lemma choice is heuristic; raw Japanese WordNet lemmas are preserved
purse,5,verb,01279305-v,皺む・皺める,皺む|皺める|窄める|縮らす|縮れる,0,0,NO,,sense rank 0 used as a weak lower-is-better signal; tag count/freq 0 used as a weak higher-is-better signal; selected 2 representative lemma(s) from 5 lemma(s) in this synset; lemma choice is heuristic; raw Japanese WordNet lemmas are preserved; not selected because max 3 display rows were already filled by higher-priority candidates
authorization,1,noun,06556481-n,承認・許可,お墨付き|免許|公認|命|命令|御墨付き|承認|指し図|指図|授権|許可|認可|認定,0,5,YES,1,sense rank 0 used as a weak lower-is-better signal; tag count/freq 5 used as a weak higher-is-better signal; selected 2 representative lemma(s) from 13 lemma(s) in this synset; lemma choice is heuristic; raw Japanese WordNet lemmas are preserved
authorization,2,noun,01138670-n,認可・免許,オーソライズ|免許|公認|認可|認定,0,0,YES,2,sense rank 0 used as a weak lower-is-better signal; tag count/freq 0 used as a weak higher-is-better signal; selected 2 representative lemma(s) from 5 lemma(s) in this synset; lemma choice is heuristic; raw Japanese WordNet lemmas are preserved
authorization,3,noun,05176607-n,認可・免許,お墨付き|オーソライズ|免許|公認|御墨付き|裁可|裁許|認可|認定,0,0,NO,,sense rank 0 used as a weak lower-is-better signal; tag count/freq 0 used as a weak higher-is-better signal; selected 2 representative lemma(s) from 9 lemma(s) in this synset; lemma choice is heuristic; raw Japanese WordNet lemmas are preserved; not selected because a selected synset already has the same display lemmas
authorization,4,noun,05196582-n,委任・権力,委任|権|権力|権能|権限|決定権,0,0,YES,3,sense rank 0 used as a weak lower-is-better signal; tag count/freq 0 used as a weak higher-is-better signal; selected 2 representative lemma(s) from 6 lemma(s) in this synset; lemma choice is heuristic; raw Japanese WordNet lemmas are preserved
correction,1,noun,00258854-n,修正・訂正,修正|修繕|修訂|加筆|匡正|手直し|改削|改善|改正|斧正|是正|是正措置|更正|更訂|校訂|校閲|添削|直し|直し物|矯正|筆削|補正|規正|訂正,0,2,YES,1,sense rank 0 used as a weak lower-is-better signal; tag count/freq 2 used as a weak higher-is-better signal; selected 2 representative lemma(s) from 24 lemma(s) in this synset; lemma choice is heuristic; raw Japanese WordNet lemmas are preserved
correction,2,noun,06428537-n,訂正,訂正,0,1,YES,2,sense rank 0 used as a weak lower-is-better signal; tag count/freq 1 used as a weak higher-is-better signal; selected 1 representative lemma(s) from 1 lemma(s) in this synset; lemma choice is heuristic; raw Japanese WordNet lemmas are preserved
correction,3,noun,13755957-n,補正,補正,0,1,YES,3,sense rank 0 used as a weak lower-is-better signal; tag count/freq 1 used as a weak higher-is-better signal; selected 1 representative lemma(s) from 1 lemma(s) in this synset; lemma choice is heuristic; raw Japanese WordNet lemmas are preserved
correction,4,noun,00662527-n,矯正,矯正,0,0,NO,,sense rank 0 used as a weak lower-is-better signal; tag count/freq 0 used as a weak higher-is-better signal; selected 1 representative lemma(s) from 1 lemma(s) in this synset; lemma choice is heuristic; raw Japanese WordNet lemmas are preserved; not selected because max 3 display rows were already filled by higher-priority candidates
correction,5,noun,01161821-n,懲戒・懲罰,懲らしめ|懲戒|懲罰|誅罰,0,0,NO,,sense rank 0 used as a weak lower-is-better signal; tag count/freq 0 used as a weak higher-is-better signal; selected 2 representative lemma(s) from 4 lemma(s) in this synset; lemma choice is heuristic; raw Japanese WordNet lemmas are preserved; not selected because max 3 display rows were already filled by higher-priority candidates
correction,6,noun,06714288-n,折檻・懲らしめ,懲らしめ|折檻,0,0,NO,,sense rank 0 used as a weak lower-is-better signal; tag count/freq 0 used as a weak higher-is-better signal; selected 2 representative lemma(s) from 2 lemma(s) in this synset; lemma choice is heuristic; raw Japanese WordNet lemmas are preserved; not selected because max 3 display rows were already filled by higher-priority candidates
resume,1,verb,00350104-v,仕直す・やり直す,やり直す|仕直す|再開|続開|遣り直す,0,17,YES,1,sense rank 0 used as a weak lower-is-better signal; tag count/freq 17 used as a weak higher-is-better signal; selected 2 representative lemma(s) from 5 lemma(s) in this synset; lemma choice is heuristic; raw Japanese WordNet lemmas are preserved
resume,2,noun,06469694-n,展望・概観,レジメ|レジュメ|展望|概観|約説|素描|要覧,0,4,YES,2,sense rank 0 used as a weak lower-is-better signal; tag count/freq 4 used as a weak higher-is-better signal; selected 2 representative lemma(s) from 7 lemma(s) in this synset; lemma choice is heuristic; raw Japanese WordNet lemmas are preserved
resume,3,noun,06468403-n,履歴書,履歴書,0,0,YES,3,sense rank 0 used as a weak lower-is-better signal; tag count/freq 0 used as a weak higher-is-better signal; selected 1 representative lemma(s) from 1 lemma(s) in this synset; lemma choice is heuristic; raw Japanese WordNet lemmas are preserved
resume,4,verb,00350283-v,取戻す・取返す,取り戻す|取戻す|取返す|復する,0,5,NO,,sense rank 0 used as a weak lower-is-better signal; tag count/freq 5 used as a weak higher-is-better signal; selected 2 representative lemma(s) from 4 lemma(s) in this synset; lemma choice is heuristic; raw Japanese WordNet lemmas are preserved; not selected because max 3 display rows were already filled by higher-priority candidates
resume,5,verb,02381951-v,再開,再開,0,4,NO,,sense rank 0 used as a weak lower-is-better signal; tag count/freq 4 used as a weak higher-is-better signal; selected 1 representative lemma(s) from 1 lemma(s) in this synset; lemma choice is heuristic; raw Japanese WordNet lemmas are preserved; not selected because max 3 display rows were already filled by higher-priority candidates
resume,6,verb,01007924-v,抓む・摘む,かいつまむ|かい摘む|ダイジェスト|抓む|掻いつまむ|掻い取る|掻い摘まむ|掻い摘む|掻取る|掻摘む|摘む|撮む|概括|概要を述べる|概言|略言|略説|略論|略述|約言|要す|要する|要略|要約,0,0,NO,,sense rank 0 used as a weak lower-is-better signal; tag count/freq 0 used as a weak higher-is-better signal; selected 2 representative lemma(s) from 24 lemma(s) in this synset; lemma choice is heuristic; raw Japanese WordNet lemmas are preserved; not selected because max 3 display rows were already filled by higher-priority candidates
bound,1,noun,13903079-n,境界・境目,へり|リミット|境界|境界線|境目|疆界|端|経界|縁,0,1,YES,1,sense rank 0 used as a weak lower-is-better signal; tag count/freq 1 used as a weak higher-is-better signal; selected 2 representative lemma(s) from 9 lemma(s) in this synset; lemma choice is heuristic; raw Japanese WordNet lemmas are preserved
bound,2,noun,00120202-n,勢み・弾み,バウンド|勢み|弾み,0,0,NO,,sense rank 0 used as a weak lower-is-better signal; tag count/freq 0 used as a weak higher-is-better signal; selected 2 representative lemma(s) from 3 lemma(s) in this synset; lemma choice is heuristic; raw Japanese WordNet lemmas are preserved; not selected because max 3 display rows were already filled by higher-priority candidates
bound,3,noun,05124057-n,局限・方量,リミット|局限|方量|極限|辺際|限り|限度|限界|際涯|際限,0,0,NO,,sense rank 0 used as a weak lower-is-better signal; tag count/freq 0 used as a weak higher-is-better signal; selected 2 representative lemma(s) from 10 lemma(s) in this synset; lemma choice is heuristic; raw Japanese WordNet lemmas are preserved; not selected because max 3 display rows were already filled by higher-priority candidates
bound,4,noun,08512259-n,地境・地界,バウンダリ|バウンド|リミット|地境|地界|境|境域|境界|境界線|境目|疆域|疆界|経界|限界,0,0,NO,,sense rank 0 used as a weak lower-is-better signal; tag count/freq 0 used as a weak higher-is-better signal; selected 2 representative lemma(s) from 14 lemma(s) in this synset; lemma choice is heuristic; raw Japanese WordNet lemmas are preserved; not selected because max 3 display rows were already filled by higher-priority candidates
bound,5,verb,01963942-v,弾む・跳ぶ,はね上がる|弾む|跳ねる|跳ぶ|跳る|跳躍|躍る|飛びあがる|飛び上がる|飛び跳ねる|飛上がる|飛躍,0,4,YES,2,sense rank 0 used as a weak lower-is-better signal; tag count/freq 4 used as a weak higher-is-better signal; selected 2 representative lemma(s) from 12 lemma(s) in this synset; lemma choice is heuristic; raw Japanese WordNet lemmas are preserved
bound,6,verb,00233335-v,限る・抑える,セーブ|セーヴ|制約|抑える|抑制|押える|押さえる|限る|限定,0,2,NO,,sense rank 0 used as a weak lower-is-better signal; tag count/freq 2 used as a weak higher-is-better signal; selected 2 representative lemma(s) from 9 lemma(s) in this synset; lemma choice is heuristic; raw Japanese WordNet lemmas are preserved; not selected because max 3 display rows were already filled by higher-priority candidates
bound,7,verb,01892104-v,弾む・跳る,はね上がる|バウンド|リバウンド|刎ね上がる|弾む|跳ねあがる|跳ねかえる|跳ねる|跳ね上がる|跳ね上る|跳ね返る|跳び上がる|跳び出す|跳る|跳上がる|跳上る|跳返る,0,1,NO,,sense rank 0 used as a weak lower-is-better signal; tag count/freq 1 used as a weak higher-is-better signal; selected 2 representative lemma(s) from 17 lemma(s) in this synset; lemma choice is heuristic; raw Japanese WordNet lemmas are preserved; not selected because max 3 display rows were already filled by higher-priority candidates
bound,8,adjective,00252954-a,縛られた,縛られた,0,4,YES,3,sense rank 0 used as a weak lower-is-better signal; tag count/freq 4 used as a weak higher-is-better signal; selected 1 representative lemma(s) from 1 lemma(s) in this synset; lemma choice is heuristic; raw Japanese WordNet lemmas are preserved
bound,9,adjective,01682822-a,運命的,運命的,0,1,NO,,sense rank 0 used as a weak lower-is-better signal; tag count/freq 1 used as a weak higher-is-better signal; selected 1 representative lemma(s) from 1 lemma(s) in this synset; lemma choice is heuristic; raw Japanese WordNet lemmas are preserved; not selected because max 3 display rows were already filled by higher-priority candidates
neutral,1,adjective,01615625-a,中立的・ニュートラル,ニュートラル|中立的,0,5,YES,1,sense rank 0 used as a weak lower-is-better signal; tag count/freq 5 used as a weak higher-is-better signal; selected 2 representative lemma(s) from 2 lemma(s) in this synset; lemma choice is heuristic; raw Japanese WordNet lemmas are preserved
neutral,2,adjective,00732160-a,中立の・ニュートラル,ニュートラル|中立の,0,3,YES,2,sense rank 0 used as a weak lower-is-better signal; tag count/freq 3 used as a weak higher-is-better signal; selected 2 representative lemma(s) from 2 lemma(s) in this synset; lemma choice is heuristic; raw Japanese WordNet lemmas are preserved
neutral,3,adjective,00408284-a,特徴のない,特徴のない,0,1,YES,3,sense rank 0 used as a weak lower-is-better signal; tag count/freq 1 used as a weak higher-is-better signal; selected 1 representative lemma(s) from 1 lemma(s) in this synset; lemma choice is heuristic; raw Japanese WordNet lemmas are preserved
neutral,4,adjective,01930004-a,不活性,不活性,0,4,NO,,sense rank 0 used as a weak lower-is-better signal; tag count/freq 4 used as a weak higher-is-better signal; selected 1 representative lemma(s) from 1 lemma(s) in this synset; lemma choice is heuristic; raw Japanese WordNet lemmas are preserved; not selected because max 3 display rows were already filled by higher-priority candidates
inhibition,1,noun,01070892-n,制御・制禦,制御|制禦|制馭|圧殺|抑制|抑圧|抑止|押さえ,0,3,YES,1,sense rank 0 used as a weak lower-is-better signal; tag count/freq 3 used as a weak higher-is-better signal; selected 2 representative lemma(s) from 8 lemma(s) in this synset; lemma choice is heuristic; raw Japanese WordNet lemmas are preserved
inhibition,2,noun,04884072-n,禁止,禁止,0,2,YES,2,sense rank 0 used as a weak lower-is-better signal; tag count/freq 2 used as a weak higher-is-better signal; selected 1 representative lemma(s) from 1 lemma(s) in this synset; lemma choice is heuristic; raw Japanese WordNet lemmas are preserved
inhibition,3,noun,00201923-n,抑制・禁止,抑制|禁止,0,0,YES,3,sense rank 0 used as a weak lower-is-better signal; tag count/freq 0 used as a weak higher-is-better signal; selected 2 representative lemma(s) from 2 lemma(s) in this synset; lemma choice is heuristic; raw Japanese WordNet lemmas are preserved
inhibition,4,noun,13500214-n,抑制,抑制,0,0,NO,,sense rank 0 used as a weak lower-is-better signal; tag count/freq 0 used as a weak higher-is-better signal; selected 1 representative lemma(s) from 1 lemma(s) in this synset; lemma choice is heuristic; raw Japanese WordNet lemmas are preserved; not selected because max 3 display rows were already filled by higher-priority candidates
impulse,1,noun,09180431-n,衝動・衝迫,衝動|衝迫,0,10,YES,1,sense rank 0 used as a weak lower-is-better signal; tag count/freq 10 used as a weak higher-is-better signal; selected 2 representative lemma(s) from 2 lemma(s) in this synset; lemma choice is heuristic; raw Japanese WordNet lemmas are preserved
impulse,2,noun,07490579-n,衝動・衝迫,でき心|出来心|心のはずみ|気まぐれ|気紛れ|衝動|衝迫,0,3,NO,,sense rank 0 used as a weak lower-is-better signal; tag count/freq 3 used as a weak higher-is-better signal; selected 2 representative lemma(s) from 7 lemma(s) in this synset; lemma choice is heuristic; raw Japanese WordNet lemmas are preserved; not selected because a selected synset already has the same display lemmas
impulse,3,noun,07308042-n,活動電位・神経衝撃,インパルス|活動電位|神経インパルス|神経衝撃,0,2,YES,2,sense rank 0 used as a weak lower-is-better signal; tag count/freq 2 used as a weak higher-is-better signal; selected 2 representative lemma(s) from 4 lemma(s) in this synset; lemma choice is heuristic; raw Japanese WordNet lemmas are preserved
impulse,4,noun,00104249-n,余勢・衝動,インパルス|余勢|衝動|衝撃|調子|運動力,0,1,YES,3,sense rank 0 used as a weak lower-is-better signal; tag count/freq 1 used as a weak higher-is-better signal; selected 2 representative lemma(s) from 6 lemma(s) in this synset; lemma choice is heuristic; raw Japanese WordNet lemmas are preserved
impulse,5,noun,07420991-n,周波・活動電位,インパルス|パルス|プルス|周波|活動電位,0,1,NO,,sense rank 0 used as a weak lower-is-better signal; tag count/freq 1 used as a weak higher-is-better signal; selected 2 representative lemma(s) from 5 lemma(s) in this synset; lemma choice is heuristic; raw Japanese WordNet lemmas are preserved; not selected because max 3 display rows were already filled by higher-priority candidates
impulse,6,noun,05035820-n,余勢・勢い,余勢|勢|勢い|推進力,0,0,NO,,sense rank 0 used as a weak lower-is-better signal; tag count/freq 0 used as a weak higher-is-better signal; selected 2 representative lemma(s) from 4 lemma(s) in this synset; lemma choice is heuristic; raw Japanese WordNet lemmas are preserved; not selected because max 3 display rows were already filled by higher-priority candidates
drain,1,noun,00396029-n,排水・除水,排水|水抜き|除水|駆水,0,1,YES,1,sense rank 0 used as a weak lower-is-better signal; tag count/freq 1 used as a weak higher-is-better signal; selected 2 representative lemma(s) from 4 lemma(s) in this synset; lemma choice is heuristic; raw Japanese WordNet lemmas are preserved
drain,2,noun,01062255-n,枯渇・流出,枯渇|流出,0,0,YES,3,sense rank 0 used as a weak lower-is-better signal; tag count/freq 0 used as a weak higher-is-better signal; selected 2 representative lemma(s) from 2 lemma(s) in this synset; lemma choice is heuristic; raw Japanese WordNet lemmas are preserved
drain,3,noun,03231912-n,明渠・流出,ドレイン|排水管|放水管|明渠|流出|雨樋,0,0,NO,,sense rank 0 used as a weak lower-is-better signal; tag count/freq 0 used as a weak higher-is-better signal; selected 2 representative lemma(s) from 6 lemma(s) in this synset; lemma choice is heuristic; raw Japanese WordNet lemmas are preserved; not selected because max 3 display rows were already filled by higher-priority candidates
drain,4,verb,02071457-v,流出す・流れだす,流れだす|流れ出す|流れ出る|流出|流出す,0,2,YES,2,sense rank 0 used as a weak lower-is-better signal; tag count/freq 2 used as a weak higher-is-better signal; selected 2 representative lemma(s) from 5 lemma(s) in this synset; lemma choice is heuristic; raw Japanese WordNet lemmas are preserved
drain,5,verb,00451648-v,乾す・干す,乾す|干す|排水|流す,0,1,NO,,sense rank 0 used as a weak lower-is-better signal; tag count/freq 1 used as a weak higher-is-better signal; selected 2 representative lemma(s) from 4 lemma(s) in this synset; lemma choice is heuristic; raw Japanese WordNet lemmas are preserved; not selected because max 3 display rows were already filled by higher-priority candidates
drain,6,verb,01158022-v,涸す・涸らす,枯渇させる|涸す|涸らす,0,1,NO,,sense rank 0 used as a weak lower-is-better signal; tag count/freq 1 used as a weak higher-is-better signal; selected 2 representative lemma(s) from 3 lemma(s) in this synset; lemma choice is heuristic; raw Japanese WordNet lemmas are preserved; not selected because max 3 display rows were already filled by higher-priority candidates
drain,7,verb,00389638-v,弱める,弱める,0,0,NO,,sense rank 0 used as a weak lower-is-better signal; tag count/freq 0 used as a weak higher-is-better signal; selected 1 representative lemma(s) from 1 lemma(s) in this synset; lemma choice is heuristic; raw Japanese WordNet lemmas are preserved; not selected because max 3 display rows were already filled by higher-priority candidates
say,1,verb,01009240-v,云う・仰る,いう|おっしゃる|もうし上げる|もの申す|云う|仰しゃる|仰せられる|仰っしゃる|仰る|仰有る|啓する|啓上|喋る|宣う|曰う|物申す|物語る|申しあげる|申し上げる|申し述べる|申す|申上げる|申述べる|発する|発言|発語|言い表す|言い表わす|言う|言上|言表す|話す|語る|謂う|述べる|陳じる|陳ずる|陳べる|陳述,0,1861,YES,1,sense rank 0 used as a weak lower-is-better signal; tag count/freq 1861 used as a weak higher-is-better signal; selected 2 representative lemma(s) from 39 lemma(s) in this synset; lemma choice is heuristic; raw Japanese WordNet lemmas are preserved
say,2,verb,01016002-v,主張,主張,0,254,YES,3,sense rank 0 used as a weak lower-is-better signal; tag count/freq 254 used as a weak higher-is-better signal; selected 1 representative lemma(s) from 1 lemma(s) in this synset; lemma choice is heuristic; raw Japanese WordNet lemmas are preserved
say,3,verb,00917300-v,看做す・見なす,仮定|仮想|想定|看做す|見なす|見做す,0,29,NO,,sense rank 0 used as a weak lower-is-better signal; tag count/freq 29 used as a weak higher-is-better signal; selected 2 representative lemma(s) from 6 lemma(s) in this synset; lemma choice is heuristic; raw Japanese WordNet lemmas are preserved; not selected because max 3 display rows were already filled by higher-priority candidates
say,4,verb,00746718-v,命じる・命ずる,下命|下知|令する|仰せつける|仰せ付ける|仰付ける|命じる|命ずる|命令|指令|指揮|指示|指顧|申しつける|申し付ける|申付ける|言いつける|言い付ける|言っつける|言っ付ける|言付ける,0,8,NO,,sense rank 0 used as a weak lower-is-better signal; tag count/freq 8 used as a weak higher-is-better signal; selected 2 representative lemma(s) from 21 lemma(s) in this synset; lemma choice is heuristic; raw Japanese WordNet lemmas are preserved; not selected because max 3 display rows were already filled by higher-priority candidates
say,5,verb,02730813-v,云う・言う,いう|云う|言う|読み取れる|謂う|述べる,0,8,NO,,sense rank 0 used as a weak lower-is-better signal; tag count/freq 8 used as a weak higher-is-better signal; selected 2 representative lemma(s) from 6 lemma(s) in this synset; lemma choice is heuristic; raw Japanese WordNet lemmas are preserved; not selected because max 3 display rows were already filled by higher-priority candidates
say,6,noun,14485526-n,意見,意見,0,0,YES,2,sense rank 0 used as a weak lower-is-better signal; tag count/freq 0 used as a weak higher-is-better signal; selected 1 representative lemma(s) from 1 lemma(s) in this synset; lemma choice is heuristic; raw Japanese WordNet lemmas are preserved
say,7,verb,00978549-v,云う・言う,いう|云う|発する|発音|言う|謂う,0,4,NO,,sense rank 0 used as a weak lower-is-better signal; tag count/freq 4 used as a weak higher-is-better signal; selected 2 representative lemma(s) from 6 lemma(s) in this synset; lemma choice is heuristic; raw Japanese WordNet lemmas are preserved; not selected because max 3 display rows were already filled by higher-priority candidates
say,8,verb,00928959-v,語る,語る,0,2,NO,,sense rank 0 used as a weak lower-is-better signal; tag count/freq 2 used as a weak higher-is-better signal; selected 1 representative lemma(s) from 1 lemma(s) in this synset; lemma choice is heuristic; raw Japanese WordNet lemmas are preserved; not selected because max 3 display rows were already filled by higher-priority candidates
say,9,verb,00979870-v,云う・仰る,いう|おっしゃる|もうし上げる|云う|仰しゃる|仰せられる|仰っしゃる|仰る|仰有る|喋る|宣う|物申す|申しあげる|申し上げる|申す|申上げる|発語|言う|話す|謂う,0,1,NO,,sense rank 0 used as a weak lower-is-better signal; tag count/freq 1 used as a weak higher-is-better signal; selected 2 representative lemma(s) from 20 lemma(s) in this synset; lemma choice is heuristic; raw Japanese WordNet lemmas are preserved; not selected because a selected synset already has the same display lemmas
say,10,verb,00945499-v,言う・申し上げる,申し上げる|言う,0,0,NO,,sense rank 0 used as a weak lower-is-better signal; tag count/freq 0 used as a weak higher-is-better signal; selected 2 representative lemma(s) from 2 lemma(s) in this synset; lemma choice is heuristic; raw Japanese WordNet lemmas are preserved; not selected because max 3 display rows were already filled by higher-priority candidates
say,11,verb,01009821-v,言う,言う,0,0,NO,,sense rank 0 used as a weak lower-is-better signal; tag count/freq 0 used as a weak higher-is-better signal; selected 1 representative lemma(s) from 1 lemma(s) in this synset; lemma choice is heuristic; raw Japanese WordNet lemmas are preserved; not selected because max 3 display rows were already filled by higher-priority candidates
course,1,noun,00884466-n,課程・講座,コース|教科課程|教育課程|課程|講座,0,61,YES,1,sense rank 0 used as a weak lower-is-better signal; tag count/freq 61 used as a weak higher-is-better signal; selected 2 representative lemma(s) from 5 lemma(s) in this synset; lemma choice is heuristic; raw Japanese WordNet lemmas are preserved
course,2,noun,08377085-n,方向・方角,コース|方向|方角|方針|路線|過程,0,14,NO,,sense rank 0 used as a weak lower-is-better signal; tag count/freq 14 used as a weak higher-is-better signal; selected 2 representative lemma(s) from 6 lemma(s) in this synset; lemma choice is heuristic; raw Japanese WordNet lemmas are preserved; not selected because max 3 display rows were already filled by higher-priority candidates
course,3,noun,08681222-n,水先・流れ,コース|水先|流れ|行路|進路|針路,0,11,NO,,sense rank 0 used as a weak lower-is-better signal; tag count/freq 11 used as a weak higher-is-better signal; selected 2 representative lemma(s) from 6 lemma(s) in this synset; lemma choice is heuristic; raw Japanese WordNet lemmas are preserved; not selected because max 3 display rows were already filled by higher-priority candidates
course,4,noun,00038262-n,方針・遣方,やり方|方針|行動様式|遣り方|遣方,0,9,NO,,sense rank 0 used as a weak lower-is-better signal; tag count/freq 9 used as a weak higher-is-better signal; selected 2 representative lemma(s) from 5 lemma(s) in this synset; lemma choice is heuristic; raw Japanese WordNet lemmas are preserved; not selected because max 3 display rows were already filled by higher-priority candidates
course,5,noun,09387222-n,径路・水路,コース|ルート|径路|水路|経絡|経路|路|路線|軌跡|軌道|迹|逕路|通い路|通った跡|通り路|通り道|通路|通道|進路|道|道筋|雲路,0,5,NO,,sense rank 0 used as a weak lower-is-better signal; tag count/freq 5 used as a weak higher-is-better signal; selected 2 representative lemma(s) from 22 lemma(s) in this synset; lemma choice is heuristic; raw Japanese WordNet lemmas are preserved; not selected because max 3 display rows were already filled by higher-priority candidates
course,6,noun,03120029-n,並び,並び,0,0,NO,,sense rank 0 used as a weak lower-is-better signal; tag count/freq 0 used as a weak higher-is-better signal; selected 1 representative lemma(s) from 1 lemma(s) in this synset; lemma choice is heuristic; raw Japanese WordNet lemmas are preserved; not selected because max 3 display rows were already filled by higher-priority candidates
course,7,noun,08238463-n,学年・学級,クラス|コース|学年|学級|年級|教室,0,0,NO,,sense rank 0 used as a weak lower-is-better signal; tag count/freq 0 used as a weak higher-is-better signal; selected 2 representative lemma(s) from 6 lemma(s) in this synset; lemma choice is heuristic; raw Japanese WordNet lemmas are preserved; not selected because max 3 display rows were already filled by higher-priority candidates
course,8,noun,03119790-n,コース,コース,0,0,NO,,sense rank 0 used as a weak lower-is-better signal; tag count/freq 0 used as a weak higher-is-better signal; selected 1 representative lemma(s) from 1 lemma(s) in this synset; lemma choice is heuristic; raw Japanese WordNet lemmas are preserved; not selected because max 3 display rows were already filled by higher-priority candidates
course,9,noun,07556970-n,お皿・皿,お皿|皿,0,0,NO,,sense rank 0 used as a weak lower-is-better signal; tag count/freq 0 used as a weak higher-is-better signal; selected 2 representative lemma(s) from 2 lemma(s) in this synset; lemma choice is heuristic; raw Japanese WordNet lemmas are preserved; not selected because max 3 display rows were already filled by higher-priority candidates
course,10,verb,02066939-v,流れる,流れる,0,0,YES,2,sense rank 0 used as a weak lower-is-better signal; tag count/freq 0 used as a weak higher-is-better signal; selected 1 representative lemma(s) from 1 lemma(s) in this synset; lemma choice is heuristic; raw Japanese WordNet lemmas are preserved
course,11,adverb,00038625-r,論なく・論無く,もち|勿論|当然|無論|論なく|論無く,0,1,YES,3,sense rank 0 used as a weak lower-is-better signal; tag count/freq 1 used as a weak higher-is-better signal; selected 2 representative lemma(s) from 6 lemma(s) in this synset; lemma choice is heuristic; raw Japanese WordNet lemmas are preserved
increase,1,verb,00156601-v,益す・増える,増える|増さる|増加|増大|増殖|殖える|益す|繁殖,0,86,YES,1,sense rank 0 used as a weak lower-is-better signal; tag count/freq 86 used as a weak higher-is-better signal; selected 2 representative lemma(s) from 8 lemma(s) in this synset; lemma choice is heuristic; raw Japanese WordNet lemmas are preserved
increase,2,verb,00153263-v,増す・益す,加える|加増|増す|増やす|増加|増大|増益|大きくする|殖やす|益す,0,61,YES,3,sense rank 0 used as a weak lower-is-better signal; tag count/freq 61 used as a weak higher-is-better signal; selected 2 representative lemma(s) from 10 lemma(s) in this synset; lemma choice is heuristic; raw Japanese WordNet lemmas are preserved
increase,3,noun,13754293-n,加増・加算,加増|加算|増|増し|増分|増加|増加数|増大|追加,0,49,YES,2,sense rank 0 used as a weak lower-is-better signal; tag count/freq 49 used as a weak higher-is-better signal; selected 2 representative lemma(s) from 9 lemma(s) in this synset; lemma choice is heuristic; raw Japanese WordNet lemmas are preserved
increase,4,noun,07356676-n,上昇・加増,上昇|加増|増加|増量|増額|引き上げ|引き揚げ|引上|引上げ|引揚|引揚げ,0,21,NO,,sense rank 0 used as a weak lower-is-better signal; tag count/freq 21 used as a weak higher-is-better signal; selected 2 representative lemma(s) from 11 lemma(s) in this synset; lemma choice is heuristic; raw Japanese WordNet lemmas are preserved; not selected because max 3 display rows were already filled by higher-priority candidates
increase,5,noun,13497135-n,上昇・伸び,上昇|伸び|伸張|伸暢|伸長|加増|加重|増|増し|増加|増大|増嵩|増殖|増進|延び|拡張|累加|膨脹,0,7,NO,,sense rank 0 used as a weak lower-is-better signal; tag count/freq 7 used as a weak higher-is-better signal; selected 2 representative lemma(s) from 18 lemma(s) in this synset; lemma choice is heuristic; raw Japanese WordNet lemmas are preserved; not selected because max 3 display rows were already filled by higher-priority candidates
increase,6,noun,00363260-n,加増・増し,加|加増|増|増し|増やし|増加|増量|引き上げ|引き揚げ|引上|引上げ|引揚|引揚げ|累加,0,3,NO,,sense rank 0 used as a weak lower-is-better signal; tag count/freq 3 used as a weak higher-is-better signal; selected 2 representative lemma(s) from 14 lemma(s) in this synset; lemma choice is heuristic; raw Japanese WordNet lemmas are preserved; not selected because max 3 display rows were already filled by higher-priority candidates
increase,7,noun,05108947-n,伸び・加増,伸び|加増|増|増し|増分|増加|増加分|増大|増進|増量,0,3,NO,,sense rank 0 used as a weak lower-is-better signal; tag count/freq 3 used as a weak higher-is-better signal; selected 2 representative lemma(s) from 10 lemma(s) in this synset; lemma choice is heuristic; raw Japanese WordNet lemmas are preserved; not selected because max 3 display rows were already filled by higher-priority candidates
development,1,noun,00250259-n,発展させること,発展させること,0,52,YES,1,sense rank 0 used as a weak lower-is-better signal; tag count/freq 52 used as a weak higher-is-better signal; selected 1 representative lemma(s) from 1 lemma(s) in this synset; lemma choice is heuristic; raw Japanese WordNet lemmas are preserved
development,2,noun,13464820-n,展開・発展,エボリューション|エヴォリューション|展開|発展|発達|進化|進展|進歩,0,46,YES,2,sense rank 0 used as a weak lower-is-better signal; tag count/freq 46 used as a weak higher-is-better signal; selected 2 representative lemma(s) from 8 lemma(s) in this synset; lemma choice is heuristic; raw Japanese WordNet lemmas are preserved
development,3,noun,13489037-n,化生・増殖,個体発生|化生|増殖|成熟|成育|成長|生育|生長|発育|発達|育ち,0,11,YES,3,sense rank 0 used as a weak lower-is-better signal; tag count/freq 11 used as a weak higher-is-better signal; selected 2 representative lemma(s) from 11 lemma(s) in this synset; lemma choice is heuristic; raw Japanese WordNet lemmas are preserved
development,4,noun,00948206-n,開拓・開発,開拓|開発,0,7,NO,,sense rank 0 used as a weak lower-is-better signal; tag count/freq 7 used as a weak higher-is-better signal; selected 2 representative lemma(s) from 2 lemma(s) in this synset; lemma choice is heuristic; raw Japanese WordNet lemmas are preserved; not selected because max 3 display rows were already filled by higher-priority candidates
development,5,noun,08549070-n,造成地,造成地,0,6,NO,,sense rank 0 used as a weak lower-is-better signal; tag count/freq 6 used as a weak higher-is-better signal; selected 1 representative lemma(s) from 1 lemma(s) in this synset; lemma choice is heuristic; raw Japanese WordNet lemmas are preserved; not selected because max 3 display rows were already filled by higher-priority candidates
development,6,noun,14422871-n,駒の展開,駒の展開,0,4,NO,,sense rank 0 used as a weak lower-is-better signal; tag count/freq 4 used as a weak higher-is-better signal; selected 1 representative lemma(s) from 1 lemma(s) in this synset; lemma choice is heuristic; raw Japanese WordNet lemmas are preserved; not selected because max 3 display rows were already filled by higher-priority candidates
development,7,noun,13464557-n,啓発・展開,デベロップメント|啓発|展開|成長|現像|生育|発展|発育|発達|経過|進歩|開発|養成,0,0,NO,,sense rank 0 used as a weak lower-is-better signal; tag count/freq 0 used as a weak higher-is-better signal; selected 2 representative lemma(s) from 13 lemma(s) in this synset; lemma choice is heuristic; raw Japanese WordNet lemmas are preserved; not selected because max 3 display rows were already filled by higher-priority candidates
situation,1,noun,13927383-n,事態・具合,シチュエイション|シチュエーション|事態|具合|境遇|局勢|形勢|情勢|情態|情況|時局|景況|様子|様態|状勢|状態|状況|状相|相貌,0,66,YES,1,sense rank 0 used as a weak lower-is-better signal; tag count/freq 66 used as a weak higher-is-better signal; selected 2 representative lemma(s) from 19 lemma(s) in this synset; lemma choice is heuristic; raw Japanese WordNet lemmas are preserved
situation,2,noun,13925752-n,境遇・立場,シチュエイション|シチュエーション|シテュエーション|境遇|立場|身の上|身分,0,18,YES,2,sense rank 0 used as a weak lower-is-better signal; tag count/freq 18 used as a weak higher-is-better signal; selected 2 representative lemma(s) from 7 lemma(s) in this synset; lemma choice is heuristic; raw Japanese WordNet lemmas are preserved
situation,3,noun,00586262-n,位地・地位,ポジション|ポスト|位地|地位|役職|立場|身分,0,0,YES,3,sense rank 0 used as a weak lower-is-better signal; tag count/freq 0 used as a weak higher-is-better signal; selected 2 representative lemma(s) from 7 lemma(s) in this synset; lemma choice is heuristic; raw Japanese WordNet lemmas are preserved
situation,4,noun,14411243-n,状況,状況,0,0,NO,,sense rank 0 used as a weak lower-is-better signal; tag count/freq 0 used as a weak higher-is-better signal; selected 1 representative lemma(s) from 1 lemma(s) in this synset; lemma choice is heuristic; raw Japanese WordNet lemmas are preserved; not selected because max 3 display rows were already filled by higher-priority candidates
charge,1,noun,00974762-n,突撃・突貫,突っ込み|突撃|突貫|突進,0,16,YES,1,sense rank 0 used as a weak lower-is-better signal; tag count/freq 16 used as a weak higher-is-better signal; selected 2 representative lemma(s) from 4 lemma(s) in this synset; lemma choice is heuristic; raw Japanese WordNet lemmas are preserved
charge,2,noun,06561942-n,告発・告訴,告発|告訴,0,13,YES,3,sense rank 0 used as a weak lower-is-better signal; tag count/freq 13 used as a weak higher-is-better signal; selected 2 representative lemma(s) from 2 lemma(s) in this synset; lemma choice is heuristic; raw Japanese WordNet lemmas are preserved
charge,3,verb,01121719-v,突撃・突貫,突撃|突貫|突進|襲撃|進撃,0,16,YES,2,sense rank 0 used as a weak lower-is-better signal; tag count/freq 16 used as a weak higher-is-better signal; selected 2 representative lemma(s) from 5 lemma(s) in this synset; lemma choice is heuristic; raw Japanese WordNet lemmas are preserved
charge,4,noun,13306870-n,代価・代金,チャージ|プライス|代|代価|代金|価|価格|値|値段|料|料金|課金,0,4,NO,,sense rank 0 used as a weak lower-is-better signal; tag count/freq 4 used as a weak higher-is-better signal; selected 2 representative lemma(s) from 12 lemma(s) in this synset; lemma choice is heuristic; raw Japanese WordNet lemmas are preserved; not selected because max 3 display rows were already filled by higher-priority candidates
charge,5,verb,00843468-v,責める・難じる,指弾|責める|難じる,0,10,NO,,sense rank 0 used as a weak lower-is-better signal; tag count/freq 10 used as a weak higher-is-better signal; selected 2 representative lemma(s) from 3 lemma(s) in this synset; lemma choice is heuristic; raw Japanese WordNet lemmas are preserved; not selected because max 3 display rows were already filled by higher-priority candidates
charge,6,noun,11435028-n,荷電・電荷,荷電|電荷,0,3,NO,,sense rank 0 used as a weak lower-is-better signal; tag count/freq 3 used as a weak higher-is-better signal; selected 2 representative lemma(s) from 2 lemma(s) in this synset; lemma choice is heuristic; raw Japanese WordNet lemmas are preserved; not selected because max 3 display rows were already filled by higher-priority candidates
charge,7,noun,00731222-n,特務,特務,0,2,NO,,sense rank 0 used as a weak lower-is-better signal; tag count/freq 2 used as a weak higher-is-better signal; selected 1 representative lemma(s) from 1 lemma(s) in this synset; lemma choice is heuristic; raw Japanese WordNet lemmas are preserved; not selected because max 3 display rows were already filled by higher-priority candidates
charge,8,noun,00829378-n,後見,後見,0,2,NO,,sense rank 0 used as a weak lower-is-better signal; tag count/freq 2 used as a weak higher-is-better signal; selected 1 representative lemma(s) from 1 lemma(s) in this synset; lemma choice is heuristic; raw Japanese WordNet lemmas are preserved; not selected because max 3 display rows were already filled by higher-priority candidates
charge,9,noun,03008275-n,代価・容疑,チャージ|代価|受け持ち|受持ち|容疑|突貫|装填|負担,0,0,NO,,sense rank 0 used as a weak lower-is-better signal; tag count/freq 0 used as a weak higher-is-better signal; selected 2 representative lemma(s) from 8 lemma(s) in this synset; lemma choice is heuristic; raw Japanese WordNet lemmas are preserved; not selected because max 3 display rows were already filled by higher-priority candidates
charge,10,noun,06730780-n,告発,告発,0,0,NO,,sense rank 0 used as a weak lower-is-better signal; tag count/freq 0 used as a weak higher-is-better signal; selected 1 representative lemma(s) from 1 lemma(s) in this synset; lemma choice is heuristic; raw Japanese WordNet lemmas are preserved; not selected because max 3 display rows were already filled by higher-priority candidates
charge,11,noun,07169480-n,上前・作為,コミッション|上前|作為|取り次ぎ|取次|周旋料|命|命令|職権,0,0,NO,,sense rank 0 used as a weak lower-is-better signal; tag count/freq 0 used as a weak higher-is-better signal; selected 2 representative lemma(s) from 9 lemma(s) in this synset; lemma choice is heuristic; raw Japanese WordNet lemmas are preserved; not selected because max 3 display rows were already filled by higher-priority candidates
charge,12,noun,07190941-n,請求・清算書,清算書|請求|請求書,0,0,NO,,sense rank 0 used as a weak lower-is-better signal; tag count/freq 0 used as a weak higher-is-better signal; selected 2 representative lemma(s) from 3 lemma(s) in this synset; lemma choice is heuristic; raw Japanese WordNet lemmas are preserved; not selected because max 3 display rows were already filled by higher-priority candidates
charge,13,noun,07528470-n,快哉・快感,あわただしさ|スリル|快哉|快感|活気|興奮,0,0,NO,,sense rank 0 used as a weak lower-is-better signal; tag count/freq 0 used as a weak higher-is-better signal; selected 2 representative lemma(s) from 6 lemma(s) in this synset; lemma choice is heuristic; raw Japanese WordNet lemmas are preserved; not selected because max 3 display rows were already filled by higher-priority candidates
charge,14,noun,09185612-n,充電・荷電,充電|荷電,0,0,NO,,sense rank 0 used as a weak lower-is-better signal; tag count/freq 0 used as a weak higher-is-better signal; selected 2 representative lemma(s) from 2 lemma(s) in this synset; lemma choice is heuristic; raw Japanese WordNet lemmas are preserved; not selected because max 3 display rows were already filled by higher-priority candidates
charge,15,noun,13400798-n,代価・容疑,チャージ|代価|受け持ち|受持ち|容疑|突貫|負担,0,0,NO,,sense rank 0 used as a weak lower-is-better signal; tag count/freq 0 used as a weak higher-is-better signal; selected 2 representative lemma(s) from 7 lemma(s) in this synset; lemma choice is heuristic; raw Japanese WordNet lemmas are preserved; not selected because max 3 display rows were already filled by higher-priority candidates
charge,16,verb,02475922-v,任じる・任ずる,仰せつける|仰せ付ける|任じる|任ずる|任命|叙任|命じる|命ずる|嘱託|委任|封ずる|就ける|属託|指名|言いつける|言い付ける|言付ける|託する|選任,0,4,NO,,sense rank 0 used as a weak lower-is-better signal; tag count/freq 4 used as a weak higher-is-better signal; selected 2 representative lemma(s) from 19 lemma(s) in this synset; lemma choice is heuristic; raw Japanese WordNet lemmas are preserved; not selected because max 3 display rows were already filled by higher-priority candidates
charge,17,verb,02320374-v,請求・チャージ,チャージ|請求,0,7,NO,,sense rank 0 used as a weak lower-is-better signal; tag count/freq 7 used as a weak higher-is-better signal; selected 2 representative lemma(s) from 2 lemma(s) in this synset; lemma choice is heuristic; raw Japanese WordNet lemmas are preserved; not selected because max 3 display rows were already filled by higher-priority candidates
charge,18,verb,00843959-v,問う・突く,告発|問う|攻撃|突く|責める|難じる,0,3,NO,,sense rank 0 used as a weak lower-is-better signal; tag count/freq 3 used as a weak higher-is-better signal; selected 2 representative lemma(s) from 6 lemma(s) in this synset; lemma choice is heuristic; raw Japanese WordNet lemmas are preserved; not selected because max 3 display rows were already filled by higher-priority candidates
charge,19,verb,02055267-v,突撃・突貫,突撃|突貫|突進,0,6,NO,,sense rank 0 used as a weak lower-is-better signal; tag count/freq 6 used as a weak higher-is-better signal; selected 2 representative lemma(s) from 3 lemma(s) in this synset; lemma choice is heuristic; raw Japanese WordNet lemmas are preserved; not selected because a selected synset already has the same display lemmas
charge,20,verb,01488956-v,被せる・申し受ける,充電|申し受ける|被せる,0,2,NO,,sense rank 0 used as a weak lower-is-better signal; tag count/freq 2 used as a weak higher-is-better signal; selected 2 representative lemma(s) from 3 lemma(s) in this synset; lemma choice is heuristic; raw Japanese WordNet lemmas are preserved; not selected because max 3 display rows were already filled by higher-priority candidates
charge,21,verb,00727991-v,被せる,被せる,0,0,NO,,sense rank 0 used as a weak lower-is-better signal; tag count/freq 0 used as a weak higher-is-better signal; selected 1 representative lemma(s) from 1 lemma(s) in this synset; lemma choice is heuristic; raw Japanese WordNet lemmas are preserved; not selected because max 3 display rows were already filled by higher-priority candidates
charge,22,verb,00750532-v,負わせる・担当させる,嘱託|委任|属託|担当させる|託する|負わせる,0,0,NO,,sense rank 0 used as a weak lower-is-better signal; tag count/freq 0 used as a weak higher-is-better signal; selected 2 representative lemma(s) from 6 lemma(s) in this synset; lemma choice is heuristic; raw Japanese WordNet lemmas are preserved; not selected because max 3 display rows were already filled by higher-priority candidates
charge,23,verb,01152214-v,向ける・差し付ける,向ける|差し付ける,0,0,NO,,sense rank 0 used as a weak lower-is-better signal; tag count/freq 0 used as a weak higher-is-better signal; selected 2 representative lemma(s) from 2 lemma(s) in this synset; lemma choice is heuristic; raw Japanese WordNet lemmas are preserved; not selected because max 3 display rows were already filled by higher-priority candidates
charge,24,verb,01490336-v,積む・被せる,充電|搭載|申し受ける|積む|被せる|載積,0,0,NO,,sense rank 0 used as a weak lower-is-better signal; tag count/freq 0 used as a weak higher-is-better signal; selected 2 representative lemma(s) from 6 lemma(s) in this synset; lemma choice is heuristic; raw Japanese WordNet lemmas are preserved; not selected because max 3 display rows were already filled by higher-priority candidates
charge,25,verb,01685960-v,被せる・申し受ける,充電|申し受ける|被せる,0,0,NO,,sense rank 0 used as a weak lower-is-better signal; tag count/freq 0 used as a weak higher-is-better signal; selected 2 representative lemma(s) from 3 lemma(s) in this synset; lemma choice is heuristic; raw Japanese WordNet lemmas are preserved; not selected because max 3 display rows were already filled by higher-priority candidates
charge,26,verb,02347637-v,預ける,預ける,0,0,NO,,sense rank 0 used as a weak lower-is-better signal; tag count/freq 0 used as a weak higher-is-better signal; selected 1 representative lemma(s) from 1 lemma(s) in this synset; lemma choice is heuristic; raw Japanese WordNet lemmas are preserved; not selected because max 3 display rows were already filled by higher-priority candidates
charge,27,verb,02348568-v,送る・入れる,入れる|送る|送込む,0,0,NO,,sense rank 0 used as a weak lower-is-better signal; tag count/freq 0 used as a weak higher-is-better signal; selected 2 representative lemma(s) from 3 lemma(s) in this synset; lemma choice is heuristic; raw Japanese WordNet lemmas are preserved; not selected because max 3 display rows were already filled by higher-priority candidates
charge,28,verb,00869931-v,告発・訴追,告発|訴追,0,3,NO,,sense rank 0 used as a weak lower-is-better signal; tag count/freq 3 used as a weak higher-is-better signal; selected 2 representative lemma(s) from 2 lemma(s) in this synset; lemma choice is heuristic; raw Japanese WordNet lemmas are preserved; not selected because max 3 display rows were already filled by higher-priority candidates
charge,29,verb,02321046-v,請求,請求,0,1,NO,,sense rank 0 used as a weak lower-is-better signal; tag count/freq 1 used as a weak higher-is-better signal; selected 1 representative lemma(s) from 1 lemma(s) in this synset; lemma choice is heuristic; raw Japanese WordNet lemmas are preserved; not selected because max 3 display rows were already filled by higher-priority candidates
charge,30,verb,00517847-v,充電・チャージ,チャージ|充電,0,0,NO,,sense rank 0 used as a weak lower-is-better signal; tag count/freq 0 used as a weak higher-is-better signal; selected 2 representative lemma(s) from 2 lemma(s) in this synset; lemma choice is heuristic; raw Japanese WordNet lemmas are preserved; not selected because max 3 display rows were already filled by higher-priority candidates
charge,31,verb,00518115-v,充電,充電,0,0,NO,,sense rank 0 used as a weak lower-is-better signal; tag count/freq 0 used as a weak higher-is-better signal; selected 1 representative lemma(s) from 1 lemma(s) in this synset; lemma choice is heuristic; raw Japanese WordNet lemmas are preserved; not selected because max 3 display rows were already filled by higher-priority candidates
charge,32,verb,00700517-v,請求,請求,0,0,NO,,sense rank 0 used as a weak lower-is-better signal; tag count/freq 0 used as a weak higher-is-better signal; selected 1 representative lemma(s) from 1 lemma(s) in this synset; lemma choice is heuristic; raw Japanese WordNet lemmas are preserved; not selected because max 3 display rows were already filled by higher-priority candidates
charge,33,verb,01762528-v,刺激,刺激,0,0,NO,,sense rank 0 used as a weak lower-is-better signal; tag count/freq 0 used as a weak higher-is-better signal; selected 1 representative lemma(s) from 1 lemma(s) in this synset; lemma choice is heuristic; raw Japanese WordNet lemmas are preserved; not selected because max 3 display rows were already filled by higher-priority candidates
