word,beforePrimaryCandidates,afterPrimaryCandidates
mister,"[{""pos"":""noun"",""definition"":""-氏"",""sourceSynsets"":[""06341340-n""]}]","[{""pos"":""noun"",""definitions"":[""-氏""],""synset"":""06341340-n"",""rankReason"":""sense rank 0 used as a weak lower-is-better signal; tag count/freq 2 used as a weak higher-is-better signal; selected 1 representative lemma(s) from 1 lemma(s) in this synset; lemma choice is heuristic; raw Japanese WordNet lemmas are preserved"",""primaryRank"":1}]"
correctly,"[{""pos"":""adverb"",""definition"":""しゃんと・ちょうど・将に"",""sourceSynsets"":[""00203922-r""]}]","[{""pos"":""adverb"",""definitions"":[""正しく"",""正確""],""synset"":""00203922-r"",""rankReason"":""sense rank 0 used as a weak lower-is-better signal; tag count/freq 6 used as a weak higher-is-better signal; selected 2 representative lemma(s) from 6 lemma(s) in this synset; lemma choice is heuristic; raw Japanese WordNet lemmas are preserved"",""primaryRank"":1}]"
keyboard,"[{""pos"":""noun"",""definition"":""キーボード・鍵盤"",""sourceSynsets"":[""03613873-n""]},{""pos"":""noun"",""definition"":""キーボード・鍵盤"",""sourceSynsets"":[""03614007-n""]}]","[{""pos"":""noun"",""definitions"":[""鍵盤"",""キーボード""],""synset"":""03614007-n"",""rankReason"":""sense rank 0 used as a weak lower-is-better signal; tag count/freq 2 used as a weak higher-is-better signal; selected 2 representative lemma(s) from 2 lemma(s) in this synset; lemma choice is heuristic; raw Japanese WordNet lemmas are preserved"",""primaryRank"":1}]"
inspection,"[{""pos"":""noun"",""definition"":""ご覧・インスペクション・参観"",""sourceSynsets"":[""00879271-n""]}]","[{""pos"":""noun"",""definitions"":[""審査"",""検査""],""synset"":""00879271-n"",""rankReason"":""sense rank 0 used as a weak lower-is-better signal; tag count/freq 10 used as a weak higher-is-better signal; selected 2 representative lemma(s) from 18 lemma(s) in this synset; lemma choice is heuristic; raw Japanese WordNet lemmas are preserved"",""primaryRank"":1}]"
advisor,"[{""pos"":""noun"",""definition"":""アドバイザー・アドヴァイザー・カウンセラー"",""sourceSynsets"":[""09774266-n""]}]","[{""pos"":""noun"",""definitions"":[""顧問"",""相談役""],""synset"":""09774266-n"",""rankReason"":""sense rank 0 used as a weak lower-is-better signal; tag count/freq 1 used as a weak higher-is-better signal; selected 2 representative lemma(s) from 12 lemma(s) in this synset; lemma choice is heuristic; raw Japanese WordNet lemmas are preserved"",""primaryRank"":1}]"
quit,"[{""pos"":""verb"",""definition"":""ギブアップ・万歳・参る"",""sourceSynsets"":[""01083044-v""]},{""pos"":""verb"",""definition"":""去る・引き上げる・引き下がる"",""sourceSynsets"":[""02008396-v""]},{""pos"":""verb"",""definition"":""捨てる・断つ・絶つ"",""sourceSynsets"":[""02227487-v""]}]","[{""pos"":""verb"",""definitions"":[""止める"",""廃す""],""synset"":""02680814-v"",""rankReason"":""sense rank 0 used as a weak lower-is-better signal; tag count/freq 13 used as a weak higher-is-better signal; selected 2 representative lemma(s) from 27 lemma(s) in this synset; lemma choice is heuristic; raw Japanese WordNet lemmas are preserved"",""primaryRank"":1},{""pos"":""verb"",""definitions"":[""去る"",""離れる""],""synset"":""02008396-v"",""rankReason"":""sense rank 0 used as a weak lower-is-better signal; tag count/freq 1 used as a weak higher-is-better signal; selected 2 representative lemma(s) from 18 lemma(s) in this synset; lemma choice is heuristic; raw Japanese WordNet lemmas are preserved"",""primaryRank"":2},{""pos"":""verb"",""definitions"":[""辞める"",""辞す""],""synset"":""02382367-v"",""rankReason"":""sense rank 0 used as a weak lower-is-better signal; tag count/freq 1 used as a weak higher-is-better signal; selected 2 representative lemma(s) from 10 lemma(s) in this synset; lemma choice is heuristic; raw Japanese WordNet lemmas are preserved"",""primaryRank"":3}]"
lounge,"[{""pos"":""noun"",""definition"":""ウェイティングルーム・ウエイティングルーム・ウエーティングルーム"",""sourceSynsets"":[""03691817-n""]},{""pos"":""noun"",""definition"":""カウチ・ソファ・ソファー"",""sourceSynsets"":[""04256520-n""]},{""pos"":""verb"",""definition"":""うろうろ・うろつく・ごろつく"",""sourceSynsets"":[""02639075-v""]}]","[{""pos"":""noun"",""definitions"":[""待合室"",""待ち合い室""],""synset"":""03691817-n"",""rankReason"":""sense rank 0 used as a weak lower-is-better signal; tag count/freq 0 used as a weak higher-is-better signal; selected 2 representative lemma(s) from 8 lemma(s) in this synset; lemma choice is heuristic; raw Japanese WordNet lemmas are preserved"",""primaryRank"":1},{""pos"":""verb"",""definitions"":[""うろつく"",""ぶらつく""],""synset"":""02639075-v"",""rankReason"":""sense rank 0 used as a weak lower-is-better signal; tag count/freq 0 used as a weak higher-is-better signal; selected 2 representative lemma(s) from 14 lemma(s) in this synset; lemma choice is heuristic; raw Japanese WordNet lemmas are preserved"",""primaryRank"":2},{""pos"":""noun"",""definitions"":[""ソファ"",""寝いす""],""synset"":""04256520-n"",""rankReason"":""sense rank 0 used as a weak lower-is-better signal; tag count/freq 0 used as a weak higher-is-better signal; selected 2 representative lemma(s) from 7 lemma(s) in this synset; lemma choice is heuristic; raw Japanese WordNet lemmas are preserved"",""primaryRank"":3}]"
expertise,"[{""pos"":""noun"",""definition"":""熟練さ・熟練していること"",""sourceSynsets"":[""05640729-n""]}]","[{""pos"":""noun"",""definitions"":[""熟練さ"",""熟練していること""],""synset"":""05640729-n"",""rankReason"":""sense rank 0 used as a weak lower-is-better signal; tag count/freq 2 used as a weak higher-is-better signal; selected 2 representative lemma(s) from 2 lemma(s) in this synset; lemma choice is heuristic; raw Japanese WordNet lemmas are preserved"",""primaryRank"":1}]"
garment,"[{""pos"":""noun"",""definition"":""お召し物・御召し物"",""sourceSynsets"":[""03419014-n""]},{""pos"":""verb"",""definition"":""衣服を着せる"",""sourceSynsets"":[""00047945-v""]}]","[{""pos"":""noun"",""definitions"":[""お召し物"",""御召し物""],""synset"":""03419014-n"",""rankReason"":""sense rank 0 used as a weak lower-is-better signal; tag count/freq 4 used as a weak higher-is-better signal; selected 2 representative lemma(s) from 2 lemma(s) in this synset; lemma choice is heuristic; raw Japanese WordNet lemmas are preserved"",""primaryRank"":1},{""pos"":""verb"",""definitions"":[""衣服を着せる""],""synset"":""00047945-v"",""rankReason"":""sense rank 0 used as a weak lower-is-better signal; tag count/freq 0 used as a weak higher-is-better signal; selected 1 representative lemma(s) from 1 lemma(s) in this synset; lemma choice is heuristic; raw Japanese WordNet lemmas are preserved"",""primaryRank"":2}]"
spacious,"[{""pos"":""adjective"",""definition"":""広々とした・広い・広やか"",""sourceSynsets"":[""00476249-a""]},{""pos"":""adjective"",""definition"":""ワイド・宏闊・広い"",""sourceSynsets"":[""01384212-a""]}]","[{""pos"":""adjective"",""definitions"":[""広い"",""手広い""],""synset"":""01384212-a"",""rankReason"":""sense rank 0 used as a weak lower-is-better signal; tag count/freq 2 used as a weak higher-is-better signal; selected 2 representative lemma(s) from 18 lemma(s) in this synset; lemma choice is heuristic; raw Japanese WordNet lemmas are preserved"",""primaryRank"":1}]"
durable,"[{""pos"":""adjective"",""definition"":""丈夫・永続的"",""sourceSynsets"":[""01439496-a""]},{""pos"":""adjective"",""definition"":""長持ちする"",""sourceSynsets"":[""02124096-a""]}]","[{""pos"":""adjective"",""definitions"":[""丈夫"",""永続的""],""synset"":""01439496-a"",""rankReason"":""sense rank 0 used as a weak lower-is-better signal; tag count/freq 1 used as a weak higher-is-better signal; selected 2 representative lemma(s) from 2 lemma(s) in this synset; lemma choice is heuristic; raw Japanese WordNet lemmas are preserved"",""primaryRank"":1},{""pos"":""adjective"",""definitions"":[""長持ちする""],""synset"":""02124096-a"",""rankReason"":""sense rank 0 used as a weak lower-is-better signal; tag count/freq 0 used as a weak higher-is-better signal; selected 1 representative lemma(s) from 1 lemma(s) in this synset; lemma choice is heuristic; raw Japanese WordNet lemmas are preserved"",""primaryRank"":2}]"
purse,"[{""pos"":""noun"",""definition"":""がま口・パース・蝦蟇口"",""sourceSynsets"":[""04026417-n""]},{""pos"":""noun"",""definition"":""ハンドバック・ハンドバッグ"",""sourceSynsets"":[""02774152-n""]},{""pos"":""noun"",""definition"":""財布"",""sourceSynsets"":[""13413294-n""]}]","[{""pos"":""noun"",""definitions"":[""ハンドバッグ"",""ハンドバック""],""synset"":""02774152-n"",""rankReason"":""sense rank 0 used as a weak lower-is-better signal; tag count/freq 5 used as a weak higher-is-better signal; selected 2 representative lemma(s) from 2 lemma(s) in this synset; lemma choice is heuristic; raw Japanese WordNet lemmas are preserved"",""primaryRank"":1},{""pos"":""verb"",""definitions"":[""口をすぼめる""],""synset"":""00145902-v"",""rankReason"":""sense rank 0 used as a weak lower-is-better signal; tag count/freq 2 used as a weak higher-is-better signal; selected 1 representative lemma(s) from 1 lemma(s) in this synset; lemma choice is heuristic; raw Japanese WordNet lemmas are preserved"",""primaryRank"":2},{""pos"":""noun"",""definitions"":[""財布"",""金入""],""synset"":""04026417-n"",""rankReason"":""sense rank 0 used as a weak lower-is-better signal; tag count/freq 1 used as a weak higher-is-better signal; selected 2 representative lemma(s) from 10 lemma(s) in this synset; lemma choice is heuristic; raw Japanese WordNet lemmas are preserved"",""primaryRank"":3}]"
planner,"[{""pos"":""noun"",""definition"":""プランナー・立案者・計画者"",""sourceSynsets"":[""10438172-n""]}]","[{""pos"":""noun"",""definitions"":[""立案者"",""計画者""],""synset"":""10438172-n"",""rankReason"":""sense rank 0 used as a weak lower-is-better signal; tag count/freq 4 used as a weak higher-is-better signal; selected 2 representative lemma(s) from 3 lemma(s) in this synset; lemma choice is heuristic; raw Japanese WordNet lemmas are preserved"",""primaryRank"":1}]"
facilitate,"[{""pos"":""verb"",""definition"":""和らげる・楽にする・緩和"",""sourceSynsets"":[""00518395-v""]},{""pos"":""verb"",""definition"":""助ける・役だつ・役立つ"",""sourceSynsets"":[""02735897-v""]}]","[{""pos"":""verb"",""definitions"":[""和らげる"",""楽にする""],""synset"":""00518395-v"",""rankReason"":""sense rank 0 used as a weak lower-is-better signal; tag count/freq 5 used as a weak higher-is-better signal; selected 2 representative lemma(s) from 4 lemma(s) in this synset; lemma choice is heuristic; raw Japanese WordNet lemmas are preserved"",""primaryRank"":1},{""pos"":""verb"",""definitions"":[""助ける"",""役立つ""],""synset"":""02735897-v"",""rankReason"":""sense rank 0 used as a weak lower-is-better signal; tag count/freq 0 used as a weak higher-is-better signal; selected 2 representative lemma(s) from 9 lemma(s) in this synset; lemma choice is heuristic; raw Japanese WordNet lemmas are preserved"",""primaryRank"":2}]"
satisfactory,"[{""pos"":""adjective"",""definition"":""充分・十分・満足"",""sourceSynsets"":[""01124768-a""]},{""pos"":""adjective"",""definition"":""優良・充分・十分"",""sourceSynsets"":[""02080577-a""]}]","[{""pos"":""adjective"",""definitions"":[""良い"",""宜しい""],""synset"":""02080577-a"",""rankReason"":""sense rank 0 used as a weak lower-is-better signal; tag count/freq 14 used as a weak higher-is-better signal; selected 2 representative lemma(s) from 9 lemma(s) in this synset; lemma choice is heuristic; raw Japanese WordNet lemmas are preserved"",""primaryRank"":1},{""pos"":""adjective"",""definitions"":[""充分"",""十分""],""synset"":""01124768-a"",""rankReason"":""sense rank 0 used as a weak lower-is-better signal; tag count/freq 7 used as a weak higher-is-better signal; selected 2 representative lemma(s) from 3 lemma(s) in this synset; lemma choice is heuristic; raw Japanese WordNet lemmas are preserved"",""primaryRank"":2}]"
authorization,"[{""pos"":""noun"",""definition"":""オーソライズ・免許・公認"",""sourceSynsets"":[""01138670-n""]},{""pos"":""noun"",""definition"":""お墨付き・オーソライズ・免許"",""sourceSynsets"":[""05176607-n""]},{""pos"":""noun"",""definition"":""委任・権・権力"",""sourceSynsets"":[""05196582-n""]}]","[{""pos"":""noun"",""definitions"":[""承認"",""許可""],""synset"":""06556481-n"",""rankReason"":""sense rank 0 used as a weak lower-is-better signal; tag count/freq 5 used as a weak higher-is-better signal; selected 2 representative lemma(s) from 13 lemma(s) in this synset; lemma choice is heuristic; raw Japanese WordNet lemmas are preserved"",""primaryRank"":1},{""pos"":""noun"",""definitions"":[""認可"",""免許""],""synset"":""01138670-n"",""rankReason"":""sense rank 0 used as a weak lower-is-better signal; tag count/freq 0 used as a weak higher-is-better signal; selected 2 representative lemma(s) from 5 lemma(s) in this synset; lemma choice is heuristic; raw Japanese WordNet lemmas are preserved"",""primaryRank"":2},{""pos"":""noun"",""definitions"":[""委任"",""権力""],""synset"":""05196582-n"",""rankReason"":""sense rank 0 used as a weak lower-is-better signal; tag count/freq 0 used as a weak higher-is-better signal; selected 2 representative lemma(s) from 6 lemma(s) in this synset; lemma choice is heuristic; raw Japanese WordNet lemmas are preserved"",""primaryRank"":3}]"
compile,"[{""pos"":""verb"",""definition"":""まとめ上げる・大成・撰する"",""sourceSynsets"":[""01626138-v""]},{""pos"":""verb"",""definition"":""ため込む・コレクト・収集"",""sourceSynsets"":[""02304982-v""]}]","[{""pos"":""verb"",""definitions"":[""編む"",""組み上げる""],""synset"":""01626138-v"",""rankReason"":""sense rank 0 used as a weak lower-is-better signal; tag count/freq 3 used as a weak higher-is-better signal; selected 2 representative lemma(s) from 16 lemma(s) in this synset; lemma choice is heuristic; raw Japanese WordNet lemmas are preserved"",""primaryRank"":1},{""pos"":""verb"",""definitions"":[""纏める"",""集める""],""synset"":""02304982-v"",""rankReason"":""sense rank 0 used as a weak lower-is-better signal; tag count/freq 3 used as a weak higher-is-better signal; selected 2 representative lemma(s) from 19 lemma(s) in this synset; lemma choice is heuristic; raw Japanese WordNet lemmas are preserved"",""primaryRank"":2}]"
correction,"[{""pos"":""noun"",""definition"":""修正・修繕・修訂"",""sourceSynsets"":[""00258854-n""]},{""pos"":""noun"",""definition"":""懲らしめ・懲戒・懲罰"",""sourceSynsets"":[""01161821-n""]},{""pos"":""noun"",""definition"":""懲らしめ・折檻"",""sourceSynsets"":[""06714288-n""]}]","[{""pos"":""noun"",""definitions"":[""修正"",""訂正""],""synset"":""00258854-n"",""rankReason"":""sense rank 0 used as a weak lower-is-better signal; tag count/freq 2 used as a weak higher-is-better signal; selected 2 representative lemma(s) from 24 lemma(s) in this synset; lemma choice is heuristic; raw Japanese WordNet lemmas are preserved"",""primaryRank"":1},{""pos"":""noun"",""definitions"":[""訂正""],""synset"":""06428537-n"",""rankReason"":""sense rank 0 used as a weak lower-is-better signal; tag count/freq 1 used as a weak higher-is-better signal; selected 1 representative lemma(s) from 1 lemma(s) in this synset; lemma choice is heuristic; raw Japanese WordNet lemmas are preserved"",""primaryRank"":2},{""pos"":""noun"",""definitions"":[""補正""],""synset"":""13755957-n"",""rankReason"":""sense rank 0 used as a weak lower-is-better signal; tag count/freq 1 used as a weak higher-is-better signal; selected 1 representative lemma(s) from 1 lemma(s) in this synset; lemma choice is heuristic; raw Japanese WordNet lemmas are preserved"",""primaryRank"":3}]"
compatible,"[{""pos"":""adjective"",""definition"":""コンパチ・コンパチブル・互換の"",""sourceSynsets"":[""00509039-a""]}]","[{""pos"":""adjective"",""definitions"":[""互換的"",""互換の""],""synset"":""00509039-a"",""rankReason"":""sense rank 0 used as a weak lower-is-better signal; tag count/freq 1 used as a weak higher-is-better signal; selected 2 representative lemma(s) from 8 lemma(s) in this synset; lemma choice is heuristic; raw Japanese WordNet lemmas are preserved"",""primaryRank"":1}]"
bye,"[{""pos"":""noun"",""definition"":""おさらば・オールボアール・左様なら"",""sourceSynsets"":[""06629610-n""]},{""pos"":""noun"",""definition"":""パス"",""sourceSynsets"":[""07176499-n""]}]","[{""pos"":""noun"",""definitions"":[""左様なら"",""おさらば""],""synset"":""06629610-n"",""rankReason"":""sense rank 0 used as a weak lower-is-better signal; tag count/freq 0 used as a weak higher-is-better signal; selected 2 representative lemma(s) from 3 lemma(s) in this synset; lemma choice is heuristic; raw Japanese WordNet lemmas are preserved"",""primaryRank"":1},{""pos"":""noun"",""definitions"":[""パス""],""synset"":""07176499-n"",""rankReason"":""sense rank 0 used as a weak lower-is-better signal; tag count/freq 0 used as a weak higher-is-better signal; selected 1 representative lemma(s) from 1 lemma(s) in this synset; lemma choice is heuristic; raw Japanese WordNet lemmas are preserved"",""primaryRank"":2}]"
